channel,b_ref_x,b_ref_y,b_ref_z,magnitude
1,0.194062,13.270273,-0.34768,13.276245
2,-14.045894,-0.115834,0.484175,14.054714
3,-0.006901,0.380408,14.927272,14.93212
