Channel,1V_pre,1V_post,2V_pre,2V_post,3V_pre,3V_post,4V_pre,4V_post,5V_pre,5V_post
manual_x,0.149272,0.017717,0.258473,0.031775,0.392584,0.046418,0.499511,0.061560,0.633462,0.119269
manual_y,0.148937,0.019542,0.257761,0.038313,0.388508,0.056113,0.487801,0.067094,0.600746,0.137781
manual_z,0.135925,0.028621,0.243820,0.055068,0.379554,0.062883,0.521264,0.072638,0.670612,0.080178
