Channel,1V_pre,1V_post,2V_pre,2V_post,3V_pre,3V_post,4V_pre,4V_post,5V_pre,5V_post
manual_x,0.149272,0.017785,0.258473,0.031780,0.392584,0.046477,0.499511,0.061467,0.633462,0.119288
manual_y,0.148937,0.019571,0.257761,0.038339,0.388508,0.056196,0.487801,0.067060,0.600746,0.137952
manual_z,0.135925,0.028740,0.243820,0.055060,0.379554,0.062491,0.521264,0.073481,0.670612,0.080025
