{
  "1": {
    "D_i": [
      [
        0.981689570191132,
        -0.024051833438672364,
        0.0019363018832024188
      ],
      [
        0.02722319856860313,
        0.9731060186487422,
        -0.019526621202626056
      ],
      [
        -0.0003563092693497933,
        -7.786788895484086e-05,
        0.9883121609153038
      ]
    ],
    "e_i": [
      -0.013414292566569685,
      0.04977789284934713,
      -0.027595196687860275
    ]
  },
  "2": {
    "D_i": [
      [
        1.0047646276072615,
        -0.036828750979657945,
        -0.003968948367398972
      ],
      [
        0.03996720647772402,
        0.9888098908068755,
        -0.015050567959554645
      ],
      [
        0.0004416178616328116,
        -0.0038733664572526867,
        1.0021833941035552
      ]
    ],
    "e_i": [
      -0.040147001707006635,
      0.03437681061826161,
      -0.005049392000873478
    ]
  },
  "3": {
    "D_i": [
      [
        1.0014182693243192,
        -0.02393798729311542,
        -0.01160467058895704
      ],
      [
        0.02415209514293572,
        0.995827877198819,
        -0.030838714215982693
      ],
      [
        -0.0008567768013103289,
        0.0077903523373526965,
        0.9996879533196538
      ]
    ],
    "e_i": [
      -0.010890656440765267,
      0.05719810636002561,
      0.028974213021986512
    ]
  },
  "4": {
    "D_i": [
      [
        1.014547434397756,
        0.005529247296751936,
        0.015352275276017067
      ],
      [
        -0.0005868136461397817,
        1.003933591376538,
        -0.03118588654498363
      ],
      [
        -0.012147009111975918,
        0.009612944234288455,
        1.0073052317056879
      ]
    ],
    "e_i": [
      -0.01567438665856006,
      -0.02856549626367363,
      0.1339657008819073
    ]
  },
  "5": {
    "D_i": [
      [
        0.9953408346106185,
        0.005025944116792024,
        0.010391780483097999
      ],
      [
        -0.00803225694373064,
        0.9833542738669417,
        -0.01018804688513212
      ],
      [
        -0.012576500084669982,
        -0.010403052238783721,
        0.9877977193302597
      ]
    ],
    "e_i": [
      -0.006352914537147404,
      -0.0181174521017618,
      0.043584614524612965
    ]
  },
  "6": {
    "D_i": [
      [
        1.0078078016579395,
        0.02301797150426741,
        -0.010351020524614148
      ],
      [
        -0.02605601556244156,
        0.9989669814333002,
        -0.012776553872585694
      ],
      [
        -0.002427947543274238,
        -0.006873629966505432,
        0.999390778435201
      ]
    ],
    "e_i": [
      -0.0509602134698311,
      -0.014693093168372282,
      -0.026815822922206096
    ]
  },
  "7": {
    "D_i": [
      [
        1.0167266906041756,
        0.004320473446565425,
        -0.0008974419709307756
      ],
      [
        -0.00265092724660744,
        1.002694784383542,
        0.03337958375709074
      ],
      [
        -0.007236874461732483,
        -0.012356416788686393,
        1.0082459541492284
      ]
    ],
    "e_i": [
      -0.07507306586942145,
      0.003219409258510851,
      0.060244087812626954
    ]
  },
  "8": {
    "D_i": [
      [
        1.0050836450258416,
        0.025157449883224818,
        -0.004666951293864272
      ],
      [
        -0.027197566486694136,
        0.9949949995274894,
        0.018358468835461147
      ],
      [
        0.0009100973011883923,
        0.00514867930673802,
        1.0061655647142944
      ]
    ],
    "e_i": [
      -0.08382270180771108,
      0.015983827647058416,
      0.01959495077601344
    ]
  },
  "9": {
    "D_i": [
      [
        1.0044410284075238,
        0.0163469296902555,
        -0.022311436757304667
      ],
      [
        -0.017485825876004238,
        0.9893371443905499,
        0.0025333600857322773
      ],
      [
        0.023144723567647824,
        0.02308991837356953,
        0.995151470995483
      ]
    ],
    "e_i": [
      -0.037106251252988456,
      0.011131254803605623,
      -0.06234050192697063
    ]
  },
  "10": {
    "D_i": [
      [
        1.0096672438743675,
        -0.002556112231700741,
        -0.03076906109693579
      ],
      [
        -0.002780928031684754,
        0.9997514800197773,
        0.021985887795074904
      ],
      [
        0.024473295079190563,
        -0.00513223209652678,
        0.9950974497162925
      ]
    ],
    "e_i": [
      -0.12892904758687312,
      -0.018286866611339152,
      -0.08880611946067905
    ]
  },
  "11": {
    "D_i": [
      [
        1.0146506255865047,
        -0.002338126430798934,
        0.009076011757273402
      ],
      [
        0.0020065434072523425,
        1.0030465515661129,
        0.032115108416331584
      ],
      [
        -0.009820183009647446,
        -0.011638876458089536,
        1.0052307355812395
      ]
    ],
    "e_i": [
      -0.09552032964036056,
      -0.015342262136539529,
      -0.06202887737136645
    ]
  },
  "12": {
    "D_i": [
      [
        1.0106023784160327,
        0.010403594828801488,
        0.009137738787691987
      ],
      [
        -0.012052674452010088,
        1.0006101185271066,
        0.015533623743269913
      ],
      [
        -0.005860223918333268,
        0.004106132810723036,
        1.0029654316779824
      ]
    ],
    "e_i": [
      -0.10283821742423555,
      -0.0343391876084049,
      -0.012947492243259529
    ]
  }
}