{
  "1": {
    "D_i": [
      [
        0.981144964280027,
        -0.025552118667859162,
        0.005484028445024118
      ],
      [
        0.026657282008477768,
        0.9722246000673976,
        -0.02074825686577541
      ],
      [
        -0.0007639373708687308,
        -3.374728060345994e-05,
        0.9871044502756039
      ]
    ],
    "e_i": [
      0.02596919156006885,
      0.04430975172714048,
      -0.014909949859421736
    ]
  },
  "2": {
    "D_i": [
      [
        1.0041888463468576,
        -0.03821732795314939,
        -0.0016498157321643073
      ],
      [
        0.03970979807615477,
        0.9877228896085496,
        -0.016559803071906826
      ],
      [
        0.00021713953972715,
        -0.0038493267353737494,
        1.0017697266720498
      ]
    ],
    "e_i": [
      0.0008855543515085031,
      0.02739981540130629,
      -0.00983287970358643
    ]
  },
  "3": {
    "D_i": [
      [
        1.0026461855601558,
        -0.025126463393362226,
        -0.008108374103855627
      ],
      [
        0.023910180459255012,
        0.9967918064527596,
        -0.0317876451272911
      ],
      [
        -0.0012680568365526362,
        0.007834966649234661,
        0.9981640137983514
      ]
    ],
    "e_i": [
      0.03142325714243023,
      0.05297358200711876,
      0.01901651157647484
    ]
  },
  "4": {
    "D_i": [
      [
        1.0145836254387914,
        0.004892259975801271,
        0.017003076285885904
      ],
      [
        -0.0015415931791846887,
        1.0031620816536202,
        -0.03181271321733275
      ],
      [
        -0.011802990164293089,
        0.009500644627316153,
        1.0055378164418083
      ]
    ],
    "e_i": [
      0.01659819417976402,
      -0.02022117394839122,
      0.1418016001694846
    ]
  },
  "5": {
    "D_i": [
      [
        0.9924149096153675,
        0.004947518280191273,
        0.01206920168150836
      ],
      [
        -0.008431034629443442,
        0.9795184836157695,
        -0.010923908301388119
      ],
      [
        -0.012240443216424078,
        -0.010524624299598755,
        0.9899515436076561
      ]
    ],
    "e_i": [
      0.035267176513579246,
      -0.007385329945500752,
      0.04487554269633242
    ]
  },
  "6": {
    "D_i": [
      [
        1.0077790833979738,
        0.02333069510427917,
        -0.00870474621805923
      ],
      [
        -0.02671313356404044,
        0.9987094707587455,
        -0.01344174456605085
      ],
      [
        -0.0022539943770962557,
        -0.006848798552410084,
        1.001711251224335
      ]
    ],
    "e_i": [
      -0.00808120369522139,
      -0.0011006528819339449,
      -0.0320860023093068
    ]
  },
  "7": {
    "D_i": [
      [
        1.0199465864006716,
        0.003775507758782177,
        0.0015005035329871477
      ],
      [
        -0.003412576860197098,
        1.005035578185076,
        0.0341600012059593
      ],
      [
        -0.00778456395437379,
        -0.012279527402514638,
        1.008608252927701
      ]
    ],
    "e_i": [
      -0.04456457582770264,
      0.003476490280075111,
      0.05423238353993212
    ]
  },
  "8": {
    "D_i": [
      [
        1.0056904033091167,
        0.024872637447508936,
        -0.0025863141537622127
      ],
      [
        -0.027952290742120738,
        0.9949855632427285,
        0.01964210786968001
      ],
      [
        0.0007535479370409104,
        0.005085997011879673,
        1.004058016895745
      ]
    ],
    "e_i": [
      -0.05073573930796123,
      0.018758085369856875,
      0.01857460387502749
    ]
  },
  "9": {
    "D_i": [
      [
        1.0032853413061822,
        0.016588840770774733,
        -0.01859028380162849
      ],
      [
        -0.017214804374290855,
        0.9877740126142672,
        0.0037891003814480855
      ],
      [
        0.02282418100914772,
        0.02305959314478489,
        0.9947242807002685
      ]
    ],
    "e_i": [
      -0.0023651982975720857,
      0.017306909600190306,
      -0.057533759844255135
    ]
  },
  "10": {
    "D_i": [
      [
        1.0079440629216554,
        -0.002209876520989286,
        -0.028780141523025847
      ],
      [
        -0.00223777718463275,
        0.9982564192985054,
        0.02316901849954588
      ],
      [
        0.024715341377214907,
        -0.005079284346169027,
        0.9954170210555163
      ]
    ],
    "e_i": [
      -0.09932982768356294,
      -0.016181628588573863,
      -0.09248252512763605
    ]
  },
  "11": {
    "D_i": [
      [
        1.0131118330704159,
        -0.0016065058762685797,
        0.010148325681026877
      ],
      [
        0.0026589733536597007,
        1.0015432255140786,
        0.03376276051758396
      ],
      [
        -0.009489395023159417,
        -0.011564475827236503,
        1.0058129993840466
      ]
    ],
    "e_i": [
      -0.06112259883626408,
      -0.01061864010927744,
      -0.063849912055418
    ]
  },
  "12": {
    "D_i": [
      [
        1.0106666242460602,
        0.01080756125819399,
        0.009863618817095214
      ],
      [
        -0.012339524720622656,
        1.000315895568657,
        0.017163772287152212
      ],
      [
        -0.0056236709834106,
        0.004058262461471725,
        1.0050683782778482
      ]
    ],
    "e_i": [
      -0.07148705797186844,
      -0.03334113329550682,
      -0.0026269567653881866
    ]
  }
}