{
  "1": {
    "D_i": [
      [
        0.951455768632639,
        -0.026495566451782658,
        0.0003202808236273877
      ],
      [
        0.055866269104443984,
        0.9547368687299055,
        -0.047421938131507635
      ],
      [
        -0.003755757072116591,
        0.0005910012866245928,
        0.9710098932534933
      ]
    ],
    "e_i": [
      0.0006807451204865964,
      -0.0014102341047518563,
      0.001435893982285507
    ]
  },
  "2": {
    "D_i": [
      [
        0.9925517982879964,
        -0.040878337396670975,
        0.0017744299329570598
      ],
      [
        0.06951712968588065,
        0.982186397736066,
        -0.04429793601145071
      ],
      [
        -0.016774456155929086,
        -0.002080516241522057,
        0.9958909622842378
      ]
    ],
    "e_i": [
      0.0004223344939115886,
      -0.0011695972615138606,
      -0.0006699569989806788
    ]
  },
  "3": {
    "D_i": [
      [
        0.9979210341798873,
        -0.027030268806444255,
        0.001465526032906922
      ],
      [
        0.05566807606524181,
        1.0063447001480421,
        -0.06376178714860214
      ],
      [
        -0.00737641713892535,
        0.008974084805197236,
        1.0014839668165187
      ]
    ],
    "e_i": [
      -0.0003817718313745416,
      -0.0009614010663027417,
      0.0010368581607297749
    ]
  },
  "4": {
    "D_i": [
      [
        1.027237048146037,
        0.005386709028285476,
        0.0006982858799060828
      ],
      [
        -0.0037430531419567893,
        1.0286962509156288,
        -0.0641817955752092
      ],
      [
        0.016789034226942952,
        0.009349505825032023,
        1.0182426127567874
      ]
    ],
    "e_i": [
      -0.0003504013888837032,
      0.0004982488579856059,
      -0.0026407379611953635
    ]
  },
  "5": {
    "D_i": [
      [
        0.9689455817875947,
        0.005630345073623019,
        0.0011303899611432217
      ],
      [
        -0.01571718589888501,
        0.9677254379291418,
        -0.03935554873752933
      ],
      [
        -0.011277610589295044,
        -0.010457398354208669,
        0.973399015223138
      ]
    ],
    "e_i": [
      -0.00023383837019674142,
      0.0011468073090913633,
      -7.771432568669245e-05
    ]
  },
  "6": {
    "D_i": [
      [
        0.9985159148337344,
        0.02584374371140717,
        -0.0001888088597161927
      ],
      [
        -0.020937610202770893,
        1.0029592297121448,
        -0.04437279501225522
      ],
      [
        0.004503939952413967,
        -0.006809945110567428,
        0.9986836259071448
      ]
    ],
    "e_i": [
      -0.0009907531992224827,
      0.0013702300895565844,
      0.0007180393122347382
    ]
  },
  "7": {
    "D_i": [
      [
        1.0219408188413066,
        0.004954599620090948,
        -0.0008749601619070591
      ],
      [
        -0.025868908388532154,
        1.0137120521956855,
        0.06339209907202226
      ],
      [
        -0.023231698826762452,
        -0.012743131774799965,
        1.0082408663176017
      ]
    ],
    "e_i": [
      -0.0004224677870355853,
      0.0006889402690244406,
      0.0010068798034170157
    ]
  },
  "8": {
    "D_i": [
      [
        0.987365401959447,
        0.027797925099753717,
        -0.00023935343114653285
      ],
      [
        -0.05166321323028789,
        0.9899124007794868,
        0.050102263145238024
      ],
      [
        0.012893528225191913,
        0.004769422275346713,
        0.9950680052366025
      ]
    ],
    "e_i": [
      -0.00024170858617860586,
      0.0011409447478550883,
      0.0013561457402590793
    ]
  },
  "9": {
    "D_i": [
      [
        0.9985744682372667,
        0.019246811073426698,
        -0.00045290479589107056
      ],
      [
        -0.06318167485424464,
        0.9888700276641376,
        0.03700891641419579
      ],
      [
        0.011210032492745253,
        0.02319630714789278,
        0.9933329860022305
      ]
    ],
    "e_i": [
      0.00019013483850419816,
      0.0014553010769926822,
      0.0005446349258944466
    ]
  },
  "10": {
    "D_i": [
      [
        1.0293817293231704,
        -0.0016928601808337354,
        0.0007755728753167679
      ],
      [
        -0.02414071677787547,
        1.0335934088394794,
        0.05008676141057422
      ],
      [
        0.00808903251663473,
        -0.005288387288883922,
        1.0193157991948452
      ]
    ],
    "e_i": [
      -0.0004955475865586409,
      0.00010037055912140436,
      -0.00044040471079002594
    ]
  },
  "11": {
    "D_i": [
      [
        1.014668360755688,
        -0.0019355282497780315,
        0.0011294604928504214
      ],
      [
        0.019705676736765754,
        1.0144151963128607,
        0.06608804926373901
      ],
      [
        -0.0014664626466468422,
        -0.012085929257557027,
        1.0153467400516376
      ]
    ],
    "e_i": [
      0.0013230214723308487,
      -0.0016329826625453292,
      -0.0019532093651258887
    ]
  },
  "12": {
    "D_i": [
      [
        1.007773251151,
        0.011910754114312317,
        0.0005250145783651326
      ],
      [
        -0.0002080695855083391,
        1.0126643369039643,
        0.046025780422219276
      ],
      [
        0.010921236478172643,
        0.004231006620384448,
        1.0115617250019988
      ]
    ],
    "e_i": [
      0.0006718918313224007,
      -0.001098160789716307,
      -0.0004124829052691882
    ]
  },
  "amp_factor": 0.47079912726290335
}