{
  "1": {
    "D_i": [
      [
        0.9548328474506523,
        -0.026353274809490155,
        0.006447370211211393
      ],
      [
        0.03264767889279037,
        0.9616516468313687,
        -0.0366316212421236
      ],
      [
        -0.0031668769686311205,
        0.00023833770715642189,
        0.9791241285027845
      ]
    ],
    "e_i": [
      -0.001508782168330329,
      0.001340965834084551,
      -0.0010595493005396972
    ]
  },
  "2": {
    "D_i": [
      [
        0.9973346637324966,
        -0.04084365907097814,
        4.354953923423749e-05
      ],
      [
        0.04604538177780323,
        0.9901507396597182,
        -0.03007967711762638
      ],
      [
        -0.008459592683337002,
        -0.00331769029003004,
        0.9985338151938056
      ]
    ],
    "e_i": [
      -0.0006321644188369037,
      0.002475587729946896,
      0.0012835074099949995
    ]
  },
  "3": {
    "D_i": [
      [
        0.993362096808303,
        -0.026896144337626243,
        -0.008614266125697819
      ],
      [
        0.021074198952422202,
        1.0058973396346014,
        -0.05069740030572689
      ],
      [
        -0.016703208382721012,
        0.008137371052511777,
        0.9962612338418408
      ]
    ],
    "e_i": [
      -0.001010137742365639,
      0.0019193702409038144,
      -0.0002695928394040592
    ]
  },
  "4": {
    "D_i": [
      [
        1.025990789719563,
        0.006057171034713562,
        0.018896214104768747
      ],
      [
        0.001162141625498837,
        1.0231473542749685,
        -0.05657914185588331
      ],
      [
        0.005014151160607601,
        0.010171669109215076,
        1.0125549147142783
      ]
    ],
    "e_i": [
      0.0003659756989089942,
      0.0023007092846174387,
      0.002212776844904285
    ]
  },
  "5": {
    "D_i": [
      [
        0.9717571068824555,
        0.00598085171841019,
        0.013289058568511692
      ],
      [
        -0.010930662193274491,
        0.9654898474710376,
        -0.02893277538311978
      ],
      [
        -0.000640389176639882,
        -0.010074247071318876,
        0.9741668507339618
      ]
    ],
    "e_i": [
      -3.5307377099114134e-05,
      0.002123540604271515,
      0.0026355550790571336
    ]
  },
  "6": {
    "D_i": [
      [
        0.9996118336068316,
        0.025953721348450646,
        -0.006588474689454929
      ],
      [
        -0.03266221711200871,
        1.0034243278942667,
        -0.026587320468438924
      ],
      [
        -0.0023649034702469952,
        -0.006438469359547172,
        0.9992755985520998
      ]
    ],
    "e_i": [
      0.0011549389147199572,
      0.0012586173903761377,
      -0.00042228158322724085
    ]
  },
  "7": {
    "D_i": [
      [
        1.0148825013599942,
        0.004698697607520891,
        0.0015111566662684706
      ],
      [
        -2.4617674251710865e-05,
        1.0091862172891437,
        0.048858999625405186
      ],
      [
        -0.022307503007656822,
        -0.01297063690697775,
        1.0049749878848102
      ]
    ],
    "e_i": [
      -0.0008313258032907993,
      -0.0014899154046833368,
      3.896850030715715e-06
    ]
  },
  "8": {
    "D_i": [
      [
        0.9902812705997687,
        0.027483658549759857,
        -0.00041569882599521574
      ],
      [
        -0.03149497735484201,
        0.99083052097464,
        0.039004042838646114
      ],
      [
        -0.009864370650636943,
        0.004431163223569512,
        0.9961060603810685
      ]
    ],
    "e_i": [
      -0.0008273539310562246,
      -0.003020209968496154,
      4.4565336784763154e-06
    ]
  },
  "9": {
    "D_i": [
      [
        0.9987327144721675,
        0.018293139083138694,
        -0.01789697963791227
      ],
      [
        -0.0143227133879684,
        0.9910600004254125,
        0.02306555531775567
      ],
      [
        0.020242529214865416,
        0.022822822121293274,
        0.9934594293898198
      ]
    ],
    "e_i": [
      0.0008921190665958541,
      -0.0023923942587704,
      -0.002142403526209119
    ]
  },
  "10": {
    "D_i": [
      [
        1.0324690658830515,
        -0.002702960427298876,
        -0.02630608378942069
      ],
      [
        -0.0027582696799583503,
        1.0349301698236992,
        0.04083283186486086
      ],
      [
        0.029652982329182002,
        -0.00502730651658001,
        1.0242047687805773
      ]
    ],
    "e_i": [
      0.00043170085853150644,
      -0.00011447971978294225,
      -0.000703584080795544
    ]
  },
  "11": {
    "D_i": [
      [
        1.0165638305644449,
        -0.00203185109275204,
        0.010705225768675204
      ],
      [
        0.0027337441861974895,
        1.0195378890273308,
        0.05173145554466685
      ],
      [
        -0.0002666284962973329,
        -0.011729195199397413,
        1.0182249718520853
      ]
    ],
    "e_i": [
      0.0010344265397047407,
      -0.0012251493184421702,
      -0.0011034588660620015
    ]
  },
  "12": {
    "D_i": [
      [
        1.0030604880446654,
        0.011987465451363052,
        0.01212867022879452
      ],
      [
        -0.012101272679803059,
        1.003373893455983,
        0.032876004037555306
      ],
      [
        0.010528764585859385,
        0.004386631222214943,
        1.0037330585493334
      ]
    ],
    "e_i": [
      0.0008875629914269316,
      -0.0037224579031386873,
      -0.00043778537764727066
    ]
  },
  "amp_factor": 0.4756678195236845
}