{
  "1": {
    "D_i": [
      [
        0.9651843139264927,
        -0.02718420572943742,
        -0.00455897747973167
      ],
      [
        0.03808899066965415,
        0.9695330574861785,
        -0.04322447609529945
      ],
      [
        -0.007725161438166053,
        0.0003012383873066682,
        0.9853115768176862
      ]
    ],
    "e_i": [
      -0.002598151456773265,
      -0.0013145704344368625,
      -0.002187711559556795
    ]
  },
  "2": {
    "D_i": [
      [
        1.004800554212883,
        -0.04225545386665528,
        -0.012209737322986296
      ],
      [
        0.05302392205409669,
        0.9992905725520345,
        -0.03161102013016526
      ],
      [
        -0.011720084784215835,
        -0.0033379213414207465,
        1.006879317425961
      ]
    ],
    "e_i": [
      -0.0033024963827129467,
      -0.0038236949454310276,
      0.0008546841871745342
    ]
  },
  "3": {
    "D_i": [
      [
        1.0079335484002268,
        -0.028131610187114325,
        -0.009919321756055338
      ],
      [
        0.03109129310934104,
        1.0220078380231579,
        -0.0564337263342205
      ],
      [
        -0.027763679099715242,
        0.009241067512139267,
        1.0105846582952538
      ]
    ],
    "e_i": [
      -0.005412869864968278,
      -0.0014730847295141014,
      0.0028480536609021695
    ]
  },
  "4": {
    "D_i": [
      [
        1.0072012217137105,
        0.006136923812941255,
        0.028303061637800334
      ],
      [
        -0.001192821421505756,
        1.0066272280374284,
        -0.05491440307213913
      ],
      [
        0.013957034939087634,
        0.009472472405420485,
        1.0009844489884736
      ]
    ],
    "e_i": [
      0.0024804241691954027,
      0.0005368613773103492,
      -0.0007603165568947946
    ]
  },
  "5": {
    "D_i": [
      [
        0.9594523736280534,
        0.00574506193121861,
        0.018254078396104472
      ],
      [
        -0.009919198536704579,
        0.9575334094128429,
        -0.031228532703378664
      ],
      [
        0.005516528661663705,
        -0.010518087059143144,
        0.9614723353571989
      ]
    ],
    "e_i": [
      0.003509812421225708,
      0.0006614012742098552,
      -0.00022751779195602506
    ]
  },
  "6": {
    "D_i": [
      [
        0.99336260827261,
        0.025804225392182238,
        0.0014480507066826805
      ],
      [
        -0.029121974283936126,
        0.9970655198537219,
        -0.03353045112303765
      ],
      [
        -0.0015769922007404266,
        -0.00634860586587549,
        0.9943781098517104
      ]
    ],
    "e_i": [
      0.002648307657770771,
      0.0013496260423629391,
      -0.003822573773054172
    ]
  },
  "7": {
    "D_i": [
      [
        1.0181496827004612,
        0.004783224727686169,
        -0.007946113787873663
      ],
      [
        -0.00395996347874793,
        1.0080839636065533,
        0.05248856144366054
      ],
      [
        -0.027769191216900004,
        -0.012428671042652661,
        1.0040277860073283
      ]
    ],
    "e_i": [
      0.0038632544688725623,
      -0.0012231636189095063,
      -0.00031364468904700876
    ]
  },
  "8": {
    "D_i": [
      [
        0.9976667352263866,
        0.027881492195648738,
        -0.013862601432073043
      ],
      [
        -0.03568835352251653,
        0.9988938175523072,
        0.04403689445474468
      ],
      [
        -0.015986427822162336,
        0.005266736320687304,
        1.00545596382561
      ]
    ],
    "e_i": [
      0.006944448363976313,
      -0.0026590891365709246,
      0.0025544888980142677
    ]
  },
  "9": {
    "D_i": [
      [
        1.0053155037968775,
        0.018329677750573224,
        -0.025591194049066388
      ],
      [
        -0.03381701597386937,
        0.9950144456901002,
        0.030131939836805954
      ],
      [
        0.011895024637505445,
        0.02416038438418322,
        1.002784457305159
      ]
    ],
    "e_i": [
      0.0034112314096029495,
      -0.0016450302345728807,
      0.0071249625416429235
    ]
  },
  "10": {
    "D_i": [
      [
        1.028022775657402,
        -0.00240309666852705,
        -0.025239480023472656
      ],
      [
        -0.005622815750749579,
        1.0314217649025859,
        0.04113620847719679
      ],
      [
        0.025558491085498035,
        -0.005671260804747336,
        1.017782200383934
      ]
    ],
    "e_i": [
      -0.0032898301439472644,
      0.00362654135333329,
      -0.0018935426788620063
    ]
  },
  "11": {
    "D_i": [
      [
        1.0148464841864666,
        -0.00193285866252213,
        0.02492653882437517
      ],
      [
        0.008368360370938825,
        1.0141135553151608,
        0.05473919011885098
      ],
      [
        0.013534579889922758,
        -0.012573744098794526,
        1.014925740076785
      ]
    ],
    "e_i": [
      -0.004598872242853075,
      0.0030048071689055267,
      -0.0013432030344892876
    ]
  },
  "12": {
    "D_i": [
      [
        0.9970852360737908,
        0.012442794041910316,
        0.028922467465063207
      ],
      [
        -0.009439923893254971,
        0.9975185542278249,
        0.03508215429617534
      ],
      [
        0.021646232095736632,
        0.004287367154864441,
        0.9986586660466368
      ]
    ],
    "e_i": [
      -0.0040016257396891936,
      0.0023249036617253582,
      -0.002988732356432964
    ]
  }
}