{
  "version": "1.0",
  "description": "Phase 2 consistency calibration parameters (D_i, e_i)",
  "calibration_method": "relative_consistency_fit",
  "n_sensors": 12,
  "sensors": [
    {
      "sensor_id": 1,
      "csv_file": "/home/zhang/embedded_array_ws/src/calibration/data/consistency",
      "D_i": [
        [
          0.9372957432779475,
          -0.025635125547657185,
          0.0069339492174463665
        ],
        [
          0.028439763401034587,
          0.9419853594438966,
          -0.03814826471028421
        ],
        [
          -0.003369557520442471,
          -0.0006118313546331633,
          0.9577297072753399
        ]
      ],
      "e_i": [
        -0.00035757072275868773,
        0.0013824277881083688,
        0.0017627124232400537
      ],
      "d_i": {
        "x": 0.9372957432779475,
        "y": 0.9419853594438966,
        "z": 0.9577297072753399
      },
      "fit_info": {
        "method": "relative_consistency_fit",
        "n_sensors": 12,
        "conditions": [
          "ZERO",
          "POS_X",
          "NEG_X",
          "POS_Y",
          "NEG_Y",
          "POS_Z",
          "NEG_Z"
        ]
      }
    },
    {
      "sensor_id": 2,
      "csv_file": "/home/zhang/embedded_array_ws/src/calibration/data/consistency",
      "D_i": [
        [
          0.982895455510601,
          -0.03985455381958663,
          -0.0006722391826416846
        ],
        [
          0.04592964650215189,
          0.9753760597055098,
          -0.026733404595327248
        ],
        [
          -0.01250147864024086,
          -0.00426336731372845,
          0.982930615361844
        ]
      ],
      "e_i": [
        -0.00020894299065014887,
        0.001944287867786755,
        0.0003705366917634567
      ],
      "d_i": {
        "x": 0.982895455510601,
        "y": 0.9753760597055098,
        "z": 0.982930615361844
      },
      "fit_info": {
        "method": "relative_consistency_fit",
        "n_sensors": 12,
        "conditions": [
          "ZERO",
          "POS_X",
          "NEG_X",
          "POS_Y",
          "NEG_Y",
          "POS_Z",
          "NEG_Z"
        ]
      }
    },
    {
      "sensor_id": 3,
      "csv_file": "/home/zhang/embedded_array_ws/src/calibration/data/consistency",
      "D_i": [
        [
          0.9753566401085824,
          -0.02596817355386422,
          -0.010657619823264505
        ],
        [
          0.023565312620748447,
          0.9874428594948221,
          -0.05403264633624505
        ],
        [
          -0.022107420766470525,
          0.007201069931009885,
          0.9794977087232184
        ]
      ],
      "e_i": [
        0.000608856836001738,
        0.004304867237703673,
        0.0010457517733612198
      ],
      "d_i": {
        "x": 0.9753566401085824,
        "y": 0.9874428594948221,
        "z": 0.9794977087232184
      },
      "fit_info": {
        "method": "relative_consistency_fit",
        "n_sensors": 12,
        "conditions": [
          "ZERO",
          "POS_X",
          "NEG_X",
          "POS_Y",
          "NEG_Y",
          "POS_Z",
          "NEG_Z"
        ]
      }
    },
    {
      "sensor_id": 4,
      "csv_file": "/home/zhang/embedded_array_ws/src/calibration/data/consistency",
      "D_i": [
        [
          1.028729196913326,
          0.006208589986169679,
          0.019024982869779578
        ],
        [
          -0.004996241004905283,
          1.028484006051614,
          -0.052911709778228344
        ],
        [
          0.013840259202923682,
          0.0110350753286248,
          1.0192173783715646
        ]
      ],
      "e_i": [
        -0.0008016015053454659,
        -0.0003563583457526359,
        -0.00030542422975590733
      ],
      "d_i": {
        "x": 1.028729196913326,
        "y": 1.028484006051614,
        "z": 1.0192173783715646
      },
      "fit_info": {
        "method": "relative_consistency_fit",
        "n_sensors": 12,
        "conditions": [
          "ZERO",
          "POS_X",
          "NEG_X",
          "POS_Y",
          "NEG_Y",
          "POS_Z",
          "NEG_Z"
        ]
      }
    },
    {
      "sensor_id": 5,
      "csv_file": "/home/zhang/embedded_array_ws/src/calibration/data/consistency",
      "D_i": [
        [
          0.9745736917886655,
          0.006109818545859187,
          0.011964241124772342
        ],
        [
          -0.011761870364406443,
          0.972912394973864,
          -0.029971066607747898
        ],
        [
          0.0022056447926278896,
          -0.009398330395474108,
          0.9741404180251703
        ]
      ],
      "e_i": [
        -0.0015713660017810313,
        0.002957163097161812,
        0.002031911780798895
      ],
      "d_i": {
        "x": 0.9745736917886655,
        "y": 0.972912394973864,
        "z": 0.9741404180251703
      },
      "fit_info": {
        "method": "relative_consistency_fit",
        "n_sensors": 12,
        "conditions": [
          "ZERO",
          "POS_X",
          "NEG_X",
          "POS_Y",
          "NEG_Y",
          "POS_Z",
          "NEG_Z"
        ]
      }
    },
    {
      "sensor_id": 6,
      "csv_file": "/home/zhang/embedded_array_ws/src/calibration/data/consistency",
      "D_i": [
        [
          1.0042441681014782,
          0.026309729717290304,
          -0.008049611938064595
        ],
        [
          -0.03034484817052381,
          1.0092461708373075,
          -0.02627882849140528
        ],
        [
          0.002294841071695464,
          -0.005460198412232442,
          1.0054366358396634
        ]
      ],
      "e_i": [
        -3.231148743362139e-05,
        0.0012445150286811632,
        -0.0007083700431661233
      ],
      "d_i": {
        "x": 1.0042441681014782,
        "y": 1.0092461708373075,
        "z": 1.0054366358396634
      },
      "fit_info": {
        "method": "relative_consistency_fit",
        "n_sensors": 12,
        "conditions": [
          "ZERO",
          "POS_X",
          "NEG_X",
          "POS_Y",
          "NEG_Y",
          "POS_Z",
          "NEG_Z"
        ]
      }
    },
    {
      "sensor_id": 7,
      "csv_file": "/home/zhang/embedded_array_ws/src/calibration/data/consistency",
      "D_i": [
        [
          1.0242436201934537,
          0.0050572669598049486,
          0.0018582078531664218
        ],
        [
          0.004302133990593112,
          1.0172080343662544,
          0.05095178145752166
        ],
        [
          -0.02935082436572397,
          -0.013937358065009064,
          1.0135441073354656
        ]
      ],
      "e_i": [
        -0.00027357853464500537,
        -0.001890429601560141,
        -0.00026779086278833075
      ],
      "d_i": {
        "x": 1.0242436201934537,
        "y": 1.0172080343662544,
        "z": 1.0135441073354656
      },
      "fit_info": {
        "method": "relative_consistency_fit",
        "n_sensors": 12,
        "conditions": [
          "ZERO",
          "POS_X",
          "NEG_X",
          "POS_Y",
          "NEG_Y",
          "POS_Z",
          "NEG_Z"
        ]
      }
    },
    {
      "sensor_id": 8,
      "csv_file": "/home/zhang/embedded_array_ws/src/calibration/data/consistency",
      "D_i": [
        [
          0.9975872490692053,
          0.027784634869216705,
          0.0009954042920219154
        ],
        [
          -0.027889795767192933,
          0.9979832538508029,
          0.04316370548511683
        ],
        [
          -0.018748245977877095,
          0.0038918976150784657,
          1.0060180339977443
        ]
      ],
      "e_i": [
        -0.0001196924367909899,
        -0.0029381836471909645,
        5.660798320328286e-05
      ],
      "d_i": {
        "x": 0.9975872490692053,
        "y": 0.9979832538508029,
        "z": 1.0060180339977443
      },
      "fit_info": {
        "method": "relative_consistency_fit",
        "n_sensors": 12,