{
  "1": {
    "o_i": [
      -0.04763302705113041,
      0.054441897233132225,
      -0.07243912865789544
    ],
    "C_i": [
      [
        16.395663564127236,
        0.0,
        0.0
      ],
      [
        -0.09319205804506062,
        10.598173231066193,
        0.0
      ],
      [
        -0.07135857801490808,
        -0.34278688260020806,
        16.449723177424488
      ]
    ]
  },
  "2": {
    "o_i": [
      -0.025524973948713944,
      0.0627868360252191,
      -0.05989124517530116
    ],
    "C_i": [
      [
        16.010769667562506,
        0.0,
        0.0
      ],
      [
        -0.13592875397097468,
        10.353969708053068,
        0.0
      ],
      [
        -0.05840322791971823,
        -0.3399325391133655,
        16.177145397350397
      ]
    ]
  },
  "3": {
    "o_i": [
      -0.05721589316368282,
      0.0930440971326426,
      -0.08138301147807694
    ],
    "C_i": [
      [
        16.038938932223356,
        0.0,
        0.0
      ],
      [
        -0.22936185918208135,
        10.362700213908887,
        0.0
      ],
      [
        -0.02141309312925158,
        -0.3135764435762365,
        16.02529530089475
      ]
    ]
  },
  "4": {
    "o_i": [
      -0.034692393703265184,
      -0.18850805804452284,
      0.0008644930495696415
    ],
    "C_i": [
      [
        15.818712594772125,
        0.0,
        0.0
      ],
      [
        0.21081714453510828,
        10.547853067628331,
        0.0
      ],
      [
        0.10026530469328164,
        -0.2882405666516503,
        15.905701477935743
      ]
    ]
  },
  "5": {
    "o_i": [
      -0.05521229281093919,
      -0.09630519631071595,
      0.012819951973065865
    ],
    "C_i": [
      [
        16.121305195998467,
        0.0,
        0.0
      ],
      [
        0.2975117664876333,
        10.678296230843292,
        0.0
      ],
      [
        0.0005777441008768836,
        -0.4762492544175967,
        16.228398263711043
      ]
    ]
  },
  "6": {
    "o_i": [
      -0.015510068800394978,
      -0.020330313391999744,
      0.00753093208065409
    ],
    "C_i": [
      [
        15.941594353241506,
        0.0,
        0.0
      ],
      [
        0.21209679309716997,
        10.537377018328852,
        0.0
      ],
      [
        -0.006959638690723745,
        -0.46869911292147226,
        15.981973113480501
      ]
    ]
  },
  "7": {
    "o_i": [
      -0.015266187595232662,
      -0.1280131455281669,
      -0.008860773959571945
    ],
    "C_i": [
      [
        15.680592644012108,
        0.0,
        0.0
      ],
      [
        -0.2668138372785465,
        10.224257207172261,
        0.0
      ],
      [
        0.049815838564286376,
        0.25625761635166666,
        15.777100307404261
      ]
    ]
  },
  "8": {
    "o_i": [
      -0.020586030513162677,
      -0.09640751730668744,
      -0.021658187342836643
    ],
    "C_i": [
      [
        16.020721165222636,
        0.0,
        0.0
      ],
      [
        -0.0976682387379159,
        10.580212096004525,
        0.0
      ],
      [
        -0.0029031014788379324,
        0.13327094344013385,
        16.075117280062962
      ]
    ]
  },
  "9": {
    "o_i": [
      0.028639088129320662,
      -0.03174157266669846,
      -0.031485477374931466
    ],
    "C_i": [
      [
        16.0466751617975,
        0.0,
        0.0
      ],
      [
        0.31311860733491076,
        10.483022504334851,
        0.0
      ],
      [
        0.018917598666947373,
        -0.04770674067330847,
        16.19560536025986
      ]
    ]
  },
  "10": {
    "o_i": [
      -0.07264648182837602,
      -0.010340585196500563,
      -0.007687079518530792
    ],
    "C_i": [
      [
        15.975546627330152,
        0.0,
        0.0
      ],
      [
        -0.2579655116084952,
        10.348784415247781,
        0.0
      ],
      [
        0.054882866094487406,
        0.17686509802454164,
        16.041699371061608
      ]
    ]
  },
  "11": {
    "o_i": [
      -0.029063136374115183,
      0.017757836411869232,
      -0.003988256786684792
    ],
    "C_i": [
      [
        15.815153351257388,
        0.0,
        0.0
      ],
      [
        0.2404749832100365,
        10.300240677699826,
        0.0
      ],
      [
        -0.0582073135517376,
        0.2385985358813614,
        15.889788014571149
      ]
    ]
  },
  "12": {
    "o_i": [
      -0.03706933859441684,
      0.07662293251135105,
      -0.03154805900905551
    ],
    "C_i": [
      [
        15.882806987196611,
        0.0,
        0.0
      ],
      [
        0.14305381401619185,
        10.380216367180278,
        0.0
      ],
      [
        -0.030770676918487665,
        0.13658982440173204,
        15.935826561207186
      ]
    ]
  }
}