{
  "1": {
    "o_i": [
      -0.042486817486811115,
      -0.044995115205379695,
      -0.12131584634906473
    ],
    "C_i": [
      [
        0.5315137742434461,
        0.0,
        0.0
      ],
      [
        -0.00022413748372964137,
        0.5216920793462677,
        0.0
      ],
      [
        -0.002954795151955535,
        -0.008343415718681947,
        0.5159336240317772
      ]
    ]
  },
  "2": {
    "o_i": [
      -0.018463441752844607,
      -0.04163048609202541,
      -0.11123515439678282
    ],
    "C_i": [
      [
        0.5245483008544451,
        0.0,
        0.0
      ],
      [
        -0.0037567810086172547,
        0.5192432882950749,
        0.0
      ],
      [
        -0.002114786233418124,
        -0.0031871377268990835,
        0.5096945975004229
      ]
    ]
  },
  "3": {
    "o_i": [
      -0.05649933599747431,
      -0.01393678011675114,
      -0.1287522486278247
    ],
    "C_i": [
      [
        0.5217358546417384,
        0.0,
        0.0
      ],
      [
        -0.007697195648536237,
        0.5153373368808825,
        0.0
      ],
      [
        -0.00010046547632078123,
        -0.008750835982172639,
        0.501597124336703
      ]
    ]
  },
  "4": {
    "o_i": [
      -0.013178200141712252,
      -0.10553305061186061,
      0.049929995902678305
    ],
    "C_i": [
      [
        0.5227404904145072,
        0.0,
        0.0
      ],
      [
        -0.001136622295886513,
        0.5191550693775455,
        0.0
      ],
      [
        0.001207006908765554,
        -0.008899925461824712,
        0.5090893559335025
      ]
    ]
  },
  "5": {
    "o_i": [
      -0.031293210268376566,
      -0.013631987833263557,
      0.06128707081806414
    ],
    "C_i": [
      [
        0.5388102461373057,
        0.0,
        0.0
      ],
      [
        0.0029929171946075942,
        0.5338448904380658,
        0.0
      ],
      [
        -0.0012821542496061968,
        -0.007483878020376616,
        0.524632946278419
      ]
    ]
  },
  "6": {
    "o_i": [
      0.014765069524023105,
      0.05552034950495237,
      0.0653246948253434
    ],
    "C_i": [
      [
        0.5307258806691277,
        0.0,
        0.0
      ],
      [
        0.007582354718978603,
        0.525206980666119,
        0.0
      ],
      [
        -0.0011156969796679472,
        -0.005832028698243611,
        0.5144945895062987
      ]
    ]
  },
  "7": {
    "o_i": [
      -0.050260497022324664,
      -0.029734011087511076,
      -0.061235189923718916
    ],
    "C_i": [
      [
        0.5242858915665675,
        0.0,
        0.0
      ],
      [
        -0.005346973441410596,
        0.5234374975874881,
        0.0
      ],
      [
        0.0017071688246839902,
        -0.007562487812299742,
        0.5116529851030329
      ]
    ]
  },
  "8": {
    "o_i": [
      -0.07170119728182463,
      0.018277952649638687,
      -0.0821264083665528
    ],
    "C_i": [
      [
        0.5280318625227166,
        0.0,
        0.0
      ],
      [
        -0.0050295991171578,
        0.5212041270519397,
        0.0
      ],
      [
        -0.000983443046864909,
        -0.009791117632173732,
        0.5120089846278736
      ]
    ]
  },
  "9": {
    "o_i": [
      -0.00983947825971372,
      0.10162809066340883,
      -0.08452303725984836
    ],
    "C_i": [
      [
        0.5235823211114802,
        0.0,
        0.0
      ],
      [
        0.0010828995718971818,
        0.5185997316931333,
        0.0
      ],
      [
        -0.00048703945213457575,
        -0.0104570275890757,
        0.5103215359342445
      ]
    ]
  },
  "10": {
    "o_i": [
      -0.09703754540850111,
      -0.11997307158933526,
      0.0442379829034523
    ],
    "C_i": [
      [
        0.5113084505222463,
        0.0,
        0.0
      ],
      [
        0.0049834547176527775,
        0.510119423897144,
        0.0
      ],
      [
        0.0009711671210154005,
        -0.007166219912722797,
        0.4974219779972256
      ]
    ]
  },
  "11": {
    "o_i": [
      -0.047747140250672684,
      -0.0886754294757708,
      0.048380327218670686
    ],
    "C_i": [
      [
        0.5222876896114058,
        0.0,
        0.0
      ],
      [
        0.0019173860279043619,
        0.5172702994734723,
        0.0
      ],
      [
        -0.0018420756624370279,
        -0.008270350539547562,
        0.5076581297889892
      ]
    ]
  },
  "12": {
    "o_i": [
      -0.05915608866587921,
      -0.03157976860073983,
      0.019829547285542294
    ],
    "C_i": [
      [
        0.5313451982795695,
        0.0,
        0.0
      ],
      [
        -0.00010877635955948884,
        0.5256293148377339,
        0.0
      ],
      [
        -0.0012129651160871556,
        -0.006941799585675806,
        0.515661379342004
      ]
    ]
  }
}