{
  "1": {
    "o_i": [
      -0.049022198832052874,
      -0.05287664708300198,
      -0.0657630908605502
    ],
    "C_i": [
      [
        0.5369163595636386,
        0.0,
        0.0
      ],
      [
        0.005818762363763611,
        0.5287533081255428,
        0.0
      ],
      [
        -0.0008720388928320095,
        -0.005795696747955255,
        0.5271902217521052
      ]
    ]
  },
  "2": {
    "o_i": [
      -0.02508426324141678,
      -0.04688502113486169,
      -0.053159063309208394
    ],
    "C_i": [
      [
        0.5280811181188263,
        0.0,
        0.0
      ],
      [
        0.002307087219606703,
        0.5253203086693887,
        0.0
      ],
      [
        0.00037488563312981364,
        -0.003953387510714076,
        0.5215925922192596
      ]
    ]
  },
  "3": {
    "o_i": [
      -0.058698616389553135,
      -0.02167376288757581,
      -0.07368539484357792
    ],
    "C_i": [
      [
        0.5291051529169394,
        0.0,
        0.0
      ],
      [
        -0.0004889932636991567,
        0.5245252291938711,
        0.0
      ],
      [
        0.0038310400461404864,
        -0.006984410429968689,
        0.5152944510792519
      ]
    ]
  },
  "4": {
    "o_i": [
      -0.032157913044342415,
      -0.10293623912062079,
      0.0031820626313995453
    ],
    "C_i": [
      [
        0.51757308580149,
        0.0,
        0.0
      ],
      [
        -0.005628662732325109,
        0.5180716175115115,
        0.0
      ],
      [
        0.0003350341866455303,
        -0.009853113617175918,
        0.5100701735873585
      ]
    ]
  },
  "5": {
    "o_i": [
      -0.05356092490255855,
      -0.006638195715273503,
      0.014781782792875448
    ],
    "C_i": [
      [
        0.536570814896522,
        0.0,
        0.0
      ],
      [
        -0.001988815459608373,
        0.5327574251403264,
        0.0
      ],
      [
        -0.003203100363602709,
        -0.006937152906120666,
        0.5291346349132793
      ]
    ]
  },
  "6": {
    "o_i": [
      -0.008024650408166089,
      0.06770872880183398,
      0.01678444575029592
    ],
    "C_i": [
      [
        0.5288230479517455,
        0.0,
        0.0
      ],
      [
        0.0029455455673456058,
        0.5255451635373276,
        0.0
      ],
      [
        -0.003208351329232884,
        -0.003484429148138822,
        0.5186120492103444
      ]
    ]
  },
  "7": {
    "o_i": [
      -0.024049973019193135,
      -0.013163801816501213,
      -0.01387934786724734
    ],
    "C_i": [
      [
        0.5264466641867251,
        0.0,
        0.0
      ],
      [
        0.0010431548392464828,
        0.5251136938283845,
        0.0
      ],
      [
        -0.0009038130735142174,
        -0.008105859050152027,
        0.5182804652957761
      ]
    ]
  },
  "8": {
    "o_i": [
      -0.03328275661185417,
      0.020935771642690244,
      -0.03273023471018694
    ],
    "C_i": [
      [
        0.5319536053776275,
        0.0,
        0.0
      ],
      [
        0.0013305111580780226,
        0.527728275920505,
        0.0
      ],
      [
        -0.002826078179175242,
        -0.010430235814657235,
        0.5224931900321567
      ]
    ]
  },
  "9": {
    "o_i": [
      0.0157776776965746,
      0.09544705251124515,
      -0.03457202908286098
    ],
    "C_i": [
      [
        0.5256585377234823,
        0.0,
        0.0
      ],
      [
        0.007008325909004291,
        0.5253131515427182,
        0.0
      ],
      [
        -0.00041240029918105736,
        -0.010171676345183539,
        0.518870971461185
      ]
    ]
  },
  "10": {
    "o_i": [
      -0.09076538437155153,
      -0.12308807728281604,
      -0.0004986224856698374
    ],
    "C_i": [
      [
        0.5097698176637389,
        0.0,
        0.0
      ],
      [
        0.0005001547911688487,
        0.5097507096805777,
        0.0
      ],
      [
        0.002328759212428245,
        -0.008905033035703919,
        0.501371588118432
      ]
    ]
  },
  "11": {
    "o_i": [
      -0.041463388332426014,
      -0.09448169601399667,
      0.0005438000709576816
    ],
    "C_i": [
      [
        0.5207310654642584,
        0.0,
        0.0
      ],
      [
        -0.0015214830721967806,
        0.5173578994467032,
        0.0
      ],
      [
        0.0012527774914354915,
        -0.009057268116303748,
        0.5117898745449732
      ]
    ]
  },
  "12": {
    "o_i": [
      -0.052946299309124985,
      -0.037726445517456665,
      -0.02471207909391855
    ],
    "C_i": [
      [
        0.5277556770095232,
        0.0,
        0.0
      ],
      [
        -0.005554043189962924,
        0.5246813762595126,
        0.0
      ],
      [
        0.0006480187181085516,
        -0.00821951424323667,
        0.517893041126064
      ]
    ]
  }
}