{
  "1": {
    "o_i": [
      -0.04413827727995831,
      -0.04364359892864804,
      -0.05746066297743238
    ],
    "C_i": [
      [
        0.5251106612238501,
        0.0,
        0.0
      ],
      [
        0.012324298545037346,
        0.5143420634067325,
        0.0
      ],
      [
        0.004537599994726018,
        -0.010161469145392362,
        0.5156278022092935
      ]
    ]
  },
  "2": {
    "o_i": [
      -0.0227530455484638,
      -0.03380444607989006,
      -0.04429878703782749
    ],
    "C_i": [
      [
        0.5166059299275364,
        0.0,
        0.0
      ],
      [
        0.009214850006215986,
        0.5100323531401751,
        0.0
      ],
      [
        0.00431481646744447,
        -0.008433133031142967,
        0.5092614278884743
      ]
    ]
  },
  "3": {
    "o_i": [
      -0.05726409743664543,
      -0.014631331032908888,
      -0.06387994485598977
    ],
    "C_i": [
      [
        0.5160779047204288,
        0.0,
        0.0
      ],
      [
        0.00862215859537715,
        0.5090762042396229,
        0.0
      ],
      [
        0.0057847087035539325,
        -0.011993676527630323,
        0.5041369065756555
      ]
    ]
  },
  "4": {
    "o_i": [
      -0.03187619461928489,
      -0.11526379161076748,
      -0.006410145454160182
    ],
    "C_i": [
      [
        0.501622238533611,
        0.0,
        0.0
      ],
      [
        -0.012270942792247271,
        0.49930944049988224,
        0.0
      ],
      [
        -0.004263294608118326,
        -0.012083915379641985,
        0.49388883954260304
      ]
    ]
  },
  "5": {
    "o_i": [
      -0.054783806135899234,
      -0.016644356554878247,
      0.002817344772733187
    ],
    "C_i": [
      [
        0.5223128147218554,
        0.0,
        0.0
      ],
      [
        -0.011661535868146614,
        0.5163103331924214,
        0.0
      ],
      [
        -0.0071646909970676294,
        -0.009928447120246018,
        0.5147011543774909
      ]
    ]
  },
  "6": {
    "o_i": [
      -0.01194985450922256,
      0.06007106209456059,
      0.007148621616479801
    ],
    "C_i": [
      [
        0.5156071282919384,
        0.0,
        0.0
      ],
      [
        -0.006624252724540568,
        0.5117153499943128,
        0.0
      ],
      [
        -0.007368865882809946,
        -0.008585956249647298,
        0.505496419583166
      ]
    ]
  },
  "7": {
    "o_i": [
      -0.022509658143593247,
      -0.021757826863738564,
      -0.007003904921018125
    ],
    "C_i": [
      [
        0.5134751875103182,
        0.0,
        0.0
      ],
      [
        0.008349028855369338,
        0.5120633086948496,
        0.0
      ],
      [
        -0.00489785853292395,
        -0.003953331359123164,
        0.5063315916442842
      ]
    ]
  },
  "8": {
    "o_i": [
      -0.03407669858792001,
      0.009786047982790674,
      -0.019206075839890202
    ],
    "C_i": [
      [
        0.5199826055028688,
        0.0,
        0.0
      ],
      [
        0.010340661448458435,
        0.5138712772285841,
        0.0
      ],
      [
        -0.005584587648933486,
        -0.0040874724480020365,
        0.5100579022510283
      ]
    ]
  },
  "9": {
    "o_i": [
      0.010832593924945554,
      0.08368214540195525,
      -0.025212492856934627
    ],
    "C_i": [
      [
        0.5147285077576319,
        0.0,
        0.0
      ],
      [
        0.011387049538397784,
        0.5120460130493175,
        0.0
      ],
      [
        -0.004420439804421953,
        -0.0050607749936930945,
        0.5077025491439766
      ]
    ]
  },
  "10": {
    "o_i": [
      -0.08951848709051129,
      -0.11853321076749944,
      -0.010630953284911227
    ],
    "C_i": [
      [
        0.4965150238831254,
        0.0,
        0.0
      ],
      [
        -0.006873133879974214,
        0.4960603069214876,
        0.0
      ],
      [
        0.00721227450229342,
        -0.004179027020049178,
        0.4882162817356027
      ]
    ]
  },
  "11": {
    "o_i": [
      -0.043712022784944495,
      -0.08397322630235315,
      -0.006668953334609795
    ],
    "C_i": [
      [
        0.5089002399026834,
        0.0,
        0.0
      ],
      [
        -0.008277789078966664,
        0.5038142248092364,
        0.0
      ],
      [
        0.004010392381229591,
        -0.004970227601682974,
        0.5001167241661658
      ]
    ]
  },
  "12": {
    "o_i": [
      -0.0566102513904516,
      -0.027439501434249603,
      -0.03518486252459111
    ],
    "C_i": [
      [
        0.5134222656849936,
        0.0,
        0.0
      ],
      [
        -0.012670178731081231,
        0.5078894133817962,
        0.0
      ],
      [
        0.00609149008512405,
        -0.0026864750238979646,
        0.5025035958958403
      ]
    ]
  }
}