{
  "description": "QMC6309 sensor array hardware parameters - sensor positions and rotation correction matrices",
  "sensor_number": 12,
  "d_list": [
    [-0.001, 0.00105, -0.001],
    [-0.001, 0.00105,  0     ],
    [-0.001, 0.00105,  0.001],
    [-0.001, -0.00105, -0.001],
    [-0.001, -0.00105,  0     ],
    [-0.001, -0.00105,  0.001],
    [0.001,  0.00105, -0.001],
    [0.001,  0.00105,  0     ],
    [0.001,  0.00105,  0.001],
    [0.001,  -0.00105, -0.001],
    [0.001,  -0.00105,  0     ],
    [0.001,  -0.00105,  0.001]
  ],
  "r_corr_r1": [1, 0, 0, 0, 0, -1, 0, 1, 0],
  "r_corr_r2": [1, 0, 0, 0, 0, 1, 0, -1, 0],
  "r_corr_r3": [-1, 0, 0, 0, 0, 1, 0, 1, 0],
  "r_corr_r4": [-1, 0, 0, 0, 0, -1, 0, -1, 0]
}
