{
  "1": {
    "D": [
      [
        0.975751572531707,
        -0.025013000358077315,
        0.006676727790599447
      ],
      [
        0.02763184525735788,
        0.9782516425774845,
        -0.021118447949277634
      ],
      [
        -0.000789188377152153,
        -0.00010498191540879269,
        0.9869808413703857
      ]
    ],
    "e": [
      [
        0.04531308785801359
      ],
      [
        0.041385565334468896
      ],
      [
        -0.01820668786202313
      ]
    ],
    "rmse": 0.04552553344934431
  },
  "2": {
    "D": [
      [
        0.9987208413191373,
        -0.0375321903288581,
        -0.0004137409396632874
      ],
      [
        0.04085632287683168,
        0.9939519001743022,
        -0.016893503173336967
      ],
      [
        0.0001668934231829778,
        -0.00394537266707853,
        1.0015859440267374
      ]
    ],
    "e": [
      [
        0.020800086480132856
      ],
      [
        0.025348645089010902
      ],
      [
        -0.013270524280477088
      ]
    ],
    "rmse": 0.045265911351894596
  },
  "3": {
    "D": [
      [
        0.9971876283154364,
        -0.024717117041854312,
        -0.006907627902879916
      ],
      [
        0.024543109124540816,
        1.0027188760251449,
        -0.03241579333224298
      ],
      [
        -0.0013994265366121458,
        0.007722499344296678,
        0.9978809245083142
      ]
    ],
    "e": [
      [
        0.0506902149972077
      ],
      [
        0.04690305074137234
      ],
      [
        0.014949271775661542
      ]
    ],
    "rmse": 0.042576160159822046
  },
  "4": {
    "D": [
      [
        1.0086608181042416,
        0.005234703226456399,
        0.01810404757474119
      ],
      [
        -0.0010976635432325653,
        1.0087889467066256,
        -0.03245391869941204
      ],
      [
        -0.011525987183273047,
        0.009658248131221505,
        1.0054836876644646
      ]
    ],
    "e": [
      [
        0.0341900022222929
      ],
      [
        -0.02756192824047796
      ],
      [
        0.14315657111194807
      ]
    ],
    "rmse": 0.03451191752205756
  },
  "5": {
    "D": [
      [
        0.9865390629229767,
        0.0055715368215182685,
        0.013249208663322826
      ],
      [
        -0.007696837789771489,
        0.9851889606061789,
        -0.011303264910834955
      ],
      [
        -0.011818391602012299,
        -0.010318701185301994,
        0.9901635162110916
      ]
    ],
    "e": [
      [
        0.05389761072045298
      ],
      [
        -0.011624024403845462
      ],
      [
        0.0471787953104393
      ]
    ],
    "rmse": 0.04604982259325242
  },
  "6": {
    "D": [
      [
        1.0017780172067965,
        0.023604077991692438,
        -0.00739915798601155
      ],
      [
        -0.02664579374212819,
        1.0041513251659335,
        -0.014188376788221248
      ],
      [
        -0.0018759759427522046,
        -0.00666044596962332,
        1.0018231962523847
      ]
    ],
    "e": [
      [
        0.010572875831442263
      ],
      [
        -0.01084277297563387
      ],
      [
        -0.030178214443952904
      ]
    ],
    "rmse": 0.044187780063159085
  },
  "7": {
    "D": [
      [
        1.0142078361424605,
        0.004130287578372945,
        0.0026768989386589488
      ],
      [
        -0.0029666735400774875,
        1.0109417064483808,
        0.03412198236689326
      ],
      [
        -0.007883899709173504,
        -0.012372393922741353,
        1.0083494526322194
      ]
    ],
    "e": [
      [
        -0.026104256112334984
      ],
      [
        -0.003084281902163269
      ],
      [
        0.050532030392814044
      ]
    ],
    "rmse": 0.043527805566116594
  },
  "8": {
    "D": [
      [
        0.9998330101182639,
        0.025172161654958503,
        -0.0014396206746970577
      ],
      [
        -0.027727115828883514,
        1.0006055405568397,
        0.019449460841807292
      ],
      [
        0.0007237298789594636,
        0.005043131383153384,
        1.0038500453310002
      ]
    ],
    "e": [
      [
        -0.03283552720311517
      ],
      [
        0.01075597950088401
      ],
      [
        0.0157220283299759
      ]
    ],
    "rmse": 0.03795838476567275
  },
  "9": {
    "D": [
      [
        0.9976810792691403,
        0.01690851837288529,
        -0.017327549355808033
      ],
      [
        -0.016932997259412386,
        0.9935520599370955,
        0.003543608291019165
      ],
      [
        0.02276389110108419,
        0.023053373154289375,
        0.994597445538618
      ]
    ],
    "e": [
      [
        0.016319579711915777
      ],
      [
        0.0100219206648885
      ],
      [
        -0.06045572424305439
      ]
    ],
    "rmse": 0.039255383681383545
  },
  "10": {
    "D": [
      [
        1.002107678777087,
        -0.0018266404695530716,
        -0.02731930284574535
      ],
      [
        -0.0016865910446099502,
        1.0040606845294358,
        0.02307147625311753
      ],
      [
        0.025173759513189273,
        -0.004821006706925782,
        0.9955669979017766
      ]
    ],
    "e": [
      [
        -0.08052680968694818
      ],
      [
        -0.022238129498646172
      ],
      [
        -0.08939576007647153
      ]
    ],
    "rmse": 0.0395464675448292
  },
  "11": {
    "D": [
      [
        1.0074025861844376,
        -0.0014238086676297444,
        0.011434155401086025
      ],
      [
        0.0029425405543026173,
        1.0072303872072619,
        0.03359354658254192
      ],
      [
        -0.009031620790258793,
        -0.011432890896920475,
        1.0059619664706674
      ]
    ],
    "e": [
      [
        -0.04097641694382902
      ],
      [
        -0.01968526810665921
      ],
      [
        -0.061571830904118406
      ]
    ],
    "rmse": 0.04167621054877616
  },
  "12": {
    "D": [
      [
        1.0048138029953555,
        0.011048598130594039,
        0.011092976600050704
      ],
      [
        -0.012151497796705367,
        1.0058338544880214,
        0.016848889451429573
      ],
      [
        -0.00519688491512376,
        0.004193921105190042,
        1.0052325411837073
      ]
    ],
    "e": [
      [
        -0.05154285984912596
      ],
      [
        -0.04343769501989922
      ],
      [
        -0.0008342027078049345
      ]
    ],
    "rmse": 0.04182752838465811
  }
}