{
  "1": {
    "D": [
      [
        0.9817405588217488,
        -0.02525712525189833,
        0.006464599719913082
      ],
      [
        0.02746246584266219,
        0.9720054843060765,
        -0.02046726066083096
      ],
      [
        -0.0009119146684351681,
        -0.00014368981982472526,
        0.9870016194287232
      ]
    ],
    "e": [
      [
        0.04208503652863642
      ],
      [
        0.0512081964007558
      ],
      [
        -0.017878523421040658
      ]
    ],
    "rmse": 0.13596536082958907
  },
  "2": {
    "D": [
      [
        1.0048364388632545,
        -0.03787105528856725,
        -0.0006765105984259043
      ],
      [
        0.040606702815157984,
        0.9875917728145381,
        -0.01626080054455996
      ],
      [
        4.078447257495517e-05,
        -0.003983211961871659,
        1.0016065175326097
      ]
    ],
    "e": [
      [
        0.017407169417955948
      ],
      [
        0.03528069504175072
      ],
      [
        -0.012944248850510213
      ]
    ],
    "rmse": 0.14095298586796637
  },
  "3": {
    "D": [
      [
        1.003287116165705,
        -0.02495432229760826,
        -0.007188293256073897
      ],
      [
        0.024394681035139525,
        0.9963023015012221,
        -0.031677406508320904
      ],
      [
        -0.0015242496514601966,
        0.007682453778699732,
        0.9979017586904952
      ]
    ],
    "e": [
      [
        0.04746052212595322
      ],
      [
        0.056859213538056244
      ],
      [
        0.015266518857279091
      ]
    ],
    "rmse": 0.1418623450166529
  },
  "4": {
    "D": [
      [
        1.014853309247872,
        0.005209712478400677,
        0.017754345501420576
      ],
      [
        -0.001103491573928958,
        1.0023305418061554,
        -0.03171914657300681
      ],
      [
        -0.011652099206117674,
        0.009613658086622423,
        1.0055047199123106
      ]
    ],
    "e": [
      [
        0.029673869157872533
      ],
      [
        -0.017211723877901514
      ],
      [
        0.1434979620264787
      ]
    ],
    "rmse": 0.13515071726209876
  },
  "5": {
    "D": [
      [
        0.9925815658308954,
        0.005563819509259598,
        0.012850522667692875
      ],
      [
        -0.007655490679328719,
        0.9788807051789363,
        -0.010714041781882806
      ],
      [
        -0.011941387584436018,
        -0.010362260274371298,
        0.9901847079375632
      ]
    ],
    "e": [
      [
        0.0494238496574313
      ],
      [
        -0.001435824590775111
      ],
      [
        0.0475185114258928
      ]
    ],
    "rmse": 0.1394521721959832
  },
  "6": {
    "D": [
      [
        1.007909824393973,
        0.0237412259144349,
        -0.007928217126203754
      ],
      [
        -0.026484157560207784,
        0.9977164139574809,
        -0.013571956381848323
      ],
      [
        -0.0020003316180541904,
        -0.006707783040073925,
        1.0018480394710176
      ]
    ],
    "e": [
      [
        0.0057768858765173455
      ],
      [
        -0.0006547912614572348
      ],
      [
        -0.029834384530064397
      ]
    ],
    "rmse": 0.13847270088203836
  },
  "7": {
    "D": [
      [
        1.0204081369426428,
        0.004099726821140258,
        0.002434499731942397
      ],
      [
        -0.0029563105999455422,
        1.0044490298750668,
        0.03443066704856927
      ],
      [
        -0.00801003801250762,
        -0.012417013717186263,
        1.0083661039871232
      ]
    ],
    "e": [
      [
        -0.03007434367681569
      ],
      [
        0.007088067929321166
      ],
      [
        0.050860539233193454
      ]
    ],
    "rmse": 0.14327500847734054
  },
  "8": {
    "D": [
      [
        1.0059516556881727,
        0.025309035175194623,
        -0.0017354592952388143
      ],
      [
        -0.027556959512930468,
        0.9941959156994034,
        0.019851219879803757
      ],
      [
        0.0006000825540483437,
        0.004996352078694676,
        1.0038682622322692
      ]
    ],
    "e": [
      [
        -0.03699212845423787
      ],
      [
        0.02083114651196729
      ],
      [
        0.01604977966524969
      ]
    ],
    "rmse": 0.13815076593859266
  },
  "9": {
    "D": [
      [
        1.0037651166423385,
        0.01697162429464232,
        -0.017695343255748914
      ],
      [
        -0.016816387369479845,
        0.9872000238868699,
        0.004044808369046074
      ],
      [
        0.022639554478740602,
        0.023010606910019465,
        0.994616299123613
      ]
    ],
    "e": [
      [
        0.01259439699169348
      ],
      [
        0.020069548637813163
      ],
      [
        -0.06017029718322785
      ]
    ],
    "rmse": 0.14114863007068892
  },
  "10": {
    "D": [
      [
        1.0082481403350674,
        -0.0018790446949076933,
        -0.027976840004220162
      ],
      [
        -0.0016557343381341074,
        0.9976261255500315,
        0.023446136692808376
      ],
      [
        0.025048039206309505,
        -0.00486370395608015,
        0.9955909284003773
      ]
    ],
    "e": [
      [
        -0.08588712924978276
      ],
      [
        -0.012009258725993375
      ],
      [
        -0.08906004706785203
      ]
    ],
    "rmse": 0.13352126104044618
  },
  "11": {
    "D": [
      [
        1.0135726917685874,
        -0.0014547308227342891,
        0.011006338120098847
      ],
      [
        0.002924989671546508,
        1.0007702516850858,
        0.03390407193259756
      ],
      [
        -0.009157801745965283,
        -0.011476561091917966,
        1.0059828197676617
      ]
    ],
    "e": [
      [
        -0.0461183841647411
      ],
      [
        -0.009471354551933103
      ],
      [
        -0.06121879282341498
      ]
    ],
    "rmse": 0.13835798422803333
  },
  "12": {
    "D": [
      [
        1.0109588840069401,
        0.011105134081135531,
        0.010682715284664896
      ],
      [
        -0.01207784795478353,
        0.9993929443684832,
        0.017269782820077018
      ],
      [
        -0.005322074987542516,
        0.004148575874360627,
        1.0052533381126132
      ]
    ],
    "e": [
      [
        -0.056698707462636104
      ],
      [
        -0.03302296238796811
      ],
      [
        -0.000480619243267835
      ]
    ],
    "rmse": 0.13943124623639988
  }
}