{
  "1": {
    "D": [
      [
        0.9811449642800273,
        -0.02555211866785877,
        0.005484028445024162
      ],
      [
        0.026657282008477168,
        0.9722246000673993,
        -0.020748256865775694
      ],
      [
        -0.0007639373708684706,
        -3.3747280602708374e-05,
        0.9871044502756058
      ]
    ],
    "e": [
      [
        0.025969191560068647
      ],
      [
        0.0443097517271409
      ],
      [
        -0.014909949859418577
      ]
    ],
    "rmse": 0.13360911712405205
  },
  "2": {
    "D": [
      [
        1.0041888463468571,
        -0.038217327953149416,
        -0.0016498157321642795
      ],
      [
        0.039709798076155,
        0.9877228896085488,
        -0.016559803071906493
      ],
      [
        0.00021713953972723153,
        -0.003849326735371958,
        1.0017697266720509
      ]
    ],
    "e": [
      [
        0.0008855543515088257
      ],
      [
        0.027399815401301285
      ],
      [
        -0.009832879703588863
      ]
    ],
    "rmse": 0.13854475262781552
  },
  "3": {
    "D": [
      [
        1.0026461855601556,
        -0.0251264633933621,
        -0.00810837410385563
      ],
      [
        0.023910180459255415,
        0.9967918064527599,
        -0.03178764512729115
      ],
      [
        -0.0012680568365517966,
        0.007834966649235137,
        0.9981640137983511
      ]
    ],
    "e": [
      [
        0.031423257142429876
      ],
      [
        0.0529735820071148
      ],
      [
        0.019016511576463918
      ]
    ],
    "rmse": 0.13897967849170842
  },
  "4": {
    "D": [
      [
        1.014583625438791,
        0.00489225997580122,
        0.01700307628588582
      ],
      [
        -0.0015415931791846159,
        1.0031620816536193,
        -0.03181271321733396
      ],
      [
        -0.011802990164291054,
        0.009500644627316415,
        1.0055378164418058
      ]
    ],
    "e": [
      [
        0.016598194179762576
      ],
      [
        -0.02022117394839085
      ],
      [
        0.14180160016948573
      ]
    ],
    "rmse": 0.13125628438002163
  },
  "5": {
    "D": [
      [
        0.9924149096153676,
        0.004947518280191333,
        0.012069201681508776
      ],
      [
        -0.008431034629444122,
        0.9795184836157698,
        -0.010923908301388896
      ],
      [
        -0.012240443216424108,
        -0.010524624299598773,
        0.9899515436076565
      ]
    ],
    "e": [
      [
        0.03526717651357908
      ],
      [
        -0.00738532994550219
      ],
      [
        0.04487554269633275
      ]
    ],
    "rmse": 0.13520659840835794
  },
  "6": {
    "D": [
      [
        1.007779083397974,
        0.02333069510427929,
        -0.008704746218059
      ],
      [
        -0.026713133564041307,
        0.9987094707587467,
        -0.013441744566051128
      ],
      [
        -0.0022539943770958776,
        -0.00684879855241058,
        1.0017112512243362
      ]
    ],
    "e": [
      [
        -0.0080812036952212
      ],
      [
        -0.0011006528819349662
      ],
      [
        -0.03208600230930617
      ]
    ],
    "rmse": 0.1345650243820279
  },
  "7": {
    "D": [
      [
        1.019946586400671,
        0.003775507758782104,
        0.001500503532987068
      ],
      [
        -0.0034125768601971813,
        1.0050355781850755,
        0.03416000120595916
      ],
      [
        -0.007784563954373297,
        -0.012279527402514857,
        1.0086082529277003
      ]
    ],
    "e": [
      [
        -0.04456457582770271
      ],
      [
        0.0034764902800753887
      ],
      [
        0.054232383539933086
      ]
    ],
    "rmse": 0.1401251716784529
  },
  "8": {
    "D": [
      [
        1.0056904033091167,
        0.02487263744750881,
        -0.0025863141537621134
      ],
      [
        -0.027952290742122174,
        0.9949855632427277,
        0.019642107869679147
      ],
      [
        0.0007535479370387524,
        0.0050859970118812825,
        1.0040580168957436
      ]
    ],
    "e": [
      [
        -0.050735739307961214
      ],
      [
        0.018758085369855734
      ],
      [
        0.018574603875028017
      ]
    ],
    "rmse": 0.1345551362404823
  },
  "9": {
    "D": [
      [
        1.003285341306183,
        0.016588840770774667,
        -0.018590283801628422
      ],
      [
        -0.017214804374291005,
        0.9877740126142681,
        0.0037891003814479814
      ],
      [
        0.02282418100914785,
        0.023059593144785145,
        0.9947242807002701
      ]
    ],
    "e": [
      [
        -0.002365198297571933
      ],
      [
        0.017306909600189158
      ],
      [
        -0.05753375984425649
      ]
    ],
    "rmse": 0.13793946010439123
  },
  "10": {
    "D": [
      [
        1.0079440629216563,
        -0.0022098765209895635,
        -0.028780141523025757
      ],
      [
        -0.0022377771846327776,
        0.9982564192985048,
        0.023169018499545686
      ],
      [
        0.024715341377214428,
        -0.0050792843461694905,
        0.9954170210555169
      ]
    ],
    "e": [
      [
        -0.0993298276835631
      ],
      [
        -0.01618162858857534
      ],
      [
        -0.09248252512763487
      ]
    ],
    "rmse": 0.1306121492336669
  },
  "11": {
    "D": [
      [
        1.0131118330704156,
        -0.0016065058762686473,
        0.010148325681026967
      ],
      [
        0.002658973353659111,
        1.0015432255140815,
        0.03376276051758223
      ],
      [
        -0.009489395023160568,
        -0.011564475827235746,
        1.0058129993840454
      ]
    ],
    "e": [
      [
        -0.06112259883626405
      ],
      [
        -0.010618640109275955
      ],
      [
        -0.06384991205541911
      ]
    ],
    "rmse": 0.13534641719621893
  },
  "12": {
    "D": [
      [
        1.0106666242460598,
        0.010807561258194157,
        0.00986361881709516
      ],
      [
        -0.012339524720626112,
        1.000315895568658,
        0.017163772287154155
      ],
      [
        -0.005623670983409046,
        0.004058262461470896,
        1.0050683782778473
      ]
    ],
    "e": [
      [
        -0.07148705797186843
      ],
      [
        -0.033341133295507655
      ],
      [
        -0.002626956765386268
      ]
    ],
    "rmse": 0.13587331680507353
  }
}