{
  "1": {
    "D": [
      [
        0.9757495668452517,
        -0.025013020427930056,
        0.0066783838701764756
      ],
      [
        0.027631785654562376,
        0.9782512672252794,
        -0.021117946735230014
      ],
      [
        -0.0007901556681153138,
        -0.0001049097874466305,
        0.9869816849872513
      ]
    ],
    "e": [
      [
        0.04530601403599164
      ],
      [
        0.04138023833442737
      ],
      [
        -0.018189808139986757
      ]
    ],
    "rmse": 0.04553067209456527
  },
  "2": {
    "D": [
      [
        0.998720890820603,
        -0.03753222484210526,
        -0.0004131440078529655
      ],
      [
        0.040856391914215646,
        0.993952478621938,
        -0.016893327160535668
      ],
      [
        0.00016692649870324837,
        -0.00394466482805546,
        1.0015849832477528
      ]
    ],
    "e": [
      [
        0.020807010711252696
      ],
      [
        0.02535605347939502
      ],
      [
        -0.013271313940510515
      ]
    ],
    "rmse": 0.045265000878837974
  },
  "3": {
    "D": [
      [
        0.9971873527406024,
        -0.024717185416451848,
        -0.006903895984368795
      ],
      [
        0.024543212308338665,
        1.0027202347995414,
        -0.03241567571600495
      ],
      [
        -0.0014012360607441182,
        0.007723222603224331,
        0.9978800607646914
      ]
    ],
    "e": [
      [
        0.05069666409520857
      ],
      [
        0.046909270193331874
      ],
      [
        0.014942510091968517
      ]
    ],
    "rmse": 0.04257730230939595
  },
  "4": {
    "D": [
      [
        1.0086590351592726,
        0.005234680340120694,
        0.01810211384091255
      ],
      [
        -0.001097640918665748,
        1.008789736846636,
        -0.03245445228175974
      ],
      [
        -0.011526271850961133,
        0.009658782422246005,
        1.005484103384424
      ]
    ],
    "e": [
      [
        0.03419171196093056
      ],
      [
        -0.027563833161092333
      ],
      [
        0.14315432079085175
      ]
    ],
    "rmse": 0.03450147761377125
  },
  "5": {
    "D": [
      [
        0.986537647944235,
        0.005571480140450802,
        0.013249570854213698
      ],
      [
        -0.007696835162854428,
        0.9851896787079463,
        -0.011303789374765554
      ],
      [
        -0.011817655463022193,
        -0.01031890118306827,
        0.9901639882369156
      ]
    ],
    "e": [
      [
        0.053904547999967196
      ],
      [
        -0.011625700191129797
      ],
      [
        0.04717029217975384
      ]
    ],
    "rmse": 0.046054633268938404
  },
  "6": {
    "D": [
      [
        1.001777427374537,
        0.02360400377524998,
        -0.007399268386427901
      ],
      [
        -0.02664579464330491,
        1.0041508341824696,
        -0.014187461675164333
      ],
      [
        -0.0018751790364585769,
        -0.006660548896828357,
        1.0018245030575694
      ]
    ],
    "e": [
      [
        0.010580367674816129
      ],
      [
        -0.010834184759761938
      ],
      [
        -0.03018163797877862
      ]
    ],
    "rmse": 0.04418966547755819
  },
  "7": {
    "D": [
      [
        1.0142064714821193,
        0.004130241526481858,
        0.0026772674835630547
      ],
      [
        -0.002966666858550772,
        1.010940343356524,
        0.03412092602421725
      ],
      [
        -0.007883589946556944,
        -0.012371556077696022,
        1.0083501004999094
      ]
    ],
    "e": [
      [
        -0.026102786796654287
      ],
      [
        -0.003095603643333473
      ],
      [
        0.0505345407687256
      ]
    ],
    "rmse": 0.0435227748168674
  },
  "8": {
    "D": [
      [
        0.999832131975855,
        0.025172091911437183,
        -0.0014376848337116915
      ],
      [
        -0.02772711822592978,
        1.0006057474005507,
        0.01944849371378994
      ],
      [
        0.0007252676004075205,
        0.005041051123839919,
        1.003849696965459
      ]
    ],
    "e": [
      [
        -0.032825926448424234
      ],
      [
        0.010749193310182427
      ],
      [
        0.01572938165708763
      ]
    ],
    "rmse": 0.037960443016923424
  },
  "9": {
    "D": [
      [
        0.9976804690348748,
        0.016908479542141704,
        -0.017327025312373186
      ],
      [
        -0.016932957703954962,
        0.9935517295789562,
        0.003544017269033258
      ],
      [
        0.022765739444708208,
        0.02305300197157102,
        0.9945968054137129
      ]
    ],
    "e": [
      [
        0.016323997291278716
      ],
      [
        0.010032623355629761
      ],
      [
        -0.060466599030514524
      ]
    ],
    "rmse": 0.03923550682200444
  },
  "10": {
    "D": [
      [
        1.0021078851600211,
        -0.0018266219036789408,
        -0.027321061550990795
      ],
      [
        -0.0016865725022626986,
        1.0040606946763322,
        0.023071594303482722
      ],
      [
        0.02517403310389238,
        -0.004821747350738297,
        0.9955549441589013
      ]
    ],
    "e": [
      [
        -0.08052592466680919
      ],
      [
        -0.022244684722911873
      ],
      [
        -0.08939108273540461
      ]
    ],
    "rmse": 0.039536185825778024
  },
  "11": {
    "D": [
      [
        1.007403004266126,
        -0.0014237933435874172,
        0.01143221993994949
      ],
      [
        0.0029425320642594115,
        1.0072306167881484,
        0.03359473811741358
      ],
      [
        -0.009033280447248444,
        -0.011431956631789546,
        1.0059608045916615
      ]
    ],
    "e": [
      [
        -0.04097873072015241
      ],
      [
        -0.01967816105716938
      ],
      [
        -0.061581436238236927
      ]
    ],
    "rmse": 0.04167376906392713
  },
  "12": {
    "D": [
      [
        1.0048222245018472,
        0.011049142015374278,
        0.011089694380709843
      ],
      [
        -0.012151585253190168,
        1.005832461360016,
        0.016848373821713697
      ],
      [
        -0.0051981325386162985,
        0.004193855261482082,
        1.0052449966977417
      ]
    ],
    "e": [
      [
        -0.05158100074928719
      ],
      [
        -0.043444302154604236
      ],
      [
        -0.000821700384098286
      ]
    ],
    "rmse": 0.04180849625370087
  }
}