pc_time,seq,tick_ms,bitmap,sensor_1_x_gs,sensor_1_y_gs,sensor_1_z_gs,sensor_2_x_gs,sensor_2_y_gs,sensor_2_z_gs,sensor_3_x_gs,sensor_3_y_gs,sensor_3_z_gs,sensor_4_x_gs,sensor_4_y_gs,sensor_4_z_gs,sensor_5_x_gs,sensor_5_y_gs,sensor_5_z_gs,sensor_6_x_gs,sensor_6_y_gs,sensor_6_z_gs,sensor_7_x_gs,sensor_7_y_gs,sensor_7_z_gs,sensor_8_x_gs,sensor_8_y_gs,sensor_8_z_gs,sensor_9_x_gs,sensor_9_y_gs,sensor_9_z_gs,sensor_10_x_gs,sensor_10_y_gs,sensor_10_z_gs,sensor_11_x_gs,sensor_11_y_gs,sensor_11_z_gs,sensor_12_x_gs,sensor_12_y_gs,sensor_12_z_gs,imu_seq,imu_tick_ms,ax,ay,az,gx,gy,gz,temp
1780493821.373833,103085,493272,0x0FFF,0.461938,0.318958,-0.934875,0.318958,0.461938,-0.890881,0.285962,0.351953,-0.890881,0.263965,-0.714905,1.330823,-0.032996,-0.428943,1.231836,0.065991,-0.274963,1.308826,0.263965,0.285962,-1.000867,0.241968,0.461938,-0.824890,0.142981,0.373950,-0.923877,0.252966,-0.340955,1.066858,0.131982,-0.296960,1.154846,0.186975,-0.208972,1.286829,103083,493268,-87,103,8237,-15,1,-17,635
1780493821.375606,103087,493274,0x0FFF,0.384949,0.307959,-0.978870,0.230969,0.494934,-1.044861,0.241968,0.395947,-0.835889,0.252966,-0.681909,1.143848,0.054993,-0.318958,1.341821,0.087988,-0.340955,1.440808,0.252966,0.395947,-1.011865,0.164978,0.439941,-0.791895,0.197974,0.373950,-0.945874,0.241968,-0.395947,1.077856,0.098987,-0.263965,1.154846,0.175977,-0.054993,1.220837,103086,493272,-91,106,8241,-14,0,-20,632
1780493821.376681,103088,493276,0x0FFF,0.472937,0.340955,-0.934875,0.340955,0.494934,-0.857886,0.285962,0.428943,-0.945874,0.252966,-0.549927,1.242834,0.010999,-0.395947,1.363818,0.065991,-0.285962,1.286829,0.131982,0.274963,-0.923877,0.197974,0.494934,-0.846887,-0.043994,0.483936,-0.956873,0.241968,-0.395947,0.945874,0.175977,-0.296960,1.022864,0.076990,-0.219971,1.242834,103086,493272,-91,106,8241,-14,0,-20,632
1780493821.378856,103090,493278,0x0FFF,0.406946,0.472937,-0.945874,0.307959,0.450940,-0.923877,0.186975,0.208972,-0.978870,0.274963,-0.582922,1.231836,0.087988,-0.373950,1.220837,0.054993,-0.296960,1.363818,0.241968,0.329956,-0.956873,0.186975,0.307959,-0.813892,-0.021997,0.428943,-0.813892,0.208972,-0.516931,1.066858,0.000000,-0.329956,1.154846,0.164978,-0.241968,1.132849,103089,493277,-101,108,8227,-17,-3,-23,636
1780493821.380982,103091,493280,0x0FFF,0.417944,0.450940,-0.934875,0.241968,0.538928,-0.934875,0.186975,0.285962,-0.923877,0.230969,-0.714905,1.275830,0.043994,-0.373950,1.143848,0.021997,-0.197974,1.352820,0.241968,0.274963,-1.011865,0.197974,0.417944,-0.846887,0.142981,0.439941,-0.923877,0.197974,-0.373950,1.044861,0.087988,-0.274963,1.143848,0.208972,-0.252966,1.121851,103089,493277,-101,108,8227,-17,-3,-23,636
1780493821.383238,103092,493283,0x0FFF,0.439941,0.395947,-0.978870,0.285962,0.483936,-0.835889,0.285962,0.373950,-0.813892,0.274963,-0.604919,1.242834,0.131982,-0.395947,1.198840,-0.010999,-0.230969,1.352820,0.307959,0.285962,-0.967871,0.230969,0.351953,-0.802893,0.164978,0.461938,-1.033862,0.197974,-0.494934,0.945874,0.087988,-0.318958,1.110852,0.186975,-0.164978,1.231836,103089,493277,-101,108,8227,-17,-3,-23,636
1780493821.385887,103094,493285,0x0FFF,0.428943,0.417944,-0.912878,0.340955,0.450940,-0.967871,0.098987,0.307959,-0.934875,0.351953,-0.670911,1.220837,0.164978,-0.318958,1.220837,0.021997,-0.219971,1.319824,0.164978,0.351953,-1.000867,0.208972,0.340955,-0.879883,0.219971,0.494934,-0.846887,0.252966,-0.494934,1.000867,0.087988,-0.274963,1.154846,0.153979,-0.186975,1.154846,103093,493283,-105,128,8227,-17,-2,-19,642
1780493821.387126,103095,493287,0x0FFF,0.417944,0.384949,-0.912878,0.340955,0.637915,-1.121851,0.120984,0.373950,-0.780896,0.263965,-0.615918,1.275830,0.076990,-0.384949,1.176843,0.186975,-0.318958,1.253833,0.241968,0.351953,-1.077856,0.109985,0.494934,-0.835889,-0.010999,0.428943,-0.879883,0.164978,-0.417944,0.989868,0.065991,-0.340955,1.088855,0.120984,-0.230969,1.231836,103093,493283,-105,128,8227,-17,-2,-19,642
1780493821.389307,103097,493289,0x0FFF,0.505933,0.329956,-0.945874,0.142981,0.571924,-0.945874,0.285962,0.384949,-0.835889,0.318958,-0.637915,1.242834,0.010999,-0.439941,1.143848,0.120984,-0.373950,1.253833,0.263965,0.351953,-0.989868,0.142981,0.384949,-0.857886,0.098987,0.516931,-0.890881,0.263965,-0.395947,1.077856,0.043994,-0.307959,1.099854,0.131982,-0.208972,1.187842,103096,493287,-93,109,8244,-15,-4,-22,632
1780493821.391386,103098,493291,0x0FFF,0.461938,0.318958,-0.846887,0.329956,0.494934,-0.868884,0.142981,0.362952,-0.846887,0.241968,-0.692908,1.176843,0.054993,-0.428943,1.231836,0.054993,-0.197974,1.253833,0.307959,0.395947,-1.066858,0.076990,0.373950,-0.736902,0.054993,0.329956,-0.978870,0.230969,-0.417944,1.088855,0.120984,-0.329956,1.077856,0.274963,-0.010999,1.275830,103096,493287,-93,109,8244,-15,-4,-22,632
1780493821.393602,103099,493293,0x0FFF,0.329956,0.406946,-1.000867,0.274963,0.582922,-0.967871,0.197974,0.318958,-0.912878,0.186975,-0.604919,1.198840,0.098987,-0.373950,1.231836,-0.032996,-0.186975,1.308826,0.197974,0.252966,-0.890881,0.230969,0.329956,-0.758899,0.076990,0.461938,-0.989868,0.241968,-0.571924,0.967871,0.142981,-0.252966,1.110852,0.175977,-0.109985,1.187842,103096,493287,-93,109,8244,-15,-4,-22,632
1780493821.395776,103101,493295,0x0FFF,0.428943,0.395947,-0.934875,0.340955,0.571924,-0.945874,0.285962,0.307959,-0.945874,0.197974,-0.703906,1.231836,0.065991,-0.384949,1.231836,0.054993,-0.208972,1.253833,0.175977,0.318958,-1.000867,0.197974,0.516931,-0.780896,0.186975,0.505933,-0.923877,0.230969,-0.384949,0.956873,0.109985,-0.351953,1.154846,0.241968,-0.109985,1.187842,103100,493293,-100,106,8232,-14,0,-21,633
1780493821.397960,103102,493297,0x0FFF,0.439941,0.406946,-0.978870,0.406946,0.417944,-1.000867,0.329956,0.373950,-1.000867,0.263965,-0.659912,1.231836,0.120984,-0.395947,1.231836,-0.076990,-0.263965,1.341821,0.131982,0.219971,-1.011865,0.197974,0.417944,-0.769897,0.219971,0.373950,-0.802893,0.285962,-0.351953,1.000867,0.219971,-0.384949,1.165845,0.186975,-0.252966,1.220837,103100,493293,-100,106,8232,-14,0,-21,633
1780493821.400096,103104,493299,0x0FFF,0.516931,0.263965,-1.088855,0.252966,0.483936,-0.912878,0.230969,0.340955,-0.835889,0.285962,-0.571924,1.319824,0.098987,-0.329956,1.198840,0.043994,-0.208972,1.352820,0.164978,0.219971,-1.022864,0.109985,0.417944,-0.934875,0.054993,0.417944,-0.945874,0.186975,-0.472937,1.000867,0.186975,-0.318958,1.022864,0.109985,-0.208972,1.165845,103103,493297,-104,114,8223,-16,-2,-20,631
1780493821.402362,103105,493301,0x0FFF,0.439941,0.384949,-0.956873,0.285962,0.384949,-0.868884,0.307959,0.351953,-0.945874,0.208972,-0.604919,1.286829,0.109985,-0.318958,1.154846,0.000000,-0.241968,1.264832,0.197974,0.395947,-1.033862,0.153979,0.351953,-0.879883,0.142981,0.417944,-0.934875,0.175977,-0.417944,1.077856,0.131982,-0.362952,1.088855,0.131982,-0.120984,1.242834,103103,493297,-104,114,8223,-16,-2,-20,631
1780493821.403356,103107,493303,0x0FFF,0.428943,0.252966,-0.989868,0.252966,0.439941,-0.912878,0.219971,0.307959,-0.868884,0.241968,-0.571924,1.187842,0.043994,-0.395947,1.187842,0.065991,-0.252966,1.297827,0.230969,0.263965,-0.890881,0.197974,0.483936,-0.791895,0.142981,0.439941,-0.813892,0.241968,-0.395947,0.956873,0.175977,-0.483936,1.121851,0.175977,-0.241968,1.176843,103106,493302,-92,114,8243,-16,-4,-24,635
1780493821.406511,103108,493305,0x0FFF,0.450940,0.384949,-1.011865,0.307959,0.516931,-0.857886,0.296960,0.362952,-0.857886,0.274963,-0.604919,1.121851,0.109985,-0.373950,1.264832,0.087988,-0.263965,1.286829,0.252966,0.351953,-1.044861,0.175977,0.296960,-0.835889,0.065991,0.461938,-0.791895,0.175977,-0.395947,1.011865,0.164978,-0.318958,1.132849,0.087988,-0.186975,1.187842,103106,493302,-92,114,8243,-16,-4,-24,635
1780493821.408664,103109,493308,0x0FFF,0.450940,0.428943,-0.901880,0.329956,0.582922,-1.044861,0.175977,0.230969,-0.835889,0.230969,-0.637915,1.132849,0.076990,-0.461938,1.308826,-0.054993,-0.285962,1.308826,0.241968,0.351953,-0.934875,0.142981,0.395947,-0.747900,0.131982,0.450940,-0.923877,0.153979,-0.406946,0.945874,0.153979,-0.417944,1.176843,0.241968,-0.230969,1.297827,103106,493302,-92,114,8243,-16,-4,-24,635
1780493821.409637,103111,493310,0x0FFF,0.439941,0.340955,-0.912878,0.241968,0.549927,-0.978870,0.252966,0.362952,-0.978870,0.175977,-0.604919,1.132849,0.120984,-0.351953,1.176843,-0.021997,-0.329956,1.363818,0.252966,0.318958,-0.956873,0.219971,0.340955,-0.846887,0.109985,0.362952,-1.000867,0.175977,-0.428943,0.956873,0.032996,-0.274963,1.132849,0.087988,-0.109985,1.231836,103110,493308,-89,115,8244,-15,-1,-22,641
1780493821.411898,103112,493312,0x0FFF,0.560925,0.340955,-0.923877,0.263965,0.494934,-0.967871,0.318958,0.274963,-0.978870,0.197974,-0.714905,1.198840,0.120984,-0.384949,1.143848,0.065991,-0.252966,1.352820,0.164978,0.329956,-1.044861,0.120984,0.450940,-0.769897,0.043994,0.428943,-0.901880,0.197974,-0.384949,1.077856,0.186975,-0.285962,1.110852,0.175977,-0.208972,1.220837,103110,493308,-89,115,8244,-15,-1,-22,641
1780493821.414013,103114,493314,0x0FFF,0.384949,0.384949,-0.956873,0.329956,0.505933,-0.857886,0.164978,0.417944,-0.802893,0.219971,-0.626917,1.198840,0.043994,-0.351953,1.242834,0.000000,-0.274963,1.330823,0.241968,0.351953,-0.934875,0.252966,0.406946,-0.901880,0.076990,0.318958,-0.989868,0.197974,-0.340955,0.989868,0.263965,-0.296960,1.198840,0.164978,-0.241968,1.110852,103113,493312,-91,104,8235,-16,-2,-18,643
1780493821.415966,103115,493316,0x0FFF,0.428943,0.373950,-1.044861,0.208972,0.439941,-0.868884,0.153979,0.351953,-0.857886,0.307959,-0.560925,1.242834,0.175977,-0.384949,1.264832,-0.098987,-0.274963,1.264832,0.076990,0.274963,-1.044861,0.164978,0.406946,-0.791895,0.263965,0.428943,-0.956873,0.230969,-0.417944,1.055859,0.065991,-0.384949,0.978870,0.109985,-0.241968,1.176843,103113,493312,-91,104,8235,-16,-2,-18,643
1780493821.417943,103116,493318,0x0FFF,0.516931,0.373950,-0.989868,0.329956,0.494934,-0.945874,0.274963,0.318958,-0.967871,0.406946,-0.681909,1.308826,0.010999,-0.362952,1.198840,0.032996,-0.241968,1.286829,0.219971,0.263965,-1.011865,0.252966,0.318958,-0.901880,0.000000,0.417944,-1.033862,0.186975,-0.461938,0.978870,0.153979,-0.274963,1.132849,0.197974,-0.252966,1.253833,103113,493312,-91,104,8235,-16,-2,-18,643
1780493821.420064,103118,493320,0x0FFF,0.483936,0.450940,-0.978870,0.296960,0.483936,-0.846887,0.351953,0.241968,-0.989868,0.197974,-0.670911,1.198840,0.076990,-0.450940,1.363818,0.032996,-0.318958,1.440808,0.252966,0.285962,-0.956873,0.153979,0.494934,-0.791895,0.219971,0.428943,-0.956873,0.274963,-0.461938,1.022864,0.087988,-0.307959,1.198840,0.054993,-0.098987,1.187842,103117,493318,-105,110,8238,-17,-3,-22,627
1780493821.423242,103119,493322,0x0FFF,0.450940,0.351953,-1.022864,0.395947,0.417944,-0.824890,0.263965,0.373950,-0.857886,0.285962,-0.626917,1.231836,0.197974,-0.384949,1.308826,0.010999,-0.230969,1.187842,0.230969,0.241968,-0.912878,0.153979,0.417944,-0.736902,0.175977,0.494934,-0.945874,0.219971,-0.505933,0.956873,0.109985,-0.351953,1.143848,0.131982,-0.109985,1.121851,103117,493318,-105,110,8238,-17,-3,-22,627
1780493821.424303,103121,493324,0x0FFF,0.329956,0.263965,-0.945874,0.307959,0.483936,-1.033862,0.274963,0.296960,-0.868884,0.263965,-0.560925,1.242834,0.010999,-0.384949,1.220837,0.000000,-0.230969,1.286829,0.153979,0.318958,-0.934875,0.263965,0.494934,-0.934875,0.109985,0.406946,-0.857886,0.197974,-0.494934,0.978870,0.010999,-0.318958,1.253833,0.142981,-0.186975,1.187842,103120,493322,-114,124,8245,-15,-3,-24,631
1780493821.426228,103122,493326,0x0FFF,0.516931,0.406946,-0.989868,0.252966,0.417944,-0.978870,0.252966,0.307959,-0.802893,0.252966,-0.626917,1.110852,0.120984,-0.362952,1.176843,0.010999,-0.274963,1.330823,0.186975,0.384949,-1.044861,0.186975,0.439941,-0.824890,0.120984,0.340955,-0.879883,0.186975,-0.439941,0.956873,0.197974,-0.318958,1.154846,0.153979,-0.131982,1.176843,103120,493322,-114,124,8245,-15,-3,-24,631
1780493821.428289,103124,493328,0x0FFF,0.472937,0.362952,-1.077856,0.351953,0.450940,-0.989868,0.241968,0.329956,-0.835889,0.241968,-0.659912,1.231836,0.164978,-0.351953,1.209839,0.021997,-0.296960,1.308826,0.241968,0.351953,-0.934875,0.131982,0.461938,-0.791895,0.120984,0.340955,-0.835889,0.131982,-0.461938,0.901880,0.164978,-0.285962,1.253833,0.109985,-0.230969,1.231836,103123,493327,-107,111,8243,-16,-2,-22,635
1780493821.431322,103125,493330,0x0FFF,0.494934,0.351953,-1.077856,0.241968,0.505933,-0.956873,0.274963,0.384949,-0.967871,0.252966,-0.615918,1.209839,0.087988,-0.428943,1.396814,0.032996,-0.241968,1.242834,0.186975,0.318958,-0.923877,0.219971,0.417944,-0.824890,0.164978,0.417944,-0.802893,0.230969,-0.384949,0.956873,0.175977,-0.274963,1.165845,0.208972,-0.164978,1.154846,103123,493327,-107,111,8243,-16,-2,-22,635
1780493821.433373,103126,493333,0x0FFF,0.472937,0.318958,-1.055859,0.197974,0.439941,-0.901880,0.175977,0.296960,-0.934875,0.285962,-0.582922,1.176843,0.043994,-0.285962,1.319824,0.043994,-0.175977,1.319824,0.153979,0.340955,-1.022864,0.175977,0.329956,-0.725903,0.230969,0.329956,-0.912878,0.318958,-0.439941,0.989868,0.098987,-0.362952,1.066858,0.142981,-0.208972,1.220837,103123,493327,-107,111,8243,-16,-2,-22,635
1780493821.435462,103128,493335,0x0FFF,0.439941,0.252966,-1.011865,0.274963,0.472937,-0.945874,0.175977,0.395947,-0.901880,0.230969,-0.593921,1.231836,0.142981,-0.384949,1.264832,0.054993,-0.241968,1.319824,0.186975,0.285962,-0.923877,0.197974,0.340955,-0.813892,0.175977,0.384949,-1.000867,0.109985,-0.450940,0.912878,0.043994,-0.329956,1.154846,0.186975,-0.197974,1.154846,103127,493333,-100,109,8246,-16,-4,-20,633
1780493821.437558,103129,493337,0x0FFF,0.439941,0.318958,-0.989868,0.296960,0.494934,-0.967871,0.164978,0.329956,-0.868884,0.219971,-0.681909,1.187842,0.142981,-0.384949,1.165845,0.043994,-0.252966,1.308826,0.175977,0.406946,-0.879883,0.241968,0.439941,-0.901880,0.076990,0.428943,-0.912878,0.230969,-0.395947,0.945874,0.109985,-0.351953,1.154846,0.241968,-0.296960,1.187842,103127,493333,-100,109,8246,-16,-4,-20,633
1780493821.439598,103131,493339,0x0FFF,0.461938,0.318958,-0.989868,0.318958,0.439941,-0.912878,0.252966,0.274963,-0.945874,0.362952,-0.637915,1.198840,0.186975,-0.285962,1.264832,0.043994,-0.318958,1.253833,0.219971,0.384949,-0.923877,0.109985,0.351953,-0.769897,0.076990,0.274963,-0.967871,0.263965,-0.483936,1.011865,0.131982,-0.362952,1.055859,0.186975,-0.186975,1.286829,103130,493337,-104,106,8238,-17,-1,-22,638
1780493821.441579,103132,493341,0x0FFF,0.362952,0.373950,-1.066858,0.296960,0.472937,-1.077856,0.164978,0.461938,-0.923877,0.318958,-0.571924,1.198840,0.043994,-0.296960,1.264832,0.021997,-0.318958,1.374817,0.208972,0.252966,-1.000867,0.153979,0.450940,-0.934875,0.098987,0.428943,-0.901880,0.208972,-0.439941,1.000867,0.087988,-0.417944,1.220837,0.175977,-0.197974,1.165845,103130,493337,-104,106,8238,-17,-1,-22,638
1780493821.443609,103133,493343,0x0FFF,0.494934,0.428943,-1.033862,0.296960,0.527930,-0.978870,0.362952,0.318958,-0.956873,0.197974,-0.615918,1.198840,0.131982,-0.450940,1.231836,0.087988,-0.285962,1.319824,0.120984,0.318958,-0.890881,0.164978,0.494934,-0.824890,0.131982,0.406946,-0.934875,0.252966,-0.296960,0.934875,0.109985,-0.296960,1.143848,0.230969,-0.186975,1.308826,103130,493337,-104,106,8238,-17,-1,-22,638
1780493821.445653,103135,493345,0x0FFF,0.483936,0.318958,-1.011865,0.208972,0.527930,-0.923877,0.230969,0.351953,-0.868884,0.219971,-0.615918,1.286829,0.109985,-0.428943,1.242834,0.000000,-0.197974,1.308826,0.230969,0.263965,-1.044861,0.164978,0.450940,-0.912878,0.065991,0.384949,-1.044861,0.186975,-0.483936,0.857886,0.153979,-0.307959,1.022864,0.142981,-0.230969,1.176843,103134,493343,-102,116,8238,-18,0,-21,641
1780493821.447698,103136,493347,0x0FFF,0.417944,0.351953,-0.989868,0.307959,0.450940,-0.967871,0.263965,0.318958,-0.857886,0.285962,-0.692908,1.275830,0.098987,-0.417944,1.198840,-0.054993,-0.362952,1.253833,0.186975,0.351953,-1.022864,0.153979,0.417944,-0.824890,0.142981,0.560925,-0.879883,0.197974,-0.450940,1.066858,0.153979,-0.373950,1.088855,0.164978,-0.285962,1.220837,103134,493343,-102,116,8238,-18,0,-21,641
1780493821.449922,103138,493349,0x0FFF,0.439941,0.252966,-0.879883,0.285962,0.516931,-0.945874,0.098987,0.373950,-0.890881,0.131982,-0.494934,1.187842,0.098987,-0.340955,1.242834,0.043994,-0.208972,1.253833,0.252966,0.318958,-1.077856,0.197974,0.450940,-0.901880,0.274963,0.417944,-1.022864,0.340955,-0.472937,1.044861,0.175977,-0.395947,1.110852,0.263965,-0.175977,1.187842,103137,493347,-100,115,8235,-16,0,-19,636
1780493821.452419,103139,493351,0x0FFF,0.472937,0.340955,-0.978870,0.351953,0.593921,-0.956873,0.241968,0.362952,-0.879883,0.296960,-0.692908,1.165845,0.219971,-0.296960,1.143848,-0.043994,-0.175977,1.297827,0.318958,0.285962,-0.956873,0.208972,0.362952,-0.857886,0.153979,0.417944,-0.923877,0.164978,-0.417944,1.011865,0.054993,-0.351953,1.088855,0.197974,-0.186975,1.231836,103137,493347,-100,115,8235,-16,0,-19,636
1780493821.453769,103141,493353,0x0FFF,0.373950,0.285962,-0.989868,0.263965,0.406946,-1.033862,0.186975,0.307959,-1.044861,0.175977,-0.681909,1.297827,0.131982,-0.373950,1.231836,-0.021997,-0.318958,1.275830,0.230969,0.384949,-0.989868,0.186975,0.362952,-0.802893,0.109985,0.428943,-0.879883,0.230969,-0.362952,1.000867,0.142981,-0.340955,1.088855,0.120984,-0.153979,1.187842,103140,493352,-92,118,8242,-20,-1,-21,629
1780493821.455914,103142,493355,0x0FFF,0.483936,0.351953,-1.066858,0.274963,0.373950,-0.956873,0.197974,0.329956,-0.890881,0.307959,-0.648914,1.275830,0.076990,-0.351953,1.231836,0.054993,-0.329956,1.264832,0.197974,0.307959,-1.088855,0.263965,0.450940,-0.890881,0.120984,0.373950,-0.945874,0.186975,-0.417944,0.989868,0.142981,-0.373950,1.176843,0.197974,-0.252966,1.176843,103140,493352,-92,118,8242,-20,-1,-21,629
1780493821.458183,103143,493358,0x0FFF,0.439941,0.340955,-0.967871,0.285962,0.483936,-0.934875,0.175977,0.307959,-0.912878,0.307959,-0.626917,1.231836,0.153979,-0.318958,1.264832,0.076990,-0.263965,1.275830,0.197974,0.340955,-0.923877,0.252966,0.461938,-0.703906,0.131982,0.439941,-0.901880,0.329956,-0.373950,0.923877,0.208972,-0.296960,1.132849,0.230969,-0.230969,1.264832,103140,493352,-92,118,8242,-20,-1,-21,629
1780493821.460168,103145,493360,0x0FFF,0.461938,0.340955,-0.934875,0.296960,0.417944,-0.934875,0.252966,0.417944,-0.901880,0.175977,-0.560925,1.198840,0.164978,-0.362952,1.275830,0.010999,-0.274963,1.286829,0.032996,0.340955,-1.110852,0.208972,0.395947,-0.681909,0.208972,0.439941,-0.934875,0.285962,-0.373950,0.956873,0.076990,-0.406946,1.022864,0.098987,-0.219971,1.264832,103144,493358,-92,123,8240,-16,-4,-20,638
1780493821.462126,103146,493362,0x0FFF,0.494934,0.395947,-0.934875,0.395947,0.494934,-0.879883,0.274963,0.274963,-0.802893,0.175977,-0.560925,1.132849,0.098987,-0.329956,1.330823,0.109985,-0.142981,1.319824,0.197974,0.274963,-0.945874,0.131982,0.439941,-0.868884,0.109985,0.395947,-0.879883,0.164978,-0.362952,1.066858,0.164978,-0.351953,1.154846,0.109985,-0.230969,1.220837,103144,493358,-92,123,8240,-16,-4,-20,638
1780493821.464053,103148,493364,0x0FFF,0.406946,0.395947,-1.022864,0.263965,0.538928,-1.000867,0.274963,0.285962,-0.989868,0.197974,-0.670911,1.264832,0.219971,-0.406946,1.187842,0.131982,-0.197974,1.308826,0.285962,0.395947,-0.901880,0.164978,0.461938,-0.824890,0.087988,0.417944,-0.956873,0.274963,-0.472937,0.989868,0.098987,-0.285962,1.110852,0.186975,-0.252966,1.286829,103147,493362,-103,112,8240,-15,-4,-19,645
1780493821.466094,103149,493366,0x0FFF,0.494934,0.428943,-1.055859,0.274963,0.505933,-0.945874,0.230969,0.318958,-0.879883,0.252966,-0.670911,1.143848,-0.010999,-0.373950,1.198840,0.054993,-0.285962,1.242834,0.241968,0.230969,-0.945874,0.263965,0.406946,-0.802893,0.109985,0.318958,-0.901880,0.153979,-0.395947,1.044861,0.065991,-0.362952,1.143848,0.230969,-0.175977,1.143848,103147,493362,-103,112,8240,-15,-4,-19,645
1780493821.468123,103150,493368,0x0FFF,0.483936,0.318958,-1.088855,0.307959,0.494934,-0.967871,0.252966,0.406946,-0.967871,0.362952,-0.637915,1.198840,0.098987,-0.296960,1.297827,0.098987,-0.307959,1.220837,0.076990,0.362952,-0.967871,0.109985,0.472937,-0.769897,0.208972,0.428943,-1.044861,0.186975,-0.428943,0.978870,0.065991,-0.241968,1.154846,0.087988,-0.274963,1.209839,103147,493362,-103,112,8240,-15,-4,-19,645
1780493821.470256,103152,493370,0x0FFF,0.384949,0.329956,-0.989868,0.472937,0.483936,-0.956873,0.274963,0.395947,-0.978870,0.219971,-0.692908,1.176843,0.087988,-0.329956,1.187842,0.043994,-0.285962,1.264832,0.241968,0.373950,-1.044861,0.208972,0.461938,-0.813892,0.263965,0.351953,-0.945874,0.219971,-0.428943,0.945874,0.208972,-0.340955,1.242834,0.142981,-0.197974,1.176843,103151,493368,-99,109,8232,-15,-4,-22,624
1780493821.472566,103153,493372,0x0FFF,0.395947,0.318958,-1.000867,0.329956,0.560925,-0.945874,0.186975,0.384949,-0.956873,0.252966,-0.626917,1.275830,0.164978,-0.406946,1.275830,0.054993,-0.340955,1.286829,0.131982,0.351953,-0.989868,0.142981,0.384949,-0.824890,0.241968,0.428943,-0.901880,0.142981,-0.494934,0.989868,0.109985,-0.362952,1.165845,0.164978,-0.186975,1.253833,103151,493368,-99,109,8232,-15,-4,-22,624
1780493821.474844,103155,493374,0x0FFF,0.461938,0.318958,-1.022864,0.296960,0.505933,-0.923877,0.076990,0.428943,-0.802893,0.241968,-0.637915,1.220837,0.054993,-0.318958,1.198840,-0.010999,-0.241968,1.198840,0.219971,0.439941,-1.066858,0.186975,0.428943,-0.758899,0.087988,0.373950,-1.022864,0.274963,-0.472937,1.044861,0.131982,-0.307959,1.143848,0.241968,-0.219971,1.198840,103154,493372,-96,112,8230,-16,-2,-21,620
1780493821.476870,103156,493376,0x0FFF,0.373950,0.340955,-1.011865,0.241968,0.472937,-0.890881,0.274963,0.274963,-0.923877,0.208972,-0.582922,1.132849,0.109985,-0.263965,1.275830,0.054993,-0.175977,1.242834,0.175977,0.318958,-0.879883,0.186975,0.450940,-0.769897,0.098987,0.307959,-0.956873,0.296960,-0.461938,0.978870,0.098987,-0.439941,1.110852,0.153979,-0.186975,1.264832,103154,493372,-96,112,8230,-16,-2,-21,620
1780493821.478955,103157,493378,0x0FFF,0.417944,0.285962,-1.000867,0.307959,0.494934,-0.989868,0.263965,0.428943,-1.000867,0.263965,-0.670911,1.187842,0.186975,-0.252966,1.165845,0.010999,-0.263965,1.176843,0.153979,0.406946,-1.011865,0.263965,0.329956,-0.857886,0.098987,0.472937,-0.912878,0.307959,-0.461938,0.967871,0.076990,-0.395947,1.209839,0.219971,-0.120984,1.143848,103154,493372,-96,112,8230,-16,-2,-21,620
1780493821.480990,103159,493380,0x0FFF,0.483936,0.329956,-0.945874,0.307959,0.461938,-0.934875,0.219971,0.241968,-0.868884,0.230969,-0.670911,1.220837,0.076990,-0.296960,1.110852,0.021997,-0.241968,1.286829,0.219971,0.373950,-0.978870,0.208972,0.329956,-0.791895,0.120984,0.395947,-0.890881,0.120984,-0.472937,0.956873,0.087988,-0.340955,1.121851,0.186975,-0.186975,1.176843,103158,493379,-83,111,8244,-16,-5,-23,626
1780493821.483067,103160,493383,0x0FFF,0.472937,0.296960,-0.835889,0.329956,0.472937,-0.901880,0.285962,0.362952,-0.934875,0.252966,-0.538928,1.187842,0.131982,-0.307959,1.286829,0.054993,-0.296960,1.308826,0.175977,0.373950,-0.923877,0.164978,0.362952,-0.813892,0.098987,0.472937,-0.934875,0.241968,-0.384949,0.901880,0.175977,-0.362952,1.187842,0.197974,-0.142981,1.198840,103158,493379,-83,111,8244,-16,-5,-23,626
1780493821.485062,103162,493385,0x0FFF,0.450940,0.428943,-0.967871,0.274963,0.494934,-0.923877,0.208972,0.362952,-0.835889,0.307959,-0.780896,1.143848,0.131982,-0.461938,1.253833,-0.021997,-0.263965,1.253833,0.131982,0.373950,-1.000867,0.208972,0.406946,-0.747900,0.098987,0.450940,-0.901880,0.131982,-0.505933,0.978870,0.131982,-0.285962,1.165845,0.120984,-0.263965,1.198840,103161,493383,-89,115,8242,-16,-3,-21,635
1780493821.487161,103163,493387,0x0FFF,0.318958,0.296960,-0.989868,0.263965,0.428943,-0.901880,0.241968,0.340955,-0.912878,0.252966,-0.593921,1.286829,0.076990,-0.351953,1.352820,0.043994,-0.263965,1.363818,0.175977,0.329956,-0.967871,0.065991,0.428943,-0.890881,0.241968,0.340955,-0.989868,0.230969,-0.494934,1.044861,0.175977,-0.351953,1.143848,0.175977,-0.131982,1.220837,103161,493383,-89,115,8242,-16,-3,-21,635
1780493821.489159,103165,493389,0x0FFF,0.373950,0.329956,-1.088855,0.329956,0.505933,-0.956873,0.263965,0.450940,-0.934875,0.208972,-0.659912,1.264832,0.142981,-0.318958,1.187842,0.000000,-0.274963,1.308826,0.186975,0.318958,-0.945874,0.208972,0.406946,-0.813892,0.131982,0.428943,-1.011865,0.230969,-0.384949,0.967871,0.131982,-0.417944,1.187842,0.296960,-0.153979,1.220837,103164,493387,-90,116,8249,-14,-6,-22,632
1780493821.491164,103166,493391,0x0FFF,0.494934,0.395947,-0.934875,0.417944,0.428943,-0.868884,0.208972,0.329956,-0.956873,0.395947,-0.626917,1.176843,-0.032996,-0.241968,1.231836,0.054993,-0.296960,1.297827,0.197974,0.362952,-0.945874,0.186975,0.384949,-0.813892,0.120984,0.461938,-0.967871,0.241968,-0.472937,1.099854,0.098987,-0.307959,1.154846,0.164978,-0.307959,1.066858,103164,493387,-90,116,8249,-14,-6,-22,632
1780493821.493121,103167,493393,0x0FFF,0.483936,0.329956,-1.033862,0.296960,0.494934,-0.923877,0.230969,0.340955,-0.868884,0.197974,-0.637915,1.253833,0.087988,-0.296960,1.253833,0.000000,-0.340955,1.165845,0.241968,0.439941,-1.055859,0.142981,0.461938,-0.824890,0.087988,0.318958,-0.912878,0.263965,-0.384949,1.044861,0.175977,-0.307959,1.154846,0.109985,-0.252966,1.176843,103164,493387,-90,116,8249,-14,-6,-22,632
1780493821.495091,103169,493395,0x0FFF,0.417944,0.406946,-1.022864,0.351953,0.516931,-0.923877,0.186975,0.340955,-0.956873,0.197974,-0.615918,1.187842,-0.021997,-0.417944,1.242834,-0.054993,-0.230969,1.341821,0.263965,0.340955,-1.044861,0.186975,0.494934,-0.780896,0.109985,0.472937,-0.923877,0.175977,-0.417944,1.121851,0.131982,-0.362952,1.110852,0.252966,-0.153979,1.209839,103168,493393,-103,120,8232,-16,-1,-25,636
1780493821.498194,103170,493397,0x0FFF,0.395947,0.252966,-0.956873,0.296960,0.571924,-0.934875,0.197974,0.340955,-0.923877,0.285962,-0.692908,1.253833,0.054993,-0.373950,1.297827,0.000000,-0.351953,1.176843,0.252966,0.241968,-0.956873,0.230969,0.362952,-0.824890,0.197974,0.439941,-0.813892,0.241968,-0.439941,0.934875,0.076990,-0.274963,1.132849,0.098987,-0.142981,1.176843,103168,493393,-103,120,8232,-16,-1,-25,636
1780493821.500217,103172,493399,0x0FFF,0.472937,0.296960,-0.967871,0.263965,0.384949,-0.901880,0.274963,0.406946,-0.923877,0.186975,-0.714905,1.231836,0.197974,-0.318958,1.110852,-0.065991,-0.164978,1.286829,0.186975,0.340955,-0.956873,0.208972,0.494934,-0.857886,0.153979,0.505933,-0.912878,0.307959,-0.439941,0.923877,0.010999,-0.329956,1.143848,0.186975,-0.142981,1.176843,103171,493397,-99,103,8247,-16,-4,-19,631
1780493821.502186,103173,493401,0x0FFF,0.417944,0.351953,-0.978870,0.230969,0.461938,-0.912878,0.186975,0.362952,-0.978870,0.307959,-0.549927,1.209839,0.054993,-0.318958,1.231836,-0.032996,-0.285962,1.242834,0.197974,0.274963,-0.956873,0.164978,0.428943,-0.846887,0.043994,0.318958,-0.978870,0.329956,-0.505933,1.011865,0.197974,-0.329956,1.099854,0.175977,-0.230969,1.143848,103171,493397,-99,103,8247,-16,-4,-19,631
1780493821.504241,103174,493403,0x0FFF,0.494934,0.395947,-1.022864,0.340955,0.516931,-0.945874,0.186975,0.329956,-0.956873,0.384949,-0.659912,1.308826,0.153979,-0.362952,1.198840,0.010999,-0.274963,1.187842,0.098987,0.307959,-0.934875,0.109985,0.373950,-0.791895,0.098987,0.340955,-0.978870,0.263965,-0.395947,1.044861,0.153979,-0.230969,1.132849,0.241968,-0.307959,1.176843,103171,493397,-99,103,8247,-16,-4,-19,631
1780493821.506253,103176,493405,0x0FFF,0.450940,0.362952,-0.945874,0.285962,0.395947,-0.967871,0.307959,0.296960,-0.791895,0.329956,-0.604919,1.220837,0.076990,-0.318958,1.275830,0.000000,-0.285962,1.308826,0.307959,0.329956,-0.934875,0.175977,0.263965,-0.791895,0.252966,0.307959,-0.978870,0.241968,-0.439941,0.978870,0.131982,-0.340955,1.099854,0.153979,-0.186975,1.198840,103175,493404,-106,118,8234,-16,0,-21,630
1780493821.508265,103177,493408,0x0FFF,0.461938,0.285962,-1.011865,0.373950,0.527930,-0.890881,0.307959,0.296960,-0.890881,0.252966,-0.626917,1.308826,0.054993,-0.329956,1.132849,-0.043994,-0.197974,1.264832,0.219971,0.362952,-1.033862,0.296960,0.384949,-0.835889,0.142981,0.428943,-0.945874,0.186975,-0.439941,1.011865,0.054993,-0.362952,1.044861,0.219971,-0.186975,1.165845,103175,493404,-106,118,8234,-16,0,-21,630
1780493821.510248,103179,493410,0x0FFF,0.461938,0.395947,-1.022864,0.417944,0.461938,-0.923877,0.230969,0.417944,-0.846887,0.219971,-0.615918,1.132849,0.164978,-0.296960,1.286829,0.021997,-0.197974,1.275830,0.197974,0.285962,-1.055859,0.208972,0.362952,-0.780896,0.131982,0.450940,-0.956873,0.197974,-0.461938,0.934875,0.054993,-0.417944,1.198840,0.142981,-0.197974,1.165845,103178,493408,-96,116,8239,-17,0,-21,632
1780493821.512212,103180,493412,0x0FFF,0.516931,0.274963,-0.890881,0.428943,0.417944,-0.912878,0.263965,0.362952,-0.923877,0.241968,-0.659912,1.253833,0.175977,-0.340955,1.121851,0.032996,-0.285962,1.319824,0.109985,0.329956,-0.923877,0.241968,0.351953,-0.868884,0.208972,0.395947,-0.934875,0.241968,-0.538928,1.055859,0.109985,-0.395947,1.176843,0.175977,-0.131982,1.242834,103178,493408,-96,116,8239,-17,0,-21,632
1780493821.514150,103182,493414,0x0FFF,0.472937,0.461938,-1.022864,0.373950,0.516931,-0.956873,0.296960,0.329956,-0.978870,0.296960,-0.626917,1.242834,0.087988,-0.307959,1.209839,0.065991,-0.219971,1.209839,0.230969,0.307959,-0.945874,0.208972,0.351953,-0.945874,0.175977,0.362952,-0.890881,0.153979,-0.439941,0.978870,0.109985,-0.351953,1.143848,0.197974,-0.142981,1.044861,103181,493412,-105,102,8236,-17,-3,-19,633
1780493821.516026,103183,493416,0x0FFF,0.593921,0.351953,-1.033862,0.263965,0.527930,-0.824890,0.197974,0.351953,-0.912878,0.285962,-0.648914,1.143848,0.120984,-0.373950,1.231836,0.032996,-0.230969,1.231836,0.241968,0.340955,-1.022864,0.219971,0.505933,-0.736902,0.175977,0.450940,-0.912878,0.230969,-0.395947,0.945874,0.153979,-0.230969,1.099854,0.186975,-0.208972,1.187842,103181,493412,-105,102,8236,-17,-3,-19,633
1780493821.517895,103184,493418,0x0FFF,0.439941,0.296960,-0.879883,0.329956,0.571924,-0.857886,0.252966,0.384949,-0.912878,0.340955,-0.692908,1.275830,0.043994,-0.362952,1.242834,0.021997,-0.285962,1.220837,0.307959,0.329956,-0.956873,0.274963,0.439941,-0.835889,0.087988,0.428943,-0.945874,0.252966,-0.417944,0.890881,0.054993,-0.318958,1.132849,0.208972,-0.208972,1.099854,103181,493412,-105,102,8236,-17,-3,-19,633
1780493821.520032,103186,493420,0x0FFF,0.494934,0.384949,-0.978870,0.307959,0.483936,-0.857886,0.197974,0.329956,-0.890881,0.241968,-0.593921,1.253833,0.164978,-0.362952,1.231836,0.054993,-0.351953,1.275830,0.208972,0.285962,-0.890881,0.098987,0.406946,-0.736902,0.175977,0.527930,-0.824890,0.263965,-0.472937,0.945874,0.109985,-0.417944,1.099854,0.098987,-0.109985,1.198840,103185,493418,-99,114,8238,-17,-2,-22,645
1780493821.523243,103187,493422,0x0FFF,0.395947,0.307959,-0.978870,0.263965,0.472937,-0.989868,0.340955,0.406946,-0.769897,0.285962,-0.659912,1.319824,0.098987,-0.439941,1.165845,0.021997,-0.307959,1.209839,0.208972,0.406946,-1.011865,0.153979,0.450940,-0.846887,0.186975,0.450940,-0.923877,0.241968,-0.472937,1.033862,0.087988,-0.340955,1.165845,0.076990,-0.153979,1.220837,103185,493418,-99,114,8238,-17,-2,-22,645
1780493821.524079,103189,493424,0x0FFF,0.527930,0.329956,-1.044861,0.296960,0.549927,-0.857886,0.318958,0.307959,-0.945874,0.263965,-0.571924,1.264832,0.109985,-0.450940,1.231836,0.010999,-0.340955,1.297827,0.186975,0.296960,-0.978870,0.175977,0.439941,-0.780896,0.098987,0.450940,-0.945874,0.131982,-0.318958,0.934875,0.021997,-0.318958,1.220837,0.175977,-0.175977,1.088855,103188,493422,-97,102,8243,-16,0,-20,644
1780493821.526984,103190,493426,0x0FFF,0.472937,0.406946,-0.989868,0.307959,0.428943,-0.989868,0.175977,0.329956,-0.824890,0.186975,-0.692908,1.297827,0.109985,-0.329956,1.209839,0.043994,-0.098987,1.198840,0.153979,0.263965,-0.978870,0.208972,0.417944,-0.824890,0.043994,0.450940,-0.912878,0.296960,-0.439941,0.912878,0.065991,-0.329956,1.110852,0.087988,-0.274963,1.176843,103188,493422,-97,102,8243,-16,0,-20,644
1780493821.528805,103191,493428,0x0FFF,0.428943,0.373950,-0.923877,0.296960,0.351953,-0.945874,0.230969,0.384949,-0.912878,0.296960,-0.549927,1.264832,0.065991,-0.340955,1.176843,-0.021997,-0.318958,1.242834,0.230969,0.274963,-1.055859,0.186975,0.362952,-0.813892,0.175977,0.549927,-0.934875,0.340955,-0.439941,1.077856,0.054993,-0.362952,1.132849,0.153979,-0.307959,1.165845,103188,493422,-97,102,8243,-16,0,-20,644
1780493821.530792,103193,493430,0x0FFF,0.483936,0.318958,-1.022864,0.296960,0.428943,-0.945874,0.263965,0.318958,-0.901880,0.296960,-0.560925,1.264832,0.065991,-0.274963,1.209839,0.142981,-0.285962,1.253833,0.120984,0.296960,-0.967871,0.340955,0.340955,-0.824890,0.164978,0.494934,-0.857886,0.186975,-0.428943,1.000867,0.120984,-0.428943,1.176843,0.175977,-0.109985,1.231836,103192,493429,-94,115,8230,-14,-2,-22,637
1780493821.532771,103194,493433,0x0FFF,0.395947,0.274963,-0.890881,0.296960,0.538928,-0.846887,0.208972,0.296960,-0.945874,0.230969,-0.648914,1.143848,0.032996,-0.351953,1.209839,0.021997,-0.153979,1.297827,0.252966,0.340955,-0.967871,0.285962,0.516931,-0.802893,0.021997,0.395947,-0.868884,0.186975,-0.439941,0.890881,0.043994,-0.241968,1.198840,0.241968,-0.219971,1.275830,103192,493429,-94,115,8230,-14,-2,-22,637
1780493821.534652,103196,493435,0x0FFF,0.417944,0.329956,-0.978870,0.164978,0.483936,-1.022864,0.197974,0.296960,-0.934875,0.131982,-0.516931,1.264832,0.076990,-0.373950,1.242834,0.032996,-0.274963,1.297827,0.230969,0.307959,-0.978870,0.219971,0.340955,-0.813892,0.142981,0.549927,-0.923877,0.164978,-0.549927,1.000867,0.197974,-0.406946,1.099854,0.153979,-0.219971,1.176843,103195,493433,-102,105,8230,-16,-2,-21,639
1780493821.537753,103197,493437,0x0FFF,0.439941,0.351953,-1.077856,0.340955,0.406946,-0.890881,0.186975,0.351953,-0.912878,0.175977,-0.670911,1.253833,0.032996,-0.252966,1.176843,0.087988,-0.285962,1.308826,0.329956,0.351953,-0.989868,0.120984,0.351953,-0.835889,0.065991,0.406946,-0.857886,0.208972,-0.450940,1.055859,0.098987,-0.384949,1.154846,0.164978,-0.219971,1.253833,103195,493433,-102,105,8230,-16,-2,-21,639
1780493821.539699,103199,493439,0x0FFF,0.406946,0.329956,-0.890881,0.219971,0.472937,-0.956873,0.164978,0.351953,-0.868884,0.274963,-0.571924,1.242834,0.043994,-0.318958,1.220837,0.043994,-0.219971,1.286829,0.186975,0.252966,-0.901880,0.230969,0.505933,-0.824890,0.098987,0.571924,-0.978870,0.230969,-0.417944,1.066858,0.175977,-0.296960,1.187842,0.142981,-0.296960,1.121851,103198,493437,-100,100,8237,-15,0,-16,631
1780493821.541512,103200,493441,0x0FFF,0.527930,0.329956,-0.846887,0.285962,0.626917,-0.956873,0.241968,0.318958,-0.868884,0.296960,-0.538928,1.253833,0.142981,-0.274963,1.242834,-0.032996,-0.362952,1.264832,0.164978,0.296960,-0.912878,0.164978,0.340955,-0.802893,0.043994,0.483936,-0.868884,0.164978,-0.505933,0.912878,0.153979,-0.296960,1.176843,0.164978,-0.263965,1.242834,103198,493437,-100,100,8237,-15,0,-16,631
1780493821.543259,103201,493443,0x0FFF,0.505933,0.417944,-1.066858,0.230969,0.560925,-0.934875,0.164978,0.252966,-0.868884,0.263965,-0.747900,1.330823,0.043994,-0.406946,1.253833,-0.032996,-0.230969,1.264832,0.219971,0.428943,-0.989868,0.109985,0.384949,-0.769897,0.054993,0.395947,-0.934875,0.197974,-0.472937,1.022864,0.043994,-0.318958,1.176843,0.186975,-0.164978,1.231836,103198,493437,-100,100,8237,-15,0,-16,631
1780493821.544885,103203,493445,0x0FFF,0.571924,0.384949,-0.890881,0.296960,0.538928,-0.934875,0.252966,0.274963,-0.890881,0.318958,-0.725903,1.242834,0.208972,-0.340955,1.264832,0.010999,-0.252966,1.242834,0.285962,0.307959,-0.934875,0.054993,0.384949,-0.857886,0.120984,0.252966,-0.890881,0.230969,-0.351953,1.077856,0.120984,-0.373950,1.022864,0.252966,-0.219971,1.297827,103202,493443,-92,122,8250,-16,-1,-26,625
1780493821.547711,103204,493447,0x0FFF,0.450940,0.406946,-0.912878,0.329956,0.428943,-1.099854,0.230969,0.241968,-0.890881,0.351953,-0.593921,1.231836,0.109985,-0.318958,1.253833,0.065991,-0.296960,1.286829,0.285962,0.230969,-0.989868,0.186975,0.307959,-0.780896,0.043994,0.461938,-0.945874,0.230969,-0.428943,0.923877,0.109985,-0.318958,1.121851,0.186975,-0.131982,1.099854,103202,493443,-92,122,8250,-16,-1,-26,625
1780493821.549611,103206,493449,0x0FFF,0.450940,0.384949,-0.923877,0.406946,0.494934,-0.868884,0.197974,0.351953,-0.879883,0.362952,-0.637915,1.275830,0.120984,-0.230969,1.209839,0.065991,-0.208972,1.286829,0.230969,0.318958,-0.978870,0.175977,0.351953,-0.846887,0.120984,0.384949,-0.901880,0.208972,-0.450940,0.934875,0.109985,-0.351953,1.066858,0.142981,-0.219971,1.176843,103205,493447,-101,119,8238,-18,-5,-25,643
1780493821.551577,103207,493451,0x0FFF,0.406946,0.340955,-0.978870,0.197974,0.461938,-0.857886,0.131982,0.362952,-0.901880,0.340955,-0.593921,1.275830,0.043994,-0.362952,1.187842,0.010999,-0.208972,1.286829,0.208972,0.406946,-1.055859,0.175977,0.472937,-0.835889,0.065991,0.395947,-0.945874,0.230969,-0.406946,0.901880,0.153979,-0.472937,1.066858,0.186975,-0.296960,1.187842,103205,493447,-101,119,8238,-18,-5,-25,643
1780493821.553605,103208,493453,0x0FFF,0.472937,0.307959,-0.879883,0.329956,0.439941,-0.901880,0.329956,0.406946,-0.890881,0.340955,-0.593921,1.231836,0.098987,-0.362952,1.165845,0.021997,-0.285962,1.286829,0.274963,0.274963,-1.000867,0.186975,0.395947,-0.879883,0.175977,0.527930,-0.868884,0.219971,-0.505933,0.989868,0.164978,-0.164978,1.055859,0.142981,-0.153979,1.209839,103205,493447,-101,119,8238,-18,-5,-25,643
1780493821.555631,103210,493455,0x0FFF,0.461938,0.373950,-0.967871,0.362952,0.527930,-0.967871,0.230969,0.340955,-0.912878,0.329956,-0.527930,1.242834,0.054993,-0.362952,1.209839,0.000000,-0.329956,1.407812,0.263965,0.362952,-0.956873,0.153979,0.428943,-0.857886,0.087988,0.406946,-0.923877,0.164978,-0.428943,1.022864,0.164978,-0.384949,1.143848,0.131982,-0.131982,1.187842,103209,493454,-98,121,8235,-14,-1,-20,627
1780493821.557558,103211,493458,0x0FFF,0.461938,0.384949,-1.044861,0.296960,0.505933,-0.967871,0.175977,0.329956,-0.890881,0.109985,-0.593921,1.242834,0.109985,-0.307959,1.198840,0.065991,-0.241968,1.352820,0.109985,0.318958,-0.901880,0.098987,0.406946,-0.769897,0.142981,0.582922,-0.923877,0.197974,-0.516931,0.956873,0.120984,-0.373950,1.209839,0.186975,-0.241968,1.286829,103209,493454,-98,121,8235,-14,-1,-20,627
1780493821.559621,103213,493460,0x0FFF,0.428943,0.395947,-0.967871,0.285962,0.582922,-0.978870,0.219971,0.351953,-0.967871,0.274963,-0.670911,1.209839,0.076990,-0.329956,1.286829,0.087988,-0.329956,1.286829,0.219971,0.263965,-0.923877,0.142981,0.439941,-0.901880,0.142981,0.373950,-1.044861,0.153979,-0.307959,1.066858,0.153979,-0.274963,1.187842,0.076990,-0.186975,1.198840,103212,493458,-90,116,8240,-15,-4,-22,628
1780493821.562713,103214,493462,0x0FFF,0.395947,0.329956,-0.945874,0.274963,0.516931,-0.879883,0.197974,0.384949,-0.945874,0.252966,-0.549927,1.341821,0.109985,-0.351953,1.275830,0.109985,-0.340955,1.286829,0.219971,0.329956,-0.967871,0.296960,0.351953,-0.769897,0.032996,0.428943,-0.923877,0.340955,-0.494934,1.022864,0.175977,-0.285962,1.143848,0.175977,-0.153979,1.220837,103212,493458,-90,116,8240,-15,-4,-22,628
1780493821.564748,103216,493464,0x0FFF,0.494934,0.296960,-1.110852,0.219971,0.461938,-0.978870,0.197974,0.285962,-0.890881,0.142981,-0.560925,1.187842,0.076990,-0.307959,1.187842,0.076990,-0.307959,1.253833,0.252966,0.329956,-1.055859,0.252966,0.362952,-0.879883,0.197974,0.450940,-1.033862,0.219971,-0.516931,0.890881,0.087988,-0.318958,1.132849,0.186975,-0.153979,1.231836,103215,493462,-98,98,8243,-15,-1,-22,637
1780493821.566745,103217,493466,0x0FFF,0.406946,0.406946,-1.066858,0.285962,0.494934,-0.868884,0.208972,0.329956,-0.989868,0.208972,-0.582922,1.165845,0.120984,-0.318958,1.242834,0.021997,-0.285962,1.308826,0.230969,0.384949,-0.967871,0.175977,0.296960,-0.747900,0.109985,0.505933,-1.033862,0.241968,-0.439941,0.989868,0.076990,-0.351953,1.066858,0.142981,-0.076990,1.231836,103215,493462,-98,98,8243,-15,-1,-22,637
1780493821.568809,103218,493468,0x0FFF,0.428943,0.362952,-0.923877,0.285962,0.450940,-0.912878,0.208972,0.417944,-0.956873,0.307959,-0.703906,1.132849,0.164978,-0.395947,1.220837,0.109985,-0.263965,1.264832,0.208972,0.208972,-0.890881,0.208972,0.362952,-0.835889,0.230969,0.461938,-1.011865,0.241968,-0.406946,0.945874,0.043994,-0.428943,1.132849,0.065991,-0.230969,1.187842,103215,493462,-98,98,8243,-15,-1,-22,637
1780493821.571020,103220,493470,0x0FFF,0.472937,0.417944,-0.978870,0.285962,0.516931,-0.857886,0.318958,0.340955,-0.846887,0.329956,-0.670911,1.165845,0.000000,-0.285962,1.198840,-0.021997,-0.230969,1.297827,0.208972,0.307959,-0.978870,0.197974,0.395947,-0.692908,0.131982,0.351953,-0.989868,0.219971,-0.417944,0.956873,0.098987,-0.230969,1.088855,0.142981,-0.208972,1.264832,103219,493468,-94,112,8233,-15,-2,-18,643
1780493821.573048,103221,493472,0x0FFF,0.373950,0.263965,-0.945874,0.329956,0.494934,-0.824890,0.285962,0.340955,-0.934875,0.208972,-0.626917,1.187842,0.142981,-0.406946,1.286829,0.076990,-0.263965,1.264832,0.208972,0.329956,-1.066858,0.087988,0.439941,-0.824890,0.153979,0.395947,-0.923877,0.076990,-0.417944,0.978870,0.109985,-0.241968,1.132849,0.164978,-0.241968,1.154846,103219,493468,-94,112,8233,-15,-2,-18,643
1780493821.575049,103223,493474,0x0FFF,0.516931,0.384949,-0.967871,0.296960,0.439941,-0.989868,0.241968,0.373950,-0.857886,0.263965,-0.670911,1.143848,-0.010999,-0.241968,1.231836,0.065991,-0.219971,1.330823,0.208972,0.197974,-0.901880,0.197974,0.384949,-0.901880,0.032996,0.384949,-0.956873,0.164978,-0.505933,0.934875,0.098987,-0.219971,1.209839,0.131982,-0.230969,1.275830,103222,493472,-90,103,8242,-18,-2,-22,634
1780493821.576973,103224,493476,0x0FFF,0.472937,0.307959,-1.066858,0.373950,0.505933,-0.857886,0.208972,0.384949,-0.890881,0.230969,-0.527930,1.143848,0.087988,-0.373950,1.275830,0.000000,-0.329956,1.242834,0.219971,0.285962,-0.934875,0.230969,0.340955,-0.835889,0.109985,0.417944,-1.022864,0.241968,-0.604919,1.022864,0.021997,-0.384949,1.187842,0.175977,-0.208972,1.143848,103222,493472,-90,103,8242,-18,-2,-22,634
1780493821.578980,103225,493478,0x0FFF,0.538928,0.351953,-0.890881,0.340955,0.450940,-0.967871,0.263965,0.263965,-0.967871,0.263965,-0.648914,1.275830,0.087988,-0.351953,1.198840,-0.032996,-0.230969,1.231836,0.219971,0.131982,-0.956873,0.318958,0.417944,-0.813892,0.197974,0.351953,-0.934875,0.219971,-0.384949,1.000867,0.120984,-0.351953,1.143848,0.164978,-0.230969,1.308826,103222,493472,-90,103,8242,-18,-2,-22,634
1780493821.580947,103227,493480,0x0FFF,0.494934,0.406946,-0.945874,0.307959,0.505933,-0.857886,0.153979,0.351953,-0.967871,0.230969,-0.681909,1.242834,0.010999,-0.274963,1.165845,0.131982,-0.307959,1.341821,0.219971,0.395947,-0.956873,0.241968,0.450940,-0.802893,0.098987,0.384949,-0.912878,0.219971,-0.417944,1.033862,0.197974,-0.296960,1.154846,0.153979,-0.186975,1.099854,103226,493479,-98,109,8243,-15,1,-18,633
1780493821.582918,103228,493483,0x0FFF,0.384949,0.384949,-0.978870,0.252966,0.472937,-0.879883,0.329956,0.362952,-0.923877,0.263965,-0.626917,1.209839,0.076990,-0.406946,1.275830,-0.043994,-0.296960,1.286829,0.252966,0.142981,-1.055859,0.208972,0.373950,-0.912878,0.087988,0.494934,-1.011865,0.241968,-0.483936,0.923877,0.098987,-0.340955,1.187842,0.230969,-0.252966,1.220837,103226,493479,-98,109,8243,-15,1,-18,633
1780493821.584876,103230,493485,0x0FFF,0.472937,0.384949,-0.923877,0.197974,0.428943,-0.835889,0.252966,0.340955,-0.890881,0.241968,-0.593921,1.176843,0.098987,-0.329956,1.242834,-0.076990,-0.241968,1.341821,0.142981,0.406946,-1.011865,0.175977,0.428943,-0.868884,0.109985,0.516931,-0.967871,0.208972,-0.428943,0.934875,0.131982,-0.164978,1.209839,0.186975,-0.164978,1.165845,103229,493483,-107,126,8236,-15,-2,-18,638
1780493821.586790,103231,493487,0x0FFF,0.582922,0.296960,-0.989868,0.296960,0.450940,-0.923877,0.252966,0.318958,-0.967871,0.219971,-0.670911,1.242834,0.098987,-0.329956,1.253833,0.010999,-0.351953,1.407812,0.197974,0.362952,-0.857886,0.263965,0.362952,-0.857886,0.087988,0.450940,-1.044861,0.175977,-0.439941,0.901880,0.087988,-0.340955,1.231836,0.175977,-0.142981,1.143848,103229,493483,-107,126,8236,-15,-2,-18,638
1780493821.588905,103233,493489,0x0FFF,0.505933,0.296960,-0.967871,0.329956,0.461938,-0.934875,0.186975,0.296960,-0.934875,0.263965,-0.670911,1.242834,-0.054993,-0.395947,1.286829,0.021997,-0.274963,1.319824,0.109985,0.395947,-1.088855,0.153979,0.329956,-0.758899,0.120984,0.439941,-0.912878,0.186975,-0.472937,1.044861,0.109985,-0.384949,1.242834,0.208972,-0.219971,1.143848,103232,493487,-109,110,8236,-18,-1,-20,634
1780493821.590836,103234,493491,0x0FFF,0.417944,0.384949,-1.022864,0.296960,0.417944,-0.868884,0.296960,0.395947,-0.747900,0.307959,-0.582922,1.198840,0.087988,-0.351953,1.220837,0.186975,-0.296960,1.220837,0.274963,0.351953,-1.011865,0.164978,0.439941,-0.758899,0.131982,0.351953,-0.967871,0.164978,-0.560925,0.989868,0.164978,-0.362952,1.088855,0.131982,-0.241968,1.275830,103232,493487,-109,110,8236,-18,-1,-20,634
1780493821.593919,103235,493493,0x0FFF,0.428943,0.340955,-1.000867,0.318958,0.461938,-0.901880,0.175977,0.461938,-0.912878,0.153979,-0.615918,1.198840,0.098987,-0.329956,1.198840,0.043994,-0.296960,1.352820,0.142981,0.274963,-0.989868,0.197974,0.384949,-0.868884,0.131982,0.417944,-0.978870,0.186975,-0.538928,0.989868,0.120984,-0.362952,1.121851,0.175977,-0.021997,1.110852,103232,493487,-109,110,8236,-18,-1,-20,634
1780493821.595978,103237,493495,0x0FFF,0.439941,0.362952,-0.967871,0.340955,0.516931,-0.923877,0.186975,0.428943,-0.912878,0.197974,-0.648914,1.308826,0.076990,-0.373950,1.242834,0.065991,-0.219971,1.286829,0.175977,0.274963,-1.000867,0.230969,0.362952,-0.890881,0.197974,0.428943,-0.923877,0.230969,-0.439941,1.011865,0.131982,-0.373950,1.176843,0.175977,-0.219971,1.231836,103236,493493,-101,106,8241,-18,-1,-18,639
1780493821.598059,103238,493497,0x0FFF,0.362952,0.230969,-0.945874,0.252966,0.549927,-0.890881,0.230969,0.384949,-0.923877,0.208972,-0.527930,1.253833,0.043994,-0.417944,1.165845,-0.010999,-0.208972,1.253833,0.175977,0.384949,-0.989868,0.197974,0.516931,-0.769897,0.153979,0.439941,-1.011865,0.230969,-0.428943,1.000867,0.054993,-0.373950,1.187842,0.175977,-0.208972,1.165845,103236,493493,-101,106,8241,-18,-1,-18,639
1780493821.600086,103240,493499,0x0FFF,0.395947,0.395947,-0.923877,0.318958,0.527930,-0.912878,0.175977,0.362952,-0.890881,0.252966,-0.538928,1.187842,0.087988,-0.406946,1.231836,-0.021997,-0.285962,1.330823,0.252966,0.373950,-0.945874,0.186975,0.329956,-0.780896,0.164978,0.527930,-0.835889,0.219971,-0.417944,0.989868,0.043994,-0.384949,1.132849,0.285962,-0.164978,1.176843,103239,493497,-106,92,8243,-18,-1,-21,636
1780493821.602039,103241,493501,0x0FFF,0.318958,0.329956,-0.956873,0.296960,0.494934,-1.011865,0.307959,0.362952,-0.890881,0.230969,-0.560925,1.110852,0.087988,-0.351953,1.363818,0.032996,-0.252966,1.176843,0.219971,0.285962,-0.978870,0.274963,0.461938,-0.868884,0.098987,0.395947,-0.934875,0.164978,-0.417944,0.978870,0.087988,-0.384949,1.088855,0.175977,-0.186975,1.231836,103239,493497,-106,92,8243,-18,-1,-21,636
1780493821.604089,103242,493503,0x0FFF,0.582922,0.296960,-0.956873,0.373950,0.494934,-0.879883,0.164978,0.439941,-0.923877,0.175977,-0.637915,1.187842,0.164978,-0.406946,1.110852,0.032996,-0.208972,1.308826,0.153979,0.252966,-1.055859,0.186975,0.406946,-0.824890,0.131982,0.340955,-0.967871,0.252966,-0.439941,1.022864,0.109985,-0.351953,1.165845,0.241968,-0.230969,1.220837,103239,493497,-106,92,8243,-18,-1,-21,636
1780493821.606108,103244,493505,0x0FFF,0.505933,0.241968,-1.000867,0.318958,0.527930,-1.000867,0.219971,0.351953,-0.978870,0.219971,-0.538928,1.176843,0.043994,-0.263965,1.330823,0.065991,-0.175977,1.242834,0.252966,0.450940,-0.989868,0.230969,0.329956,-0.857886,0.065991,0.549927,-0.945874,0.274963,-0.428943,1.000867,0.153979,-0.274963,1.066858,0.054993,-0.186975,1.198840,103243,493504,-94,111,8237,-17,-3,-19,625
1780493821.608141,103245,493508,0x0FFF,0.417944,0.351953,-0.934875,0.329956,0.439941,-0.923877,0.252966,0.351953,-0.901880,0.307959,-0.582922,1.165845,0.043994,-0.373950,1.176843,-0.032996,-0.263965,1.220837,0.131982,0.340955,-0.989868,0.164978,0.428943,-0.846887,0.252966,0.384949,-0.978870,0.175977,-0.373950,1.044861,0.153979,-0.395947,1.077856,0.021997,-0.175977,1.165845,103243,493504,-94,111,8237,-17,-3,-19,625
1780493821.610221,103247,493510,0x0FFF,0.417944,0.340955,-1.033862,0.307959,0.450940,-0.967871,0.285962,0.307959,-0.890881,0.241968,-0.549927,1.154846,0.098987,-0.230969,1.330823,0.000000,-0.296960,1.297827,0.252966,0.362952,-0.923877,0.065991,0.384949,-0.879883,0.043994,0.450940,-0.956873,0.164978,-0.538928,1.033862,0.131982,-0.395947,1.165845,0.175977,-0.186975,1.154846,103246,493508,-104,102,8234,-17,-2,-21,637
1780493821.612134,103248,493512,0x0FFF,0.307959,0.428943,-1.099854,0.219971,0.439941,-0.879883,0.241968,0.373950,-0.846887,0.329956,-0.769897,1.121851,0.065991,-0.318958,1.275830,-0.065991,-0.142981,1.341821,0.241968,0.230969,-0.879883,0.153979,0.494934,-0.835889,0.109985,0.483936,-0.846887,0.274963,-0.461938,0.868884,0.186975,-0.450940,1.231836,0.197974,-0.285962,1.209839,103246,493508,-104,102,8234,-17,-2,-21,637
1780493821.614082,103249,493514,0x0FFF,0.439941,0.340955,-0.923877,0.307959,0.384949,-0.956873,0.329956,0.285962,-0.846887,0.197974,-0.571924,1.242834,0.087988,-0.340955,1.121851,0.065991,-0.263965,1.352820,0.208972,0.285962,-1.066858,0.164978,0.417944,-0.846887,0.054993,0.373950,-0.879883,0.153979,-0.384949,0.978870,0.098987,-0.318958,1.209839,0.065991,-0.241968,1.154846,103246,493508,-104,102,8234,-17,-2,-21,637
1780493821.616014,103251,493516,0x0FFF,0.472937,0.351953,-0.956873,0.318958,0.516931,-0.967871,0.274963,0.384949,-0.967871,0.197974,-0.648914,1.165845,0.131982,-0.340955,1.242834,0.010999,-0.329956,1.209839,0.175977,0.318958,-0.978870,0.142981,0.505933,-0.901880,0.131982,0.516931,-0.956873,0.263965,-0.439941,1.000867,0.087988,-0.351953,1.209839,0.175977,-0.197974,1.308826,103250,493514,-99,121,8245,-17,-1,-21,631
1780493821.617916,103252,493518,0x0FFF,0.439941,0.241968,-1.022864,0.406946,0.450940,-0.813892,0.285962,0.395947,-1.033862,0.263965,-0.626917,1.198840,0.043994,-0.318958,1.209839,0.032996,-0.252966,1.297827,0.186975,0.351953,-0.912878,0.076990,0.318958,-0.747900,0.131982,0.428943,-1.022864,0.175977,-0.450940,0.989868,0.098987,-0.318958,1.110852,0.065991,-0.175977,1.198840,103250,493514,-99,121,8245,-17,-1,-21,631
1780493821.619967,103254,493520,0x0FFF,0.483936,0.296960,-1.033862,0.428943,0.384949,-0.901880,0.274963,0.274963,-1.011865,0.186975,-0.648914,1.198840,0.131982,-0.340955,1.198840,0.032996,-0.296960,1.220837,0.065991,0.384949,-0.912878,0.241968,0.439941,-0.824890,0.120984,0.384949,-0.890881,0.197974,-0.450940,0.989868,0.109985,-0.230969,1.176843,0.219971,-0.208972,1.165845,103253,493518,-110,122,8245,-17,-4,-23,635
1780493821.623112,103255,493522,0x0FFF,0.417944,0.318958,-1.088855,0.318958,0.450940,-1.011865,0.263965,0.252966,-0.978870,0.307959,-0.626917,1.242834,0.109985,-0.340955,1.264832,0.010999,-0.406946,1.319824,0.175977,0.175977,-0.912878,0.153979,0.417944,-0.835889,0.120984,0.406946,-0.879883,0.164978,-0.472937,0.923877,0.142981,-0.340955,1.242834,0.164978,-0.252966,1.176843,103253,493518,-110,122,8245,-17,-4,-23,635
1780493821.625145,103257,493524,0x0FFF,0.406946,0.307959,-1.099854,0.351953,0.516931,-0.912878,0.296960,0.351953,-0.956873,0.329956,-0.582922,1.187842,0.054993,-0.285962,1.264832,0.054993,-0.263965,1.319824,0.208972,0.329956,-0.989868,0.164978,0.340955,-0.868884,0.065991,0.373950,-0.879883,0.241968,-0.483936,0.901880,0.153979,-0.373950,1.121851,0.186975,-0.131982,1.143848,103256,493522,-101,104,8231,-17,-2,-21,639
1780493821.627213,103258,493526,0x0FFF,0.439941,0.307959,-1.022864,0.230969,0.461938,-0.857886,0.285962,0.329956,-0.813892,0.285962,-0.615918,1.242834,0.065991,-0.318958,1.165845,-0.065991,-0.274963,1.242834,0.186975,0.450940,-0.912878,0.197974,0.428943,-0.802893,0.164978,0.483936,-0.890881,0.296960,-0.439941,1.022864,0.087988,-0.296960,1.121851,0.230969,-0.263965,1.242834,103256,493522,-101,104,8231,-17,-2,-21,639
1780493821.629302,103259,493528,0x0FFF,0.428943,0.351953,-1.011865,0.527930,0.494934,-1.000867,0.241968,0.406946,-0.890881,0.219971,-0.615918,1.264832,-0.021997,-0.307959,1.209839,0.032996,-0.329956,1.242834,0.131982,0.296960,-0.857886,0.142981,0.296960,-0.736902,0.175977,0.417944,-1.011865,0.285962,-0.384949,1.033862,0.054993,-0.395947,1.121851,0.153979,-0.296960,1.242834,103256,493522,-101,104,8231,-17,-2,-21,639
1780493821.631296,103261,493530,0x0FFF,0.450940,0.329956,-0.934875,0.252966,0.505933,-0.901880,0.263965,0.362952,-0.923877,0.285962,-0.670911,1.231836,0.076990,-0.296960,1.297827,-0.021997,-0.219971,1.209839,0.208972,0.373950,-1.077856,0.120984,0.285962,-0.901880,0.153979,0.406946,-0.912878,0.274963,-0.461938,1.011865,0.120984,-0.274963,1.121851,0.186975,-0.274963,1.275830,103260,493529,-88,105,8238,-17,-5,-19,644
1780493821.633313,103262,493533,0x0FFF,0.483936,0.406946,-0.879883,0.296960,0.461938,-0.890881,0.175977,0.230969,-0.934875,0.241968,-0.549927,1.220837,0.131982,-0.307959,1.253833,0.000000,-0.373950,1.319824,0.263965,0.351953,-0.956873,0.153979,0.406946,-0.868884,0.054993,0.428943,-0.989868,0.142981,-0.406946,0.978870,0.175977,-0.373950,1.198840,0.219971,-0.219971,1.253833,103260,493529,-88,105,8238,-17,-5,-19,644
1780493821.635252,103264,493535,0x0FFF,0.395947,0.351953,-0.967871,0.296960,0.439941,-0.956873,0.230969,0.351953,-0.901880,0.274963,-0.648914,1.253833,0.153979,-0.252966,1.297827,0.032996,-0.307959,1.352820,0.164978,0.318958,-1.033862,0.197974,0.439941,-0.813892,0.186975,0.296960,-1.000867,0.252966,-0.461938,1.121851,0.043994,-0.252966,1.132849,0.208972,-0.175977,1.242834,103263,493533,-89,91,8233,-16,-4,-20,630
1780493821.637152,103265,493537,0x0FFF,0.472937,0.351953,-0.967871,0.373950,0.593921,-0.802893,0.197974,0.351953,-0.868884,0.219971,-0.593921,1.220837,0.131982,-0.340955,1.297827,-0.021997,-0.263965,1.275830,0.241968,0.296960,-0.879883,0.098987,0.384949,-0.835889,0.120984,0.428943,-0.967871,0.296960,-0.505933,0.956873,0.032996,-0.329956,1.099854,0.208972,-0.197974,1.209839,103263,493533,-89,91,8233,-16,-4,-20,630
1780493821.639143,103266,493539,0x0FFF,0.450940,0.307959,-0.879883,0.274963,0.538928,-0.967871,0.296960,0.318958,-0.857886,0.219971,-0.626917,1.231836,0.109985,-0.406946,1.220837,0.043994,-0.241968,1.209839,0.241968,0.362952,-0.945874,0.197974,0.384949,-0.769897,0.208972,0.461938,-0.989868,0.252966,-0.395947,0.879883,0.120984,-0.230969,1.143848,0.131982,-0.120984,1.121851,103263,493533,-89,91,8233,-16,-4,-20,630
1780493821.641079,103268,493541,0x0FFF,0.406946,0.483936,-0.901880,0.274963,0.461938,-0.901880,0.307959,0.373950,-0.769897,0.285962,-0.747900,1.253833,0.098987,-0.384949,1.253833,-0.043994,-0.230969,1.319824,0.197974,0.362952,-0.967871,0.186975,0.461938,-0.857886,0.197974,0.351953,-0.934875,0.142981,-0.450940,0.934875,0.142981,-0.351953,1.143848,0.142981,-0.197974,1.198840,103267,493539,-99,119,8242,-17,-1,-20,630
1780493821.642982,103269,493543,0x0FFF,0.450940,0.351953,-1.000867,0.274963,0.560925,-0.989868,0.241968,0.428943,-0.901880,0.274963,-0.593921,1.187842,0.087988,-0.406946,1.176843,0.043994,-0.263965,1.176843,0.274963,0.186975,-1.022864,0.076990,0.472937,-0.857886,0.142981,0.450940,-0.868884,0.175977,-0.461938,1.077856,0.087988,-0.318958,1.187842,0.131982,-0.296960,1.231836,103267,493539,-99,119,8242,-17,-1,-20,630
1780493821.645022,103271,493545,0x0FFF,0.472937,0.274963,-1.011865,0.285962,0.560925,-0.912878,0.274963,0.329956,-0.945874,0.351953,-0.648914,1.231836,0.153979,-0.373950,1.198840,0.021997,-0.230969,1.319824,0.186975,0.307959,-0.945874,0.263965,0.351953,-0.824890,0.109985,0.461938,-0.945874,0.252966,-0.461938,0.967871,0.087988,-0.340955,1.143848,0.219971,-0.131982,1.165845,103270,493543,-93,120,8237,-17,0,-20,641
1780493821.648175,103272,493547,0x0FFF,0.384949,0.395947,-0.989868,0.197974,0.461938,-0.879883,0.252966,0.384949,-0.879883,0.351953,-0.582922,1.198840,0.043994,-0.318958,1.253833,0.043994,-0.186975,1.209839,0.054993,0.362952,-0.978870,0.241968,0.318958,-0.868884,0.142981,0.395947,-1.011865,0.054993,-0.428943,0.978870,0.087988,-0.373950,1.088855,0.131982,-0.274963,1.242834,103270,493543,-93,120,8237,-17,0,-20,641
1780493821.649525,103274,493549,0x0FFF,0.428943,0.318958,-0.912878,0.285962,0.571924,-0.923877,0.263965,0.351953,-0.824890,0.219971,-0.516931,1.176843,0.000000,-0.329956,1.165845,0.021997,-0.241968,1.374817,0.252966,0.296960,-1.000867,0.186975,0.373950,-0.923877,0.043994,0.373950,-0.945874,0.153979,-0.494934,1.066858,0.098987,-0.296960,1.066858,0.153979,-0.109985,1.220837,103273,493547,-96,120,8249,-19,-2,-20,638
1780493821.651476,103275,493551,0x0FFF,0.483936,0.340955,-1.011865,0.329956,0.505933,-1.022864,0.230969,0.274963,-0.824890,0.241968,-0.538928,1.341821,0.043994,-0.285962,1.176843,0.021997,-0.285962,1.253833,0.164978,0.351953,-1.066858,0.153979,0.351953,-0.857886,0.098987,0.461938,-0.879883,0.219971,-0.472937,0.978870,0.098987,-0.395947,1.154846,0.142981,-0.164978,1.165845,103273,493547,-96,120,8249,-19,-2,-20,638
1780493821.653377,103276,493553,0x0FFF,0.505933,0.241968,-0.945874,0.395947,0.450940,-0.989868,0.241968,0.329956,-0.780896,0.329956,-0.648914,1.209839,0.021997,-0.351953,1.264832,0.043994,-0.164978,1.330823,0.175977,0.406946,-1.044861,0.208972,0.340955,-0.956873,0.164978,0.439941,-0.934875,0.285962,-0.450940,0.978870,0.131982,-0.274963,1.121851,0.186975,-0.175977,1.242834,103273,493547,-96,120,8249,-19,-2,-20,638
1780493821.655581,103279,493555,0x0FFF,0.505933,0.395947,-0.967871,0.307959,0.373950,-0.912878,0.241968,0.384949,-0.934875,0.329956,-0.560925,1.110852,0.054993,-0.329956,1.165845,-0.021997,-0.274963,1.253833,0.274963,0.285962,-0.934875,0.285962,0.450940,-0.780896,0.164978,0.483936,-0.879883,0.274963,-0.428943,0.890881,0.197974,-0.296960,1.275830,0.219971,-0.329956,1.132849,103278,493554,-96,112,8241,-16,-3,-21,632
1780493821.657471,103280,493558,0x0FFF,0.472937,0.340955,-0.945874,0.395947,0.549927,-0.879883,0.219971,0.395947,-0.901880,0.274963,-0.648914,1.308826,0.120984,-0.307959,1.231836,0.076990,-0.230969,1.286829,0.241968,0.263965,-0.901880,0.109985,0.384949,-0.813892,0.120984,0.406946,-0.956873,0.175977,-0.329956,0.912878,0.000000,-0.384949,1.165845,0.109985,-0.186975,1.132849,103278,493554,-96,112,8241,-16,-3,-21,632
1780493821.659510,103282,493560,0x0FFF,0.384949,0.285962,-1.055859,0.263965,0.439941,-0.934875,0.274963,0.417944,-0.912878,0.186975,-0.659912,1.176843,0.175977,-0.241968,1.231836,0.032996,-0.186975,1.231836,0.109985,0.362952,-0.945874,0.252966,0.395947,-0.725903,0.208972,0.307959,-0.890881,0.219971,-0.373950,0.956873,0.120984,-0.318958,1.154846,0.186975,-0.175977,1.154846,103281,493558,-109,111,8242,-15,0,-21,634
1780493821.662494,103283,493562,0x0FFF,0.560925,0.472937,-0.989868,0.384949,0.450940,-0.780896,0.142981,0.351953,-0.967871,0.208972,-0.593921,1.297827,0.109985,-0.384949,1.242834,0.032996,-0.219971,1.297827,0.197974,0.285962,-0.934875,0.164978,0.450940,-0.857886,0.197974,0.373950,-0.945874,0.131982,-0.428943,0.923877,0.065991,-0.384949,1.110852,0.252966,-0.142981,1.077856,103281,493558,-109,111,8242,-15,0,-21,634
1780493821.664466,103284,493564,0x0FFF,0.461938,0.373950,-1.033862,0.340955,0.505933,-0.714905,0.274963,0.307959,-0.978870,0.153979,-0.571924,1.308826,0.153979,-0.373950,1.253833,0.065991,-0.208972,1.297827,0.175977,0.285962,-0.978870,0.230969,0.428943,-0.824890,0.109985,0.417944,-0.967871,0.274963,-0.384949,0.956873,0.153979,-0.241968,1.187842,0.175977,-0.241968,1.176843,103281,493558,-109,111,8242,-15,0,-21,634
1780493821.666450,103286,493566,0x0FFF,0.406946,0.406946,-0.945874,0.241968,0.582922,-0.934875,0.274963,0.362952,-0.857886,0.340955,-0.681909,1.209839,0.120984,-0.450940,1.231836,0.043994,-0.252966,1.242834,0.230969,0.340955,-0.879883,0.164978,0.450940,-0.780896,0.032996,0.505933,-0.901880,0.351953,-0.461938,1.033862,0.131982,-0.340955,1.154846,0.054993,-0.241968,1.330823,103285,493564,-90,107,8243,-16,-2,-21,634
1780493821.668428,103287,493568,0x0FFF,0.439941,0.362952,-0.934875,0.307959,0.505933,-0.780896,0.263965,0.461938,-0.890881,0.142981,-0.615918,1.308826,0.065991,-0.362952,1.242834,-0.021997,-0.186975,1.374817,0.219971,0.351953,-0.978870,0.274963,0.340955,-0.846887,0.164978,0.505933,-0.956873,0.131982,-0.461938,1.022864,0.109985,-0.285962,1.242834,0.252966,-0.131982,1.154846,103285,493564,-90,107,8243,-16,-2,-21,634
1780493821.670555,103289,493570,0x0FFF,0.483936,0.406946,-1.044861,0.285962,0.417944,-0.868884,0.208972,0.439941,-0.868884,0.340955,-0.560925,1.253833,0.076990,-0.285962,1.176843,-0.153979,-0.252966,1.330823,0.307959,0.296960,-0.934875,0.219971,0.406946,-0.758899,0.219971,0.351953,-0.901880,0.208972,-0.450940,0.956873,0.120984,-0.373950,1.033862,0.131982,-0.164978,1.297827,103288,493568,-96,107,8229,-18,-2,-24,634
1780493821.672515,103290,493572,0x0FFF,0.428943,0.307959,-0.989868,0.285962,0.417944,-0.923877,0.175977,0.362952,-0.879883,0.197974,-0.615918,1.253833,0.142981,-0.362952,1.121851,0.065991,-0.296960,1.308826,0.186975,0.329956,-0.945874,0.252966,0.439941,-0.879883,0.175977,0.571924,-0.923877,0.241968,-0.582922,1.011865,0.142981,-0.373950,1.154846,0.120984,-0.208972,1.220837,103288,493568,-96,107,8229,-18,-2,-24,634
1780493821.674359,103292,493574,0x0FFF,0.439941,0.230969,-0.967871,0.263965,0.461938,-0.846887,0.230969,0.340955,-0.978870,0.406946,-0.604919,1.176843,0.065991,-0.373950,1.154846,0.098987,-0.395947,1.253833,0.087988,0.406946,-1.033862,0.175977,0.296960,-0.791895,0.087988,0.450940,-0.868884,0.230969,-0.461938,1.055859,0.098987,-0.340955,1.242834,0.054993,-0.109985,1.143848,103291,493573,-99,118,8244,-17,-5,-20,629
1780493821.676224,103293,493576,0x0FFF,0.516931,0.406946,-0.945874,0.285962,0.472937,-0.791895,0.340955,0.417944,-0.736902,0.318958,-0.593921,1.275830,0.142981,-0.384949,1.385815,-0.021997,-0.318958,1.286829,0.131982,0.263965,-0.945874,0.285962,0.351953,-0.780896,0.120984,0.450940,-0.890881,0.175977,-0.461938,0.901880,0.131982,-0.428943,1.143848,0.175977,-0.263965,1.198840,103291,493573,-99,118,8244,-17,-5,-20,629
1780493821.678845,103294,493578,0x0FFF,0.406946,0.318958,-1.000867,0.329956,0.384949,-0.923877,0.285962,0.329956,-0.901880,0.252966,-0.560925,1.110852,0.120984,-0.395947,1.275830,-0.043994,-0.285962,1.264832,0.241968,0.285962,-1.033862,0.241968,0.494934,-0.780896,0.175977,0.395947,-0.901880,0.230969,-0.527930,0.956873,0.054993,-0.384949,1.088855,0.164978,-0.285962,1.264832,103291,493573,-99,118,8244,-17,-5,-20,629
1780493821.680115,103296,493580,0x0FFF,0.417944,0.373950,-0.857886,0.252966,0.417944,-0.901880,0.285962,0.318958,-0.868884,0.307959,-0.582922,1.110852,0.175977,-0.384949,1.176843,0.010999,-0.395947,1.319824,0.197974,0.318958,-1.000867,0.109985,0.472937,-0.791895,0.142981,0.461938,-0.857886,0.230969,-0.450940,0.901880,0.142981,-0.417944,1.143848,0.241968,-0.263965,1.187842,103295,493579,-98,109,8236,-16,-5,-23,631
1780493821.683293,103297,493583,0x0FFF,0.472937,0.340955,-0.901880,0.263965,0.428943,-0.989868,0.208972,0.340955,-0.879883,0.208972,-0.593921,1.242834,0.054993,-0.340955,1.231836,0.021997,-0.296960,1.286829,0.153979,0.263965,-0.989868,0.175977,0.340955,-0.835889,0.120984,0.351953,-0.923877,0.208972,-0.351953,0.945874,0.164978,-0.351953,1.033862,0.164978,-0.241968,1.209839,103295,493579,-98,109,8236,-16,-5,-23,631
1780493821.685356,103299,493585,0x0FFF,0.439941,0.373950,-1.000867,0.340955,0.549927,-0.835889,0.230969,0.373950,-0.857886,0.285962,-0.560925,1.330823,0.043994,-0.340955,1.231836,0.065991,-0.285962,1.264832,0.164978,0.263965,-0.989868,0.142981,0.384949,-0.824890,0.032996,0.351953,-0.956873,0.230969,-0.494934,0.923877,0.087988,-0.373950,1.044861,0.230969,-0.131982,1.231836,103298,493583,-99,106,8244,-15,-5,-24,628
1780493821.687440,103300,493587,0x0FFF,0.439941,0.340955,-1.066858,0.307959,0.461938,-0.890881,0.241968,0.318958,-0.934875,0.296960,-0.593921,1.297827,0.153979,-0.362952,1.330823,0.098987,-0.285962,1.319824,0.142981,0.362952,-0.989868,0.120984,0.439941,-0.824890,0.208972,0.384949,-0.934875,0.197974,-0.549927,0.967871,0.153979,-0.373950,1.110852,0.175977,-0.219971,1.319824,103298,493583,-99,106,8244,-15,-5,-24,628
1780493821.689496,103301,493589,0x0FFF,0.384949,0.329956,-0.989868,0.219971,0.494934,-0.912878,0.296960,0.318958,-0.901880,0.285962,-0.604919,1.132849,0.087988,-0.274963,1.264832,-0.054993,-0.307959,1.209839,0.109985,0.351953,-1.011865,0.131982,0.417944,-0.835889,0.010999,0.483936,-1.044861,0.241968,-0.439941,0.824890,0.076990,-0.329956,1.176843,0.120984,-0.274963,1.132849,103298,493583,-99,106,8244,-15,-5,-24,628
1780493821.691316,103303,493591,0x0FFF,0.483936,0.241968,-0.890881,0.318958,0.483936,-0.934875,0.164978,0.329956,-0.846887,0.241968,-0.593921,1.209839,0.065991,-0.285962,1.264832,0.043994,-0.307959,1.297827,0.153979,0.329956,-0.912878,0.274963,0.406946,-0.813892,0.153979,0.406946,-0.890881,0.285962,-0.417944,1.033862,0.131982,-0.362952,1.110852,0.219971,-0.230969,1.132849,103302,493589,-88,119,8229,-18,-4,-22,631
1780493821.693395,103304,493593,0x0FFF,0.450940,0.296960,-1.033862,0.395947,0.439941,-1.000867,0.197974,0.362952,-0.923877,0.395947,-0.659912,1.220837,0.054993,-0.318958,1.198840,0.032996,-0.296960,1.352820,0.043994,0.252966,-0.956873,0.175977,0.318958,-0.802893,0.175977,0.571924,-0.923877,0.285962,-0.395947,1.066858,0.142981,-0.285962,1.110852,0.186975,-0.252966,1.165845,103302,493589,-88,119,8229,-18,-4,-22,631
1780493821.695300,103306,493595,0x0FFF,0.439941,0.384949,-1.044861,0.373950,0.494934,-0.835889,0.230969,0.307959,-0.857886,0.197974,-0.538928,1.165845,0.142981,-0.417944,1.187842,0.054993,-0.307959,1.242834,0.142981,0.329956,-1.022864,0.175977,0.395947,-0.714905,0.175977,0.406946,-0.945874,0.219971,-0.384949,0.923877,0.153979,-0.285962,1.154846,0.197974,-0.175977,1.275830,103305,493593,-96,119,8243,-16,-3,-24,632
1780493821.697129,103307,493597,0x0FFF,0.439941,0.307959,-0.989868,0.296960,0.472937,-0.945874,0.252966,0.329956,-0.989868,0.164978,-0.582922,1.176843,0.054993,-0.472937,1.352820,0.032996,-0.274963,1.374817,0.241968,0.274963,-0.912878,0.142981,0.362952,-0.736902,0.153979,0.395947,-0.912878,0.351953,-0.395947,1.022864,0.109985,-0.351953,1.088855,0.153979,-0.296960,1.198840,103305,493593,-96,119,8243,-16,-3,-24,632
1780493821.698978,103309,493599,0x0FFF,0.527930,0.318958,-0.967871,0.241968,0.483936,-0.967871,0.164978,0.395947,-0.901880,0.307959,-0.637915,1.198840,0.109985,-0.406946,1.264832,-0.076990,-0.351953,1.253833,0.219971,0.263965,-1.044861,0.153979,0.406946,-0.890881,0.098987,0.505933,-0.890881,0.153979,-0.505933,0.978870,0.109985,-0.406946,1.077856,0.175977,-0.285962,1.187842,103308,493598,-98,114,8230,-17,-3,-18,646
1780493821.701654,103310,493601,0x0FFF,0.461938,0.450940,-0.934875,0.351953,0.615918,-0.901880,0.186975,0.406946,-0.912878,0.142981,-0.582922,1.209839,0.065991,-0.285962,1.253833,0.043994,-0.296960,1.330823,0.197974,0.318958,-1.066858,0.208972,0.384949,-0.791895,0.131982,0.439941,-0.901880,0.164978,-0.395947,1.066858,0.175977,-0.439941,1.176843,0.120984,-0.241968,1.264832,103308,493598,-98,114,8230,-17,-3,-18,646
1780493821.703382,103311,493603,0x0FFF,0.505933,0.373950,-1.088855,0.285962,0.582922,-0.868884,0.241968,0.241968,-0.978870,0.230969,-0.593921,1.253833,0.098987,-0.296960,1.319824,0.032996,-0.186975,1.319824,0.230969,0.241968,-0.934875,0.219971,0.417944,-0.857886,0.098987,0.494934,-0.857886,0.252966,-0.516931,0.912878,0.164978,-0.340955,1.110852,0.252966,-0.131982,1.044861,103308,493598,-98,114,8230,-17,-3,-18,646
1780493821.705915,103313,493605,0x0FFF,0.406946,0.373950,-0.978870,0.219971,0.505933,-0.967871,0.230969,0.395947,-0.890881,0.285962,-0.571924,1.209839,-0.043994,-0.406946,1.220837,0.032996,-0.241968,1.319824,0.318958,0.351953,-1.022864,0.230969,0.362952,-0.747900,0.065991,0.406946,-0.967871,0.241968,-0.395947,1.022864,0.164978,-0.395947,1.176843,0.054993,-0.252966,1.088855,103312,493604,-99,115,8231,-16,-1,-21,643
1780493821.707587,103314,493608,0x0FFF,0.505933,0.296960,-0.923877,0.296960,0.472937,-0.890881,0.285962,0.351953,-0.879883,0.208972,-0.670911,1.220837,0.043994,-0.351953,1.088855,0.076990,-0.252966,1.286829,0.285962,0.274963,-0.945874,0.230969,0.285962,-0.791895,0.109985,0.439941,-0.967871,0.219971,-0.461938,0.978870,0.186975,-0.263965,1.231836,0.164978,-0.186975,1.187842,103312,493604,-99,115,8231,-16,-1,-21,643
1780493821.709543,103316,493610,0x0FFF,0.406946,0.329956,-1.044861,0.263965,0.527930,-0.923877,0.241968,0.461938,-0.901880,0.197974,-0.527930,1.242834,0.142981,-0.340955,1.198840,0.054993,-0.263965,1.242834,0.296960,0.252966,-0.868884,0.131982,0.439941,-0.813892,0.087988,0.450940,-0.934875,0.208972,-0.483936,0.956873,-0.010999,-0.318958,1.242834,0.186975,-0.274963,1.154846,103315,493608,-100,128,8231,-18,-6,-21,631
1780493821.712297,103317,493612,0x0FFF,0.406946,0.351953,-0.989868,0.263965,0.560925,-0.835889,0.164978,0.252966,-0.901880,0.318958,-0.681909,1.220837,0.164978,-0.384949,1.132849,0.000000,-0.186975,1.352820,0.219971,0.340955,-1.000867,0.274963,0.296960,-0.835889,0.010999,0.373950,-0.945874,0.197974,-0.384949,0.901880,0.065991,-0.307959,1.088855,0.208972,-0.219971,1.220837,103315,493608,-100,128,8231,-18,-6,-21,631
1780493821.713826,103318,493614,0x0FFF,0.483936,0.417944,-1.055859,0.252966,0.538928,-0.945874,0.252966,0.362952,-0.923877,0.241968,-0.703906,1.209839,0.032996,-0.351953,1.330823,-0.010999,-0.175977,1.253833,0.131982,0.285962,-0.945874,0.197974,0.351953,-0.868884,0.087988,0.428943,-0.967871,0.186975,-0.439941,1.055859,0.043994,-0.351953,1.132849,0.131982,-0.186975,1.275830,103315,493608,-100,128,8231,-18,-6,-21,631
1780493821.716465,103320,493616,0x0FFF,0.439941,0.307959,-1.033862,0.307959,0.483936,-0.890881,0.274963,0.296960,-0.912878,0.296960,-0.593921,1.209839,0.109985,-0.230969,1.187842,0.021997,-0.329956,1.187842,0.296960,0.329956,-1.022864,0.274963,0.384949,-0.857886,0.142981,0.494934,-0.846887,0.186975,-0.428943,1.033862,0.065991,-0.340955,1.198840,0.219971,-0.186975,1.308826,103319,493614,-111,116,8227,-17,-4,-22,636
1780493821.718038,103321,493618,0x0FFF,0.472937,0.252966,-0.967871,0.219971,0.450940,-0.802893,0.208972,0.395947,-0.912878,0.230969,-0.703906,1.264832,0.120984,-0.472937,1.220837,0.043994,-0.263965,1.297827,0.285962,0.329956,-0.912878,0.186975,0.406946,-0.802893,0.142981,0.417944,-0.890881,0.285962,-0.538928,1.011865,0.076990,-0.351953,1.165845,0.186975,-0.208972,1.220837,103319,493614,-111,116,8227,-17,-4,-22,636
1780493821.720661,103323,493620,0x0FFF,0.472937,0.373950,-1.022864,0.274963,0.560925,-1.011865,0.241968,0.351953,-0.879883,0.241968,-0.659912,1.253833,0.197974,-0.351953,1.220837,-0.032996,-0.307959,1.330823,0.208972,0.241968,-0.956873,0.230969,0.351953,-0.868884,0.098987,0.483936,-0.879883,0.164978,-0.538928,0.956873,0.109985,-0.329956,1.275830,0.186975,-0.131982,1.099854,103322,493618,-98,115,8235,-16,-3,-22,637
1780493821.722083,103324,493622,0x0FFF,0.384949,0.329956,-0.945874,0.274963,0.417944,-0.901880,0.274963,0.351953,-0.912878,0.186975,-0.516931,1.231836,0.054993,-0.395947,1.242834,0.054993,-0.296960,1.264832,0.274963,0.252966,-1.011865,0.230969,0.395947,-0.758899,0.076990,0.439941,-0.989868,0.142981,-0.362952,0.978870,0.098987,-0.362952,1.165845,0.186975,-0.164978,1.220837,103322,493618,-98,115,8235,-16,-3,-22,637
1780493821.724565,103325,493624,0x0FFF,0.483936,0.373950,-1.011865,0.340955,0.461938,-1.033862,0.263965,0.417944,-0.769897,0.263965,-0.637915,1.231836,0.131982,-0.329956,1.198840,0.032996,-0.197974,1.176843,0.252966,0.362952,-1.033862,0.230969,0.428943,-0.736902,0.142981,0.494934,-0.912878,0.263965,-0.494934,0.901880,0.131982,-0.373950,1.143848,0.153979,-0.208972,1.154846,103322,493618,-98,115,8235,-16,-3,-22,637
1780493821.726145,103327,493626,0x0FFF,0.450940,0.483936,-0.934875,0.285962,0.549927,-0.846887,0.307959,0.307959,-0.846887,0.230969,-0.615918,1.220837,0.043994,-0.362952,1.165845,0.109985,-0.241968,1.220837,0.208972,0.263965,-1.033862,0.285962,0.340955,-0.824890,0.153979,0.362952,-0.923877,0.307959,-0.549927,1.055859,0.131982,-0.373950,1.121851,0.208972,-0.142981,1.154846,103326,493625,-104,98,8246,-16,-5,-23,624
1780493821.728779,103328,493628,0x0FFF,0.406946,0.373950,-1.000867,0.318958,0.439941,-0.934875,0.153979,0.395947,-0.835889,0.274963,-0.659912,1.154846,0.098987,-0.285962,1.176843,-0.010999,-0.274963,1.220837,0.175977,0.351953,-0.912878,0.208972,0.417944,-0.846887,0.164978,0.439941,-0.912878,0.274963,-0.494934,1.033862,0.197974,-0.362952,1.132849,0.175977,-0.208972,1.198840,103326,493625,-104,98,8246,-16,-5,-23,624
1780493821.730278,103330,493630,0x0FFF,0.406946,0.362952,-1.022864,0.428943,0.450940,-0.945874,0.219971,0.318958,-0.923877,0.274963,-0.659912,1.264832,0.010999,-0.296960,1.220837,-0.021997,-0.274963,1.396814,0.318958,0.307959,-0.857886,0.274963,0.296960,-0.769897,0.164978,0.362952,-0.989868,0.197974,-0.472937,0.923877,0.076990,-0.340955,1.187842,0.142981,-0.164978,1.209839,103329,493629,-95,120,8228,-15,-7,-20,641
1780493821.732891,103331,493633,0x0FFF,0.450940,0.483936,-0.846887,0.219971,0.549927,-0.934875,0.197974,0.208972,-0.978870,0.307959,-0.571924,1.242834,0.087988,-0.505933,1.297827,0.032996,-0.296960,1.352820,0.131982,0.263965,-0.835889,0.230969,0.395947,-0.857886,0.241968,0.406946,-0.868884,0.274963,-0.395947,0.912878,0.032996,-0.362952,1.187842,0.263965,-0.175977,1.198840,103329,493629,-95,120,8228,-15,-7,-20,641
1780493821.734514,103333,493635,0x0FFF,0.505933,0.362952,-1.033862,0.406946,0.538928,-0.901880,0.329956,0.384949,-0.879883,0.164978,-0.516931,1.220837,0.109985,-0.362952,1.231836,-0.054993,-0.241968,1.407812,0.230969,0.384949,-1.033862,0.175977,0.285962,-0.747900,0.131982,0.505933,-0.989868,0.307959,-0.406946,0.989868,0.109985,-0.340955,1.077856,0.274963,-0.219971,1.242834,103332,493633,-96,101,8249,-17,-2,-21,632
1780493821.737214,103334,493637,0x0FFF,0.450940,0.373950,-0.967871,0.307959,0.516931,-0.835889,0.252966,0.307959,-0.901880,0.296960,-0.615918,1.220837,0.131982,-0.373950,1.143848,0.087988,-0.219971,1.341821,0.153979,0.362952,-0.934875,0.164978,0.362952,-0.758899,0.087988,0.417944,-1.022864,0.142981,-0.439941,0.978870,0.076990,-0.362952,1.187842,0.241968,-0.318958,1.253833,103332,493633,-96,101,8249,-17,-2,-21,632
1780493821.738955,103335,493639,0x0FFF,0.428943,0.439941,-0.890881,0.351953,0.494934,-0.890881,0.252966,0.373950,-0.846887,0.285962,-0.571924,1.176843,0.120984,-0.395947,1.209839,0.043994,-0.318958,1.297827,0.417944,0.362952,-1.022864,0.131982,0.428943,-0.890881,0.131982,0.494934,-0.956873,0.164978,-0.373950,0.956873,0.032996,-0.197974,1.253833,0.131982,-0.175977,1.242834,103332,493633,-96,101,8249,-17,-2,-21,632
1780493821.740593,103337,493641,0x0FFF,0.461938,0.395947,-1.011865,0.362952,0.505933,-0.813892,0.296960,0.373950,-0.967871,0.296960,-0.670911,1.187842,0.109985,-0.362952,1.264832,0.032996,-0.351953,1.352820,0.186975,0.296960,-0.934875,0.175977,0.384949,-0.813892,0.164978,0.428943,-0.846887,0.098987,-0.439941,1.033862,0.032996,-0.362952,1.088855,0.109985,-0.252966,1.231836,103336,493639,-100,118,8233,-18,-3,-20,634
1780493821.743845,103338,493643,0x0FFF,0.351953,0.252966,-0.868884,0.351953,0.384949,-0.923877,0.263965,0.406946,-0.978870,0.263965,-0.626917,1.308826,0.065991,-0.373950,1.253833,-0.021997,-0.351953,1.330823,0.109985,0.395947,-1.066858,0.076990,0.461938,-0.901880,0.098987,0.439941,-0.923877,0.197974,-0.340955,1.044861,0.043994,-0.263965,1.209839,0.252966,-0.219971,1.176843,103336,493639,-100,118,8233,-18,-3,-20,634
1780493821.745853,103340,493645,0x0FFF,0.439941,0.384949,-1.055859,0.197974,0.637915,-0.956873,0.252966,0.285962,-0.923877,0.307959,-0.648914,1.165845,0.065991,-0.351953,1.253833,-0.065991,-0.219971,1.363818,0.175977,0.351953,-0.967871,0.362952,0.241968,-0.835889,0.065991,0.406946,-0.901880,0.197974,-0.450940,0.846887,0.109985,-0.285962,1.088855,0.186975,-0.197974,1.143848,103339,493643,-102,98,8245,-16,-2,-22,624
1780493821.747716,103341,493647,0x0FFF,0.450940,0.307959,-0.978870,0.329956,0.505933,-0.802893,0.219971,0.384949,-0.978870,0.362952,-0.692908,1.275830,0.098987,-0.384949,1.198840,0.098987,-0.340955,1.308826,0.164978,0.296960,-0.978870,0.230969,0.395947,-0.901880,0.098987,0.406946,-0.846887,0.153979,-0.439941,0.989868,0.142981,-0.406946,1.154846,0.175977,-0.153979,1.286829,103339,493643,-102,98,8245,-16,-2,-22,624
1780493821.749580,103342,493649,0x0FFF,0.472937,0.285962,-1.022864,0.318958,0.494934,-0.956873,0.252966,0.252966,-0.945874,0.351953,-0.670911,1.176843,0.120984,-0.406946,1.330823,-0.087988,-0.296960,1.308826,0.175977,0.351953,-0.912878,0.219971,0.329956,-0.780896,0.164978,0.373950,-0.923877,0.230969,-0.461938,0.978870,0.098987,-0.296960,1.143848,0.208972,-0.263965,1.176843,103339,493643,-102,98,8245,-16,-2,-22,624
1780493821.751554,103344,493651,0x0FFF,0.516931,0.340955,-0.923877,0.263965,0.538928,-1.011865,0.175977,0.351953,-0.967871,0.252966,-0.615918,1.242834,0.076990,-0.373950,1.154846,0.087988,-0.417944,1.363818,0.164978,0.373950,-0.978870,0.219971,0.417944,-0.780896,0.175977,0.461938,-1.000867,0.274963,-0.494934,0.912878,0.065991,-0.417944,1.121851,0.164978,-0.208972,1.198840,103343,493650,-98,118,8242,-18,-4,-23,632
1780493821.753705,103345,493653,0x0FFF,0.428943,0.241968,-1.110852,0.296960,0.516931,-0.912878,0.208972,0.296960,-0.890881,0.252966,-0.615918,1.319824,0.021997,-0.406946,1.286829,0.000000,-0.307959,1.286829,0.197974,0.263965,-0.890881,0.230969,0.351953,-0.780896,0.109985,0.384949,-1.000867,0.241968,-0.450940,1.044861,0.131982,-0.351953,1.209839,0.241968,-0.175977,1.132849,103343,493650,-98,118,8242,-18,-4,-23,632
1780493821.755944,103347,493655,0x0FFF,0.384949,0.329956,-0.912878,0.296960,0.549927,-0.835889,0.252966,0.340955,-0.879883,0.219971,-0.560925,1.330823,0.109985,-0.406946,1.297827,0.010999,-0.263965,1.209839,0.098987,0.318958,-1.077856,0.208972,0.373950,-0.758899,0.131982,0.461938,-0.989868,0.263965,-0.505933,0.923877,0.076990,-0.340955,1.154846,0.109985,-0.230969,1.176843,103346,493654,-92,122,8233,-13,-3,-19,645
1780493821.758147,103348,493658,0x0FFF,0.472937,0.362952,-0.956873,0.318958,0.417944,-0.923877,0.307959,0.285962,-0.879883,0.241968,-0.637915,1.198840,0.043994,-0.395947,1.176843,0.010999,-0.175977,1.330823,0.208972,0.318958,-0.956873,0.153979,0.340955,-0.725903,0.230969,0.450940,-0.868884,0.340955,-0.384949,0.912878,0.065991,-0.285962,1.088855,0.131982,-0.219971,1.154846,103346,493654,-92,122,8233,-13,-3,-19,645
1780493821.760326,103350,493660,0x0FFF,0.483936,0.340955,-0.923877,0.274963,0.527930,-0.945874,0.296960,0.296960,-0.879883,0.208972,-0.659912,1.143848,0.109985,-0.406946,1.275830,0.010999,-0.296960,1.242834,0.131982,0.307959,-1.022864,0.263965,0.428943,-0.813892,0.087988,0.450940,-0.879883,0.197974,-0.406946,0.967871,0.109985,-0.384949,1.220837,0.120984,-0.197974,1.176843,103349,493658,-83,117,8248,-14,0,-19,633
1780493821.762454,103351,493662,0x0FFF,0.571924,0.285962,-0.978870,0.362952,0.450940,-0.989868,0.153979,0.406946,-1.022864,0.285962,-0.604919,1.209839,0.120984,-0.307959,1.231836,0.087988,-0.296960,1.363818,0.274963,0.329956,-1.066858,0.153979,0.384949,-0.813892,0.098987,0.461938,-0.835889,0.241968,-0.384949,1.088855,0.142981,-0.318958,1.165845,0.208972,-0.230969,1.253833,103349,493658,-83,117,8248,-14,0,-19,633
1780493821.764649,103352,493664,0x0FFF,0.516931,0.329956,-1.000867,0.395947,0.538928,-1.000867,0.340955,0.318958,-1.000867,0.164978,-0.560925,1.286829,0.054993,-0.417944,1.187842,0.076990,-0.230969,1.209839,0.230969,0.274963,-0.912878,0.186975,0.329956,-0.747900,0.153979,0.395947,-0.868884,0.285962,-0.461938,0.934875,0.021997,-0.450940,1.220837,0.219971,-0.065991,1.187842,103349,493658,-83,117,8248,-14,0,-19,633
1780493821.766828,103354,493666,0x0FFF,0.395947,0.384949,-0.890881,0.307959,0.417944,-0.901880,0.241968,0.406946,-0.879883,0.186975,-0.516931,1.319824,0.098987,-0.208972,1.165845,0.000000,-0.285962,1.286829,0.208972,0.230969,-1.088855,0.186975,0.428943,-0.857886,0.120984,0.461938,-0.824890,0.208972,-0.362952,0.912878,0.142981,-0.329956,1.088855,0.021997,-0.274963,1.253833,103353,493664,-104,99,8231,-18,-2,-22,644
1780493821.769182,103355,493668,0x0FFF,0.417944,0.307959,-1.022864,0.428943,0.472937,-0.868884,0.252966,0.318958,-0.912878,0.230969,-0.626917,1.154846,0.153979,-0.285962,1.297827,-0.043994,-0.274963,1.231836,0.208972,0.340955,-0.989868,0.197974,0.395947,-0.868884,0.065991,0.472937,-1.033862,0.186975,-0.439941,0.945874,0.153979,-0.263965,1.154846,0.175977,-0.197974,1.198840,103353,493664,-104,99,8231,-18,-2,-22,644
1780493821.770314,103357,493670,0x0FFF,0.494934,0.417944,-1.055859,0.296960,0.417944,-0.868884,0.219971,0.296960,-0.901880,0.241968,-0.648914,1.286829,0.076990,-0.362952,1.286829,-0.131982,-0.219971,1.231836,0.230969,0.362952,-0.989868,0.274963,0.450940,-0.758899,0.098987,0.516931,-0.868884,0.263965,-0.505933,0.967871,0.186975,-0.252966,1.319824,0.219971,-0.197974,1.231836,103356,493668,-97,114,8245,-16,-2,-22,629
1780493821.772458,103358,493672,0x0FFF,0.494934,0.340955,-1.022864,0.351953,0.615918,-0.912878,0.175977,0.362952,-0.879883,0.274963,-0.626917,1.220837,0.164978,-0.483936,1.308826,0.010999,-0.230969,1.154846,0.208972,0.384949,-0.934875,0.164978,0.384949,-0.857886,0.120984,0.428943,-0.901880,0.318958,-0.395947,1.088855,0.208972,-0.296960,1.055859,0.186975,-0.131982,1.275830,103356,493668,-97,114,8245,-16,-2,-22,629
1780493821.774605,103359,493674,0x0FFF,0.428943,0.252966,-0.879883,0.395947,0.505933,-0.956873,0.219971,0.384949,-0.791895,0.252966,-0.527930,1.297827,0.098987,-0.351953,1.297827,0.054993,-0.296960,1.220837,0.197974,0.340955,-0.934875,0.142981,0.505933,-0.802893,0.109985,0.428943,-0.934875,0.208972,-0.439941,0.989868,0.153979,-0.373950,1.132849,0.054993,-0.186975,1.242834,103356,493668,-97,114,8245,-16,-2,-22,629
1780493821.776687,103361,493676,0x0FFF,0.428943,0.373950,-0.945874,0.318958,0.340955,-0.934875,0.131982,0.406946,-0.868884,0.241968,-0.648914,1.286829,0.197974,-0.450940,1.220837,-0.032996,-0.318958,1.286829,0.241968,0.406946,-0.956873,0.131982,0.538928,-0.824890,0.043994,0.373950,-1.022864,0.296960,-0.439941,1.011865,0.076990,-0.318958,1.088855,0.219971,-0.109985,1.253833,103360,493675,-98,124,8220,-18,-4,-18,638
1780493821.778784,103362,493678,0x0FFF,0.373950,0.329956,-1.055859,0.274963,0.483936,-0.945874,0.241968,0.296960,-0.945874,0.307959,-0.604919,1.143848,0.142981,-0.384949,1.165845,0.087988,-0.241968,1.286829,0.230969,0.252966,-0.978870,0.142981,0.406946,-0.769897,0.208972,0.384949,-0.934875,0.263965,-0.461938,1.044861,0.065991,-0.340955,1.231836,0.175977,-0.208972,1.121851,103360,493675,-98,124,8220,-18,-4,-18,638
1780493821.780820,103364,493680,0x0FFF,0.450940,0.307959,-1.088855,0.340955,0.428943,-0.912878,0.208972,0.252966,-0.890881,0.263965,-0.681909,1.297827,0.120984,-0.428943,1.198840,-0.043994,-0.186975,1.275830,0.197974,0.285962,-1.033862,0.296960,0.384949,-0.846887,0.098987,0.384949,-0.967871,0.241968,-0.329956,1.011865,0.131982,-0.351953,1.110852,0.274963,-0.153979,1.253833,103363,493679,-96,113,8238,-15,-2,-22,634
1780493821.782890,103365,493683,0x0FFF,0.450940,0.373950,-0.967871,0.274963,0.450940,-0.923877,0.208972,0.307959,-0.912878,0.252966,-0.626917,1.231836,0.065991,-0.285962,1.143848,0.142981,-0.351953,1.275830,0.164978,0.296960,-0.978870,0.109985,0.406946,-0.725903,0.175977,0.362952,-0.978870,0.208972,-0.351953,1.044861,0.065991,-0.318958,1.209839,0.142981,-0.142981,1.231836,103363,493679,-96,113,8238,-15,-2,-22,634
1780493821.784935,103367,493685,0x0FFF,0.340955,0.340955,-1.011865,0.263965,0.439941,-0.912878,0.252966,0.340955,-0.857886,0.252966,-0.582922,1.319824,0.076990,-0.274963,1.253833,0.021997,-0.340955,1.330823,0.285962,0.296960,-0.956873,0.109985,0.472937,-0.857886,0.000000,0.461938,-0.923877,0.175977,-0.483936,0.945874,0.142981,-0.395947,1.209839,0.098987,-0.186975,1.165845,103366,493683,-109,115,8250,-17,-4,-22,637
1780493821.786917,103368,493687,0x0FFF,0.483936,0.329956,-1.099854,0.296960,0.549927,-0.901880,0.153979,0.296960,-0.923877,0.296960,-0.637915,1.165845,0.054993,-0.340955,1.297827,0.032996,-0.230969,1.319824,0.230969,0.373950,-0.967871,0.219971,0.450940,-0.802893,0.109985,0.329956,-0.890881,0.263965,-0.450940,0.967871,0.109985,-0.263965,1.121851,0.186975,-0.208972,1.220837,103366,493683,-109,115,8250,-17,-4,-22,637
1780493821.788922,103369,493689,0x0FFF,0.472937,0.395947,-0.934875,0.241968,0.472937,-0.835889,0.274963,0.318958,-0.813892,0.252966,-0.670911,1.176843,0.109985,-0.351953,1.176843,-0.087988,-0.263965,1.286829,0.120984,0.351953,-0.989868,0.274963,0.362952,-0.846887,0.120984,0.527930,-0.945874,0.219971,-0.417944,1.000867,0.175977,-0.285962,1.132849,0.109985,-0.252966,1.253833,103366,493683,-109,115,8250,-17,-4,-22,637
1780493821.791083,103371,493691,0x0FFF,0.560925,0.252966,-0.934875,0.351953,0.450940,-0.824890,0.296960,0.296960,-0.912878,0.219971,-0.637915,1.297827,0.131982,-0.263965,1.275830,0.054993,-0.340955,1.231836,0.241968,0.252966,-0.978870,0.142981,0.285962,-0.780896,0.153979,0.318958,-0.945874,0.285962,-0.362952,0.978870,0.142981,-0.329956,1.220837,0.153979,-0.241968,1.220837,103370,493689,-94,114,8232,-17,-4,-20,629
1780493821.793052,103372,493693,0x0FFF,0.417944,0.340955,-0.923877,0.296960,0.461938,-0.901880,0.340955,0.395947,-0.967871,0.307959,-0.582922,1.143848,0.076990,-0.329956,1.253833,0.098987,-0.274963,1.363818,0.241968,0.241968,-0.901880,0.164978,0.417944,-0.846887,0.109985,0.362952,-0.956873,0.252966,-0.450940,0.945874,0.087988,-0.252966,1.121851,0.175977,-0.131982,1.330823,103370,493689,-94,114,8232,-17,-4,-20,629
1780493821.795210,103374,493695,0x0FFF,0.494934,0.395947,-0.989868,0.351953,0.505933,-0.890881,0.197974,0.296960,-0.912878,0.296960,-0.725903,1.176843,0.087988,-0.263965,1.165845,0.021997,-0.230969,1.319824,0.219971,0.395947,-1.066858,0.175977,0.373950,-0.835889,0.208972,0.417944,-1.055859,0.274963,-0.373950,1.022864,0.098987,-0.307959,1.176843,0.153979,-0.230969,1.088855,103373,493693,-94,125,8232,-16,-4,-21,632
1780493821.797168,103375,493697,0x0FFF,0.395947,0.252966,-1.033862,0.296960,0.461938,-0.879883,0.219971,0.373950,-0.956873,0.362952,-0.626917,1.198840,0.065991,-0.296960,1.319824,-0.021997,-0.318958,1.286829,0.285962,0.318958,-0.978870,0.098987,0.285962,-0.901880,0.142981,0.439941,-0.912878,0.274963,-0.384949,1.066858,0.065991,-0.285962,1.143848,0.197974,-0.230969,1.286829,103373,493693,-94,125,8232,-16,-4,-21,632
1780493821.800410,103376,493699,0x0FFF,0.527930,0.285962,-1.011865,0.307959,0.461938,-0.945874,0.285962,0.307959,-0.967871,0.285962,-0.626917,1.176843,0.098987,-0.384949,1.198840,0.010999,-0.208972,1.209839,0.219971,0.417944,-0.934875,0.142981,0.450940,-0.824890,0.252966,0.307959,-0.923877,0.285962,-0.395947,1.055859,0.186975,-0.351953,1.143848,0.109985,-0.098987,1.209839,103373,493693,-94,125,8232,-16,-4,-21,632
1780493821.801407,103378,493701,0x0FFF,0.483936,0.318958,-0.978870,0.340955,0.505933,-0.846887,0.274963,0.340955,-0.945874,0.296960,-0.637915,1.220837,0.131982,-0.395947,1.187842,0.000000,-0.186975,1.286829,0.274963,0.252966,-0.989868,0.164978,0.461938,-0.868884,0.197974,0.472937,-1.033862,0.241968,-0.384949,0.978870,0.142981,-0.340955,1.220837,0.175977,-0.241968,1.198840,103377,493700,-103,114,8244,-16,-2,-22,628
1780493821.803402,103379,493703,0x0FFF,0.516931,0.439941,-0.934875,0.362952,0.428943,-1.000867,0.252966,0.296960,-0.901880,0.285962,-0.571924,1.275830,0.098987,-0.307959,1.308826,0.000000,-0.175977,1.165845,0.164978,0.296960,-0.989868,0.252966,0.384949,-0.824890,0.120984,0.384949,-0.934875,0.164978,-0.461938,1.055859,0.076990,-0.395947,1.198840,0.164978,-0.263965,1.187842,103377,493700,-103,114,8244,-16,-2,-22,628
1780493821.805506,103381,493705,0x0FFF,0.472937,0.373950,-0.934875,0.307959,0.450940,-0.945874,0.252966,0.373950,-1.055859,0.285962,-0.560925,1.198840,0.087988,-0.307959,1.286829,0.021997,-0.175977,1.297827,0.252966,0.384949,-0.989868,0.109985,0.406946,-0.791895,0.076990,0.417944,-0.989868,0.252966,-0.395947,0.989868,0.043994,-0.329956,1.077856,0.098987,-0.098987,1.198840,103380,493704,-94,99,8234,-15,-4,-21,642
1780493821.807502,103382,493708,0x0FFF,0.472937,0.406946,-0.945874,0.318958,0.483936,-0.824890,0.263965,0.373950,-1.000867,0.263965,-0.626917,1.187842,0.032996,-0.395947,1.242834,-0.076990,-0.153979,1.352820,0.131982,0.373950,-0.956873,0.142981,0.450940,-0.780896,0.087988,0.505933,-0.934875,0.285962,-0.406946,1.000867,0.076990,-0.439941,1.088855,0.087988,-0.230969,1.088855,103380,493704,-94,99,8234,-15,-4,-21,642
1780493821.810747,103384,493710,0x0FFF,0.428943,0.296960,-1.000867,0.384949,0.505933,-0.923877,0.208972,0.318958,-0.945874,0.219971,-0.670911,1.253833,0.142981,-0.274963,1.209839,0.000000,-0.285962,1.275830,0.197974,0.252966,-0.978870,0.208972,0.296960,-0.813892,0.197974,0.439941,-0.967871,0.186975,-0.373950,1.011865,0.109985,-0.406946,1.220837,0.186975,-0.131982,1.297827,103383,493708,-103,117,8243,-16,-2,-19,643
1780493821.811618,103385,493712,0x0FFF,0.461938,0.307959,-1.000867,0.219971,0.604919,-1.000867,0.263965,0.340955,-0.967871,0.241968,-0.604919,1.165845,0.054993,-0.406946,1.231836,-0.010999,-0.241968,1.330823,0.131982,0.175977,-1.077856,0.164978,0.329956,-0.725903,0.197974,0.450940,-0.923877,0.164978,-0.362952,0.879883,0.065991,-0.241968,1.066858,0.153979,-0.153979,1.231836,103383,493708,-103,117,8243,-16,-2,-19,643
1780493821.814742,103386,493714,0x0FFF,0.527930,0.428943,-0.912878,0.318958,0.428943,-0.769897,0.175977,0.406946,-0.868884,0.274963,-0.659912,1.242834,0.076990,-0.373950,1.209839,0.010999,-0.285962,1.308826,0.329956,0.263965,-0.934875,0.208972,0.373950,-0.791895,0.098987,0.450940,-0.989868,0.109985,-0.373950,0.945874,0.109985,-0.274963,1.077856,0.186975,-0.241968,1.275830,103383,493708,-103,117,8243,-16,-2,-19,643
1780493821.816821,103388,493716,0x0FFF,0.461938,0.307959,-0.956873,0.351953,0.439941,-0.934875,0.274963,0.351953,-0.934875,0.329956,-0.604919,1.143848,0.175977,-0.351953,1.352820,-0.021997,-0.164978,1.275830,0.241968,0.340955,-0.890881,0.197974,0.461938,-0.802893,0.131982,0.494934,-1.000867,0.153979,-0.329956,1.022864,0.175977,-0.351953,1.198840,0.142981,-0.219971,1.220837,103387,493714,-94,115,8228,-15,-2,-20,634
1780493821.818891,103389,493718,0x0FFF,0.373950,0.395947,-0.967871,0.186975,0.472937,-0.934875,0.252966,0.483936,-0.879883,0.296960,-0.604919,1.286829,0.109985,-0.274963,1.209839,0.098987,-0.230969,1.374817,0.263965,0.285962,-1.000867,0.142981,0.329956,-0.802893,0.076990,0.516931,-0.890881,0.186975,-0.384949,1.022864,0.219971,-0.362952,1.154846,0.186975,-0.263965,1.220837,103387,493714,-94,115,8228,-15,-2,-20,634
1780493821.820952,103391,493720,0x0FFF,0.428943,0.373950,-1.033862,0.318958,0.571924,-0.978870,0.307959,0.318958,-0.901880,0.274963,-0.604919,1.154846,0.131982,-0.241968,1.165845,0.032996,-0.307959,1.319824,0.197974,0.340955,-0.989868,0.076990,0.450940,-0.791895,0.131982,0.428943,-0.956873,0.329956,-0.406946,0.989868,0.021997,-0.373950,1.099854,0.131982,-0.186975,1.198840,103390,493718,-102,116,8236,-15,-2,-18,629
1780493821.823099,103392,493722,0x0FFF,0.318958,0.329956,-0.956873,0.230969,0.538928,-0.901880,0.219971,0.351953,-0.890881,0.296960,-0.648914,1.220837,0.032996,-0.395947,1.231836,-0.087988,-0.164978,1.385815,0.307959,0.417944,-1.022864,0.252966,0.406946,-0.846887,0.164978,0.351953,-0.824890,0.131982,-0.362952,1.022864,0.098987,-0.406946,1.088855,0.142981,-0.164978,1.198840,103390,493718,-102,116,8236,-15,-2,-18,629
1780493821.825123,103393,493724,0x0FFF,0.395947,0.450940,-0.989868,0.362952,0.450940,-0.934875,0.274963,0.318958,-0.890881,0.241968,-0.549927,1.132849,0.000000,-0.362952,1.253833,0.032996,-0.230969,1.319824,0.241968,0.318958,-1.022864,0.142981,0.450940,-0.824890,0.032996,0.428943,-0.978870,0.318958,-0.439941,1.055859,0.109985,-0.329956,1.000867,0.076990,-0.175977,1.165845,103390,493718,-102,116,8236,-15,-2,-18,629
1780493821.827141,103395,493726,0x0FFF,0.439941,0.307959,-1.044861,0.252966,0.483936,-0.857886,0.230969,0.428943,-0.879883,0.351953,-0.648914,1.363818,0.098987,-0.384949,1.297827,0.043994,-0.329956,1.264832,0.186975,0.274963,-0.956873,0.186975,0.340955,-0.736902,0.109985,0.417944,-0.923877,0.241968,-0.428943,1.000867,0.065991,-0.263965,1.099854,0.153979,-0.164978,1.220837,103394,493725,-99,92,8236,-17,-4,-17,641
1780493821.829133,103396,493728,0x0FFF,0.362952,0.417944,-1.044861,0.219971,0.494934,-0.967871,0.252966,0.318958,-0.868884,0.098987,-0.505933,1.187842,0.032996,-0.307959,1.286829,0.054993,-0.351953,1.286829,0.230969,0.318958,-1.055859,0.098987,0.417944,-0.868884,0.054993,0.472937,-0.923877,0.186975,-0.494934,1.011865,0.065991,-0.296960,1.132849,0.142981,-0.241968,1.264832,103394,493725,-99,92,8236,-17,-4,-17,641
1780493821.831092,103398,493730,0x0FFF,0.461938,0.340955,-1.000867,0.197974,0.483936,-0.846887,0.230969,0.362952,-0.967871,0.197974,-0.615918,1.165845,0.120984,-0.307959,1.165845,0.032996,-0.252966,1.297827,0.274963,0.362952,-1.077856,0.142981,0.428943,-0.813892,0.208972,0.384949,-0.934875,0.274963,-0.406946,0.934875,0.098987,-0.373950,1.066858,0.120984,-0.208972,1.220837,103397,493729,-99,120,8226,-16,-2,-20,626
1780493821.833046,103399,493733,0x0FFF,0.505933,0.395947,-1.011865,0.241968,0.494934,-0.978870,0.230969,0.351953,-0.989868,0.241968,-0.593921,1.242834,0.131982,-0.329956,1.187842,0.032996,-0.175977,1.363818,0.175977,0.274963,-1.000867,0.065991,0.461938,-0.835889,0.230969,0.285962,-0.890881,0.186975,-0.472937,0.912878,0.065991,-0.296960,1.231836,0.241968,-0.285962,1.242834,103397,493729,-99,120,8226,-16,-2,-20,626
1780493821.834953,103401,493735,0x0FFF,0.483936,0.307959,-1.044861,0.450940,0.527930,-0.923877,0.164978,0.230969,-0.934875,0.219971,-0.615918,1.253833,0.164978,-0.307959,1.198840,0.043994,-0.208972,1.297827,0.252966,0.351953,-0.868884,0.120984,0.384949,-0.879883,0.241968,0.362952,-0.813892,0.263965,-0.439941,0.923877,0.131982,-0.241968,1.176843,0.098987,-0.263965,1.143848,103400,493733,-91,108,8240,-19,-2,-20,630
1780493821.836828,103402,493737,0x0FFF,0.351953,0.351953,-1.033862,0.329956,0.483936,-0.901880,0.406946,0.406946,-0.890881,0.307959,-0.626917,1.231836,0.098987,-0.296960,1.187842,0.000000,-0.384949,1.352820,0.219971,0.274963,-1.044861,0.197974,0.329956,-0.780896,0.120984,0.472937,-0.912878,0.197974,-0.395947,0.967871,0.120984,-0.406946,1.264832,0.065991,-0.252966,1.154846,103400,493733,-91,108,8240,-19,-2,-20,630
1780493821.838808,103403,493739,0x0FFF,0.472937,0.351953,-0.934875,0.329956,0.439941,-0.890881,0.197974,0.373950,-0.857886,0.252966,-0.637915,1.231836,0.109985,-0.373950,1.176843,0.032996,-0.197974,1.330823,0.263965,0.296960,-0.989868,0.153979,0.318958,-0.890881,0.164978,0.483936,-0.945874,0.175977,-0.461938,0.879883,0.131982,-0.340955,1.209839,0.197974,-0.186975,1.297827,103400,493733,-91,108,8240,-19,-2,-20,630
1780493821.840801,103405,493741,0x0FFF,0.505933,0.373950,-1.044861,0.362952,0.461938,-0.890881,0.318958,0.329956,-0.879883,0.219971,-0.670911,1.286829,0.076990,-0.263965,1.220837,-0.076990,-0.219971,1.253833,0.175977,0.439941,-0.934875,0.164978,0.351953,-0.791895,0.153979,0.417944,-0.868884,0.285962,-0.483936,1.055859,0.087988,-0.373950,1.055859,0.197974,-0.098987,1.242834,103404,493739,-96,105,8229,-18,-3,-19,630
1780493821.843894,103406,493743,0x0FFF,0.417944,0.406946,-0.945874,0.395947,0.461938,-0.846887,0.241968,0.351953,-0.846887,0.285962,-0.670911,1.154846,0.032996,-0.472937,1.143848,0.054993,-0.197974,1.374817,0.153979,0.362952,-1.011865,0.120984,0.362952,-0.824890,0.120984,0.461938,-0.934875,0.252966,-0.483936,0.945874,0.131982,-0.252966,1.176843,0.208972,-0.153979,1.275830,103404,493739,-96,105,8229,-18,-3,-19,630
1780493821.845994,103408,493745,0x0FFF,0.450940,0.318958,-0.912878,0.340955,0.494934,-0.890881,0.197974,0.384949,-0.824890,0.241968,-0.560925,1.242834,0.131982,-0.252966,1.231836,0.021997,-0.186975,1.264832,0.164978,0.351953,-0.989868,0.186975,0.439941,-0.835889,0.109985,0.384949,-0.945874,0.175977,-0.406946,1.011865,0.153979,-0.296960,1.154846,0.175977,-0.274963,1.308826,103407,493743,-107,123,8238,-16,-2,-19,649
1780493821.848181,103409,493747,0x0FFF,0.527930,0.307959,-1.022864,0.307959,0.461938,-0.956873,0.175977,0.263965,-0.868884,0.197974,-0.571924,1.220837,0.065991,-0.373950,1.308826,0.054993,-0.296960,1.385815,0.230969,0.428943,-0.923877,0.164978,0.439941,-0.769897,0.098987,0.494934,-0.857886,0.241968,-0.461938,1.011865,0.131982,-0.417944,1.110852,0.109985,-0.318958,1.308826,103407,493743,-107,123,8238,-16,-2,-19,649
1780493821.850276,103410,493749,0x0FFF,0.439941,0.318958,-1.000867,0.285962,0.483936,-0.890881,0.318958,0.340955,-0.857886,0.252966,-0.527930,1.209839,0.109985,-0.351953,1.253833,0.054993,-0.252966,1.319824,0.274963,0.406946,-0.901880,0.274963,0.417944,-0.758899,0.153979,0.417944,-0.923877,0.208972,-0.406946,0.813892,0.186975,-0.318958,1.187842,0.142981,-0.098987,1.187842,103407,493743,-107,123,8238,-16,-2,-19,649
1780493821.852251,103412,493751,0x0FFF,0.505933,0.373950,-1.011865,0.307959,0.428943,-0.923877,0.197974,0.351953,-0.857886,0.230969,-0.527930,1.297827,0.142981,-0.263965,1.198840,0.000000,-0.252966,1.374817,0.109985,0.318958,-0.956873,0.131982,0.362952,-0.769897,0.186975,0.527930,-0.835889,0.285962,-0.373950,0.923877,0.175977,-0.274963,1.066858,0.175977,-0.208972,1.264832,103411,493750,-101,115,8240,-15,-2,-19,643
1780493821.854209,103413,493753,0x0FFF,0.439941,0.274963,-0.967871,0.417944,0.450940,-0.923877,0.219971,0.285962,-0.824890,0.230969,-0.604919,1.286829,0.065991,-0.340955,1.198840,0.043994,-0.296960,1.242834,0.252966,0.329956,-0.945874,0.131982,0.395947,-0.802893,0.153979,0.516931,-1.000867,0.186975,-0.461938,1.000867,0.098987,-0.296960,1.132849,0.120984,-0.109985,1.187842,103411,493750,-101,115,8240,-15,-2,-19,643
1780493821.856269,103415,493755,0x0FFF,0.450940,0.351953,-1.066858,0.307959,0.516931,-0.967871,0.208972,0.362952,-0.846887,0.241968,-0.670911,1.187842,0.153979,-0.274963,1.264832,0.087988,-0.296960,1.253833,0.131982,0.285962,-0.967871,0.219971,0.472937,-0.791895,0.120984,0.274963,-0.890881,0.219971,-0.450940,1.033862,0.109985,-0.373950,1.231836,0.175977,-0.263965,1.077856,103414,493754,-96,120,8227,-17,-4,-24,637
1780493821.858151,103416,493758,0x0FFF,0.461938,0.296960,-0.978870,0.186975,0.538928,-0.978870,0.318958,0.373950,-0.923877,0.230969,-0.659912,1.187842,0.164978,-0.318958,1.176843,-0.087988,-0.285962,1.220837,0.219971,0.340955,-0.945874,0.186975,0.362952,-0.769897,-0.010999,0.538928,-1.165845,0.175977,-0.461938,1.033862,0.087988,-0.340955,1.165845,0.186975,-0.263965,1.198840,103414,493754,-96,120,8227,-17,-4,-24,637
1780493821.860081,103417,493760,0x0FFF,0.461938,0.406946,-1.022864,0.274963,0.461938,-0.923877,0.230969,0.230969,-0.901880,0.329956,-0.615918,1.242834,0.131982,-0.406946,1.264832,-0.032996,-0.186975,1.253833,0.285962,0.384949,-1.011865,0.109985,0.472937,-0.890881,0.142981,0.417944,-0.857886,0.175977,-0.439941,0.967871,0.032996,-0.329956,1.066858,0.076990,-0.263965,1.242834,103414,493754,-96,120,8227,-17,-4,-24,637
1780493821.861986,103419,493762,0x0FFF,0.417944,0.329956,-0.923877,0.307959,0.615918,-0.868884,0.274963,0.384949,-0.934875,0.340955,-0.516931,1.264832,0.021997,-0.230969,1.286829,-0.120984,-0.263965,1.297827,0.208972,0.362952,-1.011865,0.197974,0.362952,-0.758899,0.131982,0.373950,-1.077856,0.153979,-0.428943,0.956873,0.076990,-0.285962,1.088855,0.120984,-0.241968,1.209839,103418,493760,-96,107,8223,-17,-2,-23,640
1780493821.863962,103420,493764,0x0FFF,0.406946,0.318958,-0.945874,0.296960,0.439941,-0.879883,0.296960,0.384949,-0.912878,0.296960,-0.582922,1.286829,0.076990,-0.285962,1.231836,-0.087988,-0.285962,1.374817,0.175977,0.285962,-0.967871,0.175977,0.417944,-0.901880,0.054993,0.428943,-0.879883,0.197974,-0.384949,1.022864,0.142981,-0.318958,1.066858,0.175977,-0.175977,1.099854,103418,493760,-96,107,8223,-17,-2,-23,640
1780493821.865979,103422,493766,0x0FFF,0.472937,0.362952,-0.989868,0.274963,0.395947,-0.934875,0.285962,0.373950,-0.945874,0.197974,-0.560925,1.154846,0.120984,-0.340955,1.231836,-0.021997,-0.329956,1.242834,0.351953,0.362952,-0.989868,0.175977,0.329956,-0.857886,0.076990,0.384949,-0.945874,0.208972,-0.406946,1.055859,0.153979,-0.351953,1.143848,0.142981,-0.175977,1.275830,103421,493764,-91,106,8238,-15,-3,-21,623
1780493821.869068,103423,493768,0x0FFF,0.450940,0.318958,-1.000867,0.274963,0.505933,-0.835889,0.219971,0.406946,-0.956873,0.351953,-0.593921,1.242834,0.131982,-0.362952,1.220837,0.065991,-0.296960,1.374817,0.175977,0.329956,-1.033862,0.098987,0.406946,-0.769897,0.131982,0.494934,-0.912878,0.197974,-0.439941,0.967871,0.142981,-0.285962,1.132849,0.098987,-0.230969,1.264832,103421,493764,-91,106,8238,-15,-3,-21,623
1780493821.871194,103425,493770,0x0FFF,0.395947,0.373950,-0.901880,0.219971,0.494934,-0.945874,0.230969,0.406946,-0.923877,0.362952,-0.516931,1.275830,0.142981,-0.428943,1.242834,0.021997,-0.230969,1.264832,0.175977,0.263965,-0.978870,0.175977,0.329956,-0.769897,0.087988,0.428943,-0.923877,0.186975,-0.461938,0.912878,0.087988,-0.362952,1.143848,0.164978,-0.252966,1.143848,103424,493768,-101,123,8238,-16,-5,-22,635
1780493821.873206,103426,493772,0x0FFF,0.527930,0.274963,-0.989868,0.219971,0.472937,-0.890881,0.285962,0.384949,-1.000867,0.252966,-0.692908,1.209839,0.109985,-0.373950,1.220837,0.065991,-0.274963,1.352820,0.219971,0.373950,-1.088855,0.186975,0.373950,-0.758899,0.076990,0.362952,-0.945874,0.197974,-0.538928,1.011865,0.131982,-0.241968,1.066858,0.241968,-0.274963,1.341821,103424,493768,-101,123,8238,-16,-5,-22,635
1780493821.875276,103427,493774,0x0FFF,0.461938,0.505933,-1.011865,0.351953,0.450940,-0.978870,0.230969,0.263965,-0.934875,0.252966,-0.637915,1.220837,0.098987,-0.340955,1.264832,0.000000,-0.186975,1.275830,0.230969,0.318958,-0.923877,0.285962,0.384949,-0.857886,0.186975,0.395947,-0.945874,0.131982,-0.538928,0.989868,0.153979,-0.307959,1.121851,0.197974,-0.197974,1.143848,103424,493768,-101,123,8238,-16,-5,-22,635
1780493821.877378,103429,493776,0x0FFF,0.472937,0.329956,-0.967871,0.296960,0.494934,-1.033862,0.175977,0.406946,-0.791895,0.241968,-0.626917,1.198840,0.076990,-0.340955,1.198840,0.065991,-0.296960,1.286829,0.241968,0.351953,-1.099854,0.076990,0.384949,-0.868884,0.186975,0.483936,-0.923877,0.351953,-0.494934,1.000867,0.043994,-0.483936,1.143848,0.186975,-0.098987,1.198840,103428,493775,-95,117,8234,-15,0,-22,631
1780493821.879421,103430,493778,0x0FFF,0.439941,0.450940,-0.890881,0.329956,0.494934,-0.934875,0.208972,0.362952,-0.934875,0.329956,-0.659912,1.308826,0.098987,-0.274963,1.209839,0.010999,-0.318958,1.275830,0.263965,0.274963,-1.000867,0.241968,0.483936,-0.747900,0.109985,0.472937,-0.945874,0.175977,-0.307959,0.978870,0.087988,-0.252966,1.176843,0.164978,-0.054993,1.231836,103428,493775,-95,117,8234,-15,0,-22,631
1780493821.881416,103432,493780,0x0FFF,0.461938,0.362952,-0.978870,0.373950,0.483936,-0.934875,0.252966,0.263965,-0.824890,0.274963,-0.593921,1.220837,0.000000,-0.318958,1.209839,0.087988,-0.340955,1.363818,0.274963,0.318958,-0.956873,0.219971,0.296960,-0.802893,0.142981,0.329956,-0.890881,0.252966,-0.373950,1.044861,0.208972,-0.318958,1.165845,0.120984,-0.241968,1.286829,103431,493779,-106,120,8241,-15,1,-19,644
1780493821.883384,103433,493783,0x0FFF,0.494934,0.340955,-0.978870,0.241968,0.472937,-0.967871,0.241968,0.351953,-0.824890,0.307959,-0.615918,1.110852,0.000000,-0.307959,1.187842,-0.032996,-0.175977,1.187842,0.164978,0.318958,-0.967871,0.175977,0.296960,-0.769897,0.131982,0.439941,-0.945874,0.175977,-0.406946,0.890881,0.087988,-0.428943,1.121851,0.208972,-0.131982,1.231836,103431,493779,-106,120,8241,-15,1,-19,644
1780493821.885365,103434,493785,0x0FFF,0.483936,0.395947,-1.011865,0.395947,0.505933,-0.912878,0.252966,0.329956,-0.956873,0.131982,-0.648914,1.220837,0.054993,-0.362952,1.176843,0.010999,-0.241968,1.220837,0.219971,0.307959,-0.989868,0.131982,0.219971,-0.791895,0.109985,0.439941,-0.912878,0.230969,-0.384949,1.011865,0.065991,-0.263965,1.187842,0.142981,-0.307959,1.231836,103431,493779,-106,120,8241,-15,1,-19,644
1780493821.887407,103436,493787,0x0FFF,0.505933,0.307959,-0.945874,0.296960,0.505933,-0.879883,0.153979,0.373950,-0.989868,0.263965,-0.670911,1.165845,0.109985,-0.428943,1.297827,-0.021997,-0.208972,1.363818,0.230969,0.340955,-0.912878,0.186975,0.417944,-0.824890,0.109985,0.428943,-0.912878,0.230969,-0.373950,1.033862,0.131982,-0.384949,1.143848,0.230969,-0.208972,1.220837,103435,493785,-105,115,8242,-14,-3,-19,629
1780493821.889414,103437,493789,0x0FFF,0.362952,0.395947,-0.923877,0.340955,0.384949,-0.912878,0.263965,0.263965,-0.868884,0.307959,-0.604919,1.231836,0.175977,-0.351953,1.220837,-0.010999,-0.230969,1.297827,0.076990,0.340955,-0.978870,0.241968,0.274963,-0.835889,0.153979,0.461938,-0.912878,0.285962,-0.340955,0.989868,0.087988,-0.351953,1.209839,0.164978,-0.186975,1.231836,103435,493785,-105,115,8242,-14,-3,-19,629
1780493821.891342,103439,493791,0x0FFF,0.417944,0.318958,-0.901880,0.296960,0.428943,-1.033862,0.285962,0.285962,-1.022864,0.285962,-0.659912,1.231836,0.120984,-0.329956,1.242834,0.021997,-0.208972,1.253833,0.230969,0.340955,-0.956873,0.175977,0.417944,-0.802893,0.120984,0.417944,-0.912878,0.351953,-0.395947,0.956873,0.153979,-0.318958,1.242834,0.175977,-0.120984,1.110852,103438,493789,-94,115,8239,-16,-2,-19,642
1780493821.893299,103440,493793,0x0FFF,0.428943,0.263965,-1.000867,0.417944,0.538928,-1.022864,0.296960,0.340955,-1.055859,0.252966,-0.648914,1.154846,0.065991,-0.340955,1.286829,-0.010999,-0.208972,1.319824,0.219971,0.351953,-1.077856,0.395947,0.439941,-0.791895,0.087988,0.439941,-0.967871,0.186975,-0.461938,1.055859,0.120984,-0.384949,1.143848,0.153979,-0.219971,1.242834,103438,493789,-94,115,8239,-16,-2,-19,642
1780493821.895219,103442,493795,0x0FFF,0.483936,0.340955,-0.934875,0.417944,0.593921,-0.923877,0.175977,0.340955,-0.901880,0.197974,-0.659912,1.264832,0.087988,-0.241968,1.220837,0.032996,-0.252966,1.330823,0.142981,0.263965,-1.000867,0.098987,0.450940,-0.879883,0.087988,0.483936,-0.901880,0.186975,-0.483936,0.978870,0.109985,-0.296960,1.220837,0.098987,-0.208972,1.143848,103441,493793,-99,120,8241,-16,-3,-22,637
1780493821.897095,103443,493797,0x0FFF,0.483936,0.329956,-0.846887,0.263965,0.516931,-0.901880,0.175977,0.307959,-0.923877,0.285962,-0.604919,1.286829,0.032996,-0.329956,1.330823,0.065991,-0.252966,1.396814,0.219971,0.384949,-0.978870,0.120984,0.450940,-0.692908,0.131982,0.417944,-0.912878,0.197974,-0.472937,1.066858,0.000000,-0.428943,1.055859,0.186975,-0.131982,1.209839,103441,493793,-99,120,8241,-16,-3,-22,637
1780493821.900221,103444,493799,0x0FFF,0.516931,0.373950,-0.967871,0.241968,0.340955,-0.802893,0.208972,0.395947,-0.934875,0.252966,-0.692908,1.132849,0.186975,-0.439941,1.121851,0.087988,-0.252966,1.220837,0.197974,0.296960,-0.989868,0.219971,0.450940,-0.780896,0.098987,0.472937,-0.934875,0.164978,-0.483936,0.912878,0.098987,-0.417944,1.121851,0.131982,-0.186975,1.176843,103441,493793,-99,120,8241,-16,-3,-22,637
1780493821.902247,103446,493801,0x0FFF,0.384949,0.318958,-0.912878,0.318958,0.505933,-0.835889,0.175977,0.241968,-0.868884,0.263965,-0.725903,1.242834,0.032996,-0.318958,1.198840,-0.087988,-0.329956,1.308826,0.175977,0.362952,-0.912878,0.032996,0.329956,-0.747900,0.153979,0.428943,-0.912878,0.263965,-0.439941,0.846887,0.142981,-0.274963,1.143848,0.208972,-0.208972,1.187842,103445,493800,-99,123,8247,-16,-3,-19,629
1780493821.904290,103447,493803,0x0FFF,0.494934,0.318958,-0.978870,0.340955,0.571924,-0.934875,0.153979,0.307959,-0.857886,0.274963,-0.780896,1.264832,0.120984,-0.340955,1.121851,-0.010999,-0.252966,1.308826,0.131982,0.373950,-0.956873,0.230969,0.340955,-0.769897,0.098987,0.472937,-0.978870,0.340955,-0.373950,1.033862,0.153979,-0.406946,1.132849,0.131982,-0.252966,1.165845,103445,493800,-99,123,8247,-16,-3,-19,629
1780493821.906296,103449,493805,0x0FFF,0.395947,0.373950,-1.000867,0.318958,0.538928,-0.923877,0.296960,0.373950,-0.846887,0.362952,-0.615918,1.154846,0.142981,-0.428943,1.198840,0.021997,-0.197974,1.264832,0.142981,0.461938,-1.000867,0.274963,0.439941,-0.846887,0.142981,0.395947,-0.879883,0.219971,-0.560925,0.923877,0.175977,-0.373950,1.088855,0.098987,-0.241968,1.231836,103448,493804,-100,102,8238,-16,-3,-22,632
1780493821.908259,103450,493808,0x0FFF,0.439941,0.285962,-1.011865,0.318958,0.560925,-1.000867,0.131982,0.384949,-0.923877,0.274963,-0.626917,1.176843,0.175977,-0.395947,1.198840,-0.010999,-0.296960,1.396814,0.208972,0.384949,-0.978870,0.219971,0.406946,-0.835889,0.142981,0.439941,-0.956873,0.219971,-0.516931,0.868884,0.131982,-0.296960,1.110852,0.197974,-0.263965,1.363818,103448,493804,-100,102,8238,-16,-3,-22,632
1780493821.910299,103451,493810,0x0FFF,0.505933,0.384949,-0.934875,0.241968,0.538928,-0.890881,0.219971,0.285962,-0.978870,0.197974,-0.604919,1.330823,0.087988,-0.263965,1.275830,-0.021997,-0.175977,1.264832,0.274963,0.296960,-1.066858,0.175977,0.483936,-0.879883,0.021997,0.362952,-0.967871,0.230969,-0.472937,0.901880,0.153979,-0.263965,1.187842,0.241968,-0.241968,1.209839,103448,493804,-100,102,8238,-16,-3,-22,632
1780493821.912331,103453,493812,0x0FFF,0.516931,0.252966,-1.110852,0.318958,0.450940,-0.868884,0.208972,0.329956,-0.835889,0.285962,-0.648914,1.121851,0.120984,-0.340955,1.286829,0.021997,-0.252966,1.308826,0.285962,0.285962,-0.934875,0.241968,0.472937,-0.802893,0.010999,0.406946,-0.868884,0.197974,-0.395947,1.011865,0.164978,-0.263965,1.121851,0.164978,-0.142981,1.220837,103452,493810,-100,110,8235,-17,-4,-23,628
1780493821.914365,103454,493814,0x0FFF,0.483936,0.340955,-0.923877,0.252966,0.494934,-0.934875,0.219971,0.329956,-0.934875,0.252966,-0.659912,1.209839,0.131982,-0.417944,1.242834,0.000000,-0.296960,1.352820,0.164978,0.318958,-0.945874,0.120984,0.428943,-0.802893,0.076990,0.450940,-0.934875,0.241968,-0.384949,1.044861,0.076990,-0.351953,1.286829,0.142981,-0.329956,1.209839,103452,493810,-100,110,8235,-17,-4,-23,628
1780493821.916376,103456,493816,0x0FFF,0.373950,0.351953,-0.978870,0.307959,0.439941,-0.879883,0.318958,0.373950,-0.912878,0.197974,-0.571924,1.187842,0.054993,-0.329956,1.220837,0.043994,-0.263965,1.308826,0.065991,0.230969,-0.890881,0.153979,0.384949,-0.725903,0.010999,0.439941,-1.044861,0.153979,-0.384949,1.055859,0.131982,-0.329956,1.099854,0.120984,-0.263965,1.264832,103455,493814,-100,102,8243,-16,-4,-22,626
1780493821.918380,103457,493818,0x0FFF,0.428943,0.362952,-0.945874,0.329956,0.505933,-0.967871,0.219971,0.461938,-0.923877,0.296960,-0.582922,1.143848,0.010999,-0.362952,1.286829,0.021997,-0.175977,1.209839,0.186975,0.208972,-0.868884,0.164978,0.428943,-0.747900,0.153979,0.527930,-0.912878,0.263965,-0.538928,1.055859,0.131982,-0.318958,1.154846,0.307959,-0.175977,1.121851,103455,493814,-100,102,8243,-16,-4,-22,626
1780493821.920385,103459,493820,0x0FFF,0.373950,0.384949,-1.011865,0.318958,0.549927,-0.967871,0.197974,0.318958,-0.868884,0.219971,-0.549927,1.176843,0.010999,-0.318958,1.264832,-0.043994,-0.263965,1.286829,0.241968,0.285962,-1.000867,0.142981,0.351953,-0.802893,0.054993,0.450940,-0.923877,0.186975,-0.417944,0.989868,0.109985,-0.307959,1.242834,0.175977,-0.120984,1.209839,103458,493818,-103,117,8234,-17,-1,-21,636
1780493821.922313,103460,493822,0x0FFF,0.472937,0.373950,-1.055859,0.296960,0.516931,-0.813892,0.208972,0.373950,-1.000867,0.241968,-0.626917,1.121851,0.131982,-0.384949,1.330823,-0.021997,-0.274963,1.330823,0.131982,0.296960,-0.989868,0.186975,0.428943,-0.857886,0.208972,0.417944,-0.945874,0.263965,-0.450940,0.989868,0.109985,-0.263965,1.132849,0.175977,-0.109985,1.231836,103458,493818,-103,117,8234,-17,-1,-21,636
1780493821.924257,103461,493824,0x0FFF,0.450940,0.340955,-0.978870,0.307959,0.406946,-1.022864,0.318958,0.461938,-0.967871,0.318958,-0.648914,1.121851,0.032996,-0.307959,1.363818,0.021997,-0.230969,1.275830,0.307959,0.274963,-0.967871,0.175977,0.362952,-0.791895,0.087988,0.472937,-0.923877,0.208972,-0.395947,0.923877,0.142981,-0.373950,1.143848,0.208972,-0.252966,1.154846,103458,493818,-103,117,8234,-17,-1,-21,636
1780493821.926417,103463,493826,0x0FFF,0.428943,0.406946,-1.000867,0.307959,0.516931,-0.901880,0.197974,0.351953,-0.813892,0.285962,-0.571924,1.143848,0.109985,-0.307959,1.154846,0.043994,-0.285962,1.341821,0.197974,0.472937,-1.066858,0.098987,0.373950,-0.967871,0.164978,0.461938,-0.934875,0.274963,-0.428943,0.945874,-0.010999,-0.296960,1.220837,0.153979,-0.252966,1.275830,103462,493825,-99,108,8231,-18,-3,-22,631
1780493821.928352,103464,493828,0x0FFF,0.406946,0.351953,-1.033862,0.340955,0.362952,-1.055859,0.296960,0.285962,-0.923877,0.175977,-0.626917,1.187842,0.153979,-0.329956,1.198840,0.043994,-0.307959,1.253833,0.175977,0.384949,-0.967871,0.153979,0.450940,-0.857886,0.010999,0.494934,-0.846887,0.208972,-0.384949,1.044861,0.142981,-0.263965,1.220837,0.219971,-0.164978,1.264832,103462,493825,-99,108,8231,-18,-3,-22,631
1780493821.930467,103466,493830,0x0FFF,0.505933,0.307959,-0.945874,0.329956,0.505933,-0.846887,0.164978,0.373950,-0.945874,0.241968,-0.637915,1.286829,0.087988,-0.428943,1.220837,0.021997,-0.274963,1.429810,0.296960,0.428943,-0.934875,0.219971,0.362952,-0.835889,0.087988,0.340955,-0.923877,0.362952,-0.384949,0.978870,0.164978,-0.351953,1.154846,0.153979,-0.351953,1.132849,103465,493829,-95,102,8242,-17,-4,-23,636
1780493821.933478,103467,493833,0x0FFF,0.516931,0.263965,-0.967871,0.373950,0.505933,-0.890881,0.252966,0.263965,-0.879883,0.120984,-0.472937,1.165845,0.054993,-0.340955,1.264832,0.065991,-0.285962,1.242834,0.197974,0.384949,-0.912878,0.098987,0.428943,-0.791895,0.241968,0.450940,-0.945874,0.164978,-0.296960,0.967871,0.010999,-0.252966,1.154846,0.164978,-0.098987,1.121851,103465,493829,-95,102,8242,-17,-4,-23,636
1780493821.935503,103468,493835,0x0FFF,0.560925,0.439941,-1.044861,0.329956,0.527930,-0.879883,0.219971,0.351953,-0.835889,0.197974,-0.560925,1.264832,0.054993,-0.351953,1.187842,0.076990,-0.131982,1.319824,0.109985,0.351953,-0.989868,0.087988,0.340955,-0.824890,0.153979,0.450940,-0.989868,0.131982,-0.527930,1.055859,0.043994,-0.296960,1.088855,0.186975,-0.296960,1.187842,103465,493829,-95,102,8242,-17,-4,-23,636
1780493821.937492,103470,493837,0x0FFF,0.395947,0.450940,-0.978870,0.186975,0.582922,-0.824890,0.329956,0.406946,-0.813892,0.329956,-0.549927,1.286829,0.153979,-0.406946,1.242834,0.000000,-0.285962,1.264832,0.241968,0.395947,-1.066858,0.186975,0.351953,-0.912878,0.197974,0.296960,-0.901880,0.307959,-0.494934,0.956873,0.142981,-0.395947,1.066858,0.241968,-0.131982,1.220837,103469,493835,-90,105,8239,-17,-2,-19,629
1780493821.939515,103471,493839,0x0FFF,0.428943,0.285962,-1.000867,0.362952,0.450940,-0.934875,0.296960,0.384949,-0.923877,0.241968,-0.670911,1.297827,0.032996,-0.384949,1.231836,-0.021997,-0.296960,1.341821,0.197974,0.351953,-0.956873,0.219971,0.406946,-0.802893,0.120984,0.351953,-0.890881,0.219971,-0.472937,0.989868,0.164978,-0.252966,1.121851,0.142981,-0.153979,1.231836,103469,493835,-90,105,8239,-17,-2,-19,629
1780493821.941506,103473,493841,0x0FFF,0.450940,0.395947,-1.000867,0.362952,0.516931,-0.879883,0.219971,0.296960,-0.879883,0.241968,-0.648914,1.264832,0.153979,-0.362952,1.253833,0.076990,-0.296960,1.297827,0.219971,0.395947,-1.033862,0.164978,0.318958,-0.813892,0.164978,0.439941,-0.967871,0.175977,-0.428943,0.945874,0.054993,-0.307959,1.198840,0.164978,-0.175977,1.143848,103472,493839,-95,112,8229,-16,-2,-21,629
1780493821.943514,103474,493843,0x0FFF,0.439941,0.318958,-1.066858,0.285962,0.428943,-0.978870,0.208972,0.274963,-0.945874,0.252966,-0.615918,1.308826,0.054993,-0.329956,1.209839,0.032996,-0.329956,1.363818,0.307959,0.340955,-1.011865,0.208972,0.428943,-0.780896,0.164978,0.373950,-0.890881,0.109985,-0.428943,1.022864,-0.054993,-0.307959,1.044861,0.131982,-0.131982,1.319824,103472,493839,-95,112,8229,-16,-2,-21,629
1780493821.945482,103476,493845,0x0FFF,0.417944,0.406946,-0.934875,0.274963,0.472937,-0.813892,0.241968,0.252966,-0.923877,0.230969,-0.615918,1.176843,0.098987,-0.296960,1.242834,-0.032996,-0.274963,1.264832,0.153979,0.362952,-0.901880,0.274963,0.439941,-0.813892,0.131982,0.395947,-0.890881,0.153979,-0.439941,0.956873,0.043994,-0.285962,1.154846,0.131982,-0.197974,1.242834,103475,493843,-91,123,8220,-17,-2,-23,635
1780493821.947417,103477,493847,0x0FFF,0.571924,0.362952,-0.978870,0.384949,0.527930,-0.868884,0.252966,0.428943,-0.923877,0.241968,-0.615918,1.176843,0.032996,-0.340955,1.319824,0.054993,-0.340955,1.187842,0.296960,0.340955,-0.945874,0.098987,0.406946,-0.901880,0.153979,0.439941,-0.912878,0.318958,-0.505933,0.923877,0.043994,-0.373950,1.176843,0.142981,-0.197974,1.242834,103475,493843,-91,123,8220,-17,-2,-23,635
1780493821.949816,103478,493849,0x0FFF,0.461938,0.384949,-0.989868,0.296960,0.450940,-0.934875,0.296960,0.219971,-0.923877,0.164978,-0.538928,1.132849,0.109985,-0.362952,1.319824,-0.054993,-0.329956,1.352820,0.153979,0.307959,-0.978870,0.164978,0.263965,-0.890881,0.043994,0.472937,-0.923877,0.142981,-0.494934,1.022864,0.098987,-0.362952,1.198840,0.175977,-0.241968,1.264832,103475,493843,-91,123,8220,-17,-2,-23,635
1780493821.951813,103480,493851,0x0FFF,0.439941,0.340955,-1.011865,0.252966,0.472937,-0.835889,0.252966,0.373950,-0.934875,0.263965,-0.670911,1.385815,0.032996,-0.351953,1.154846,0.065991,-0.230969,1.209839,0.263965,0.340955,-0.989868,0.186975,0.329956,-0.857886,-0.098987,0.483936,-0.989868,0.230969,-0.395947,0.956873,0.153979,-0.318958,1.220837,0.197974,-0.318958,1.220837,103479,493850,-97,104,8236,-18,-3,-20,642
1780493821.953905,103481,493853,0x0FFF,0.494934,0.307959,-0.978870,0.285962,0.560925,-0.956873,0.197974,0.219971,-0.901880,0.318958,-0.571924,1.154846,0.065991,-0.340955,1.187842,-0.087988,-0.197974,1.341821,0.252966,0.252966,-0.901880,0.175977,0.428943,-0.747900,0.076990,0.395947,-1.044861,0.164978,-0.439941,0.945874,0.054993,-0.296960,1.154846,0.230969,-0.263965,1.154846,103479,493850,-97,104,8236,-18,-3,-20,642
1780493821.955831,103483,493855,0x0FFF,0.428943,0.373950,-0.967871,0.351953,0.450940,-0.868884,0.274963,0.483936,-0.912878,0.252966,-0.571924,1.198840,0.032996,-0.307959,1.176843,0.000000,-0.208972,1.319824,0.032996,0.428943,-1.011865,0.065991,0.417944,-0.890881,0.131982,0.450940,-0.956873,0.208972,-0.494934,1.033862,0.142981,-0.307959,1.198840,0.186975,-0.065991,1.242834,103482,493854,-104,120,8235,-16,-5,-22,637
1780493821.957701,103484,493858,0x0FFF,0.395947,0.428943,-1.033862,0.318958,0.505933,-1.033862,0.307959,0.472937,-0.967871,0.274963,-0.549927,1.253833,0.010999,-0.417944,1.220837,-0.032996,-0.329956,1.319824,0.153979,0.208972,-0.934875,0.252966,0.296960,-0.868884,0.219971,0.340955,-0.945874,0.219971,-0.494934,0.978870,0.197974,-0.395947,1.132849,0.263965,-0.252966,1.165845,103482,493854,-104,120,8235,-16,-5,-22,637
1780493821.959542,103485,493860,0x0FFF,0.472937,0.373950,-1.000867,0.252966,0.483936,-0.901880,0.263965,0.351953,-0.879883,0.263965,-0.736902,1.187842,0.065991,-0.263965,1.308826,0.010999,-0.296960,1.198840,0.230969,0.263965,-1.088855,0.219971,0.450940,-0.824890,0.109985,0.483936,-1.000867,0.263965,-0.395947,0.923877,0.043994,-0.307959,1.088855,0.142981,-0.241968,1.099854,103482,493854,-104,120,8235,-16,-5,-22,637
1780493821.961698,103487,493862,0x0FFF,0.428943,0.373950,-0.989868,0.351953,0.483936,-0.912878,0.252966,0.351953,-0.758899,0.285962,-0.593921,1.198840,0.120984,-0.329956,1.209839,0.054993,-0.296960,1.352820,0.076990,0.263965,-1.044861,0.219971,0.428943,-0.901880,0.120984,0.461938,-0.967871,0.208972,-0.417944,1.055859,0.065991,-0.417944,1.231836,0.131982,-0.230969,1.154846,103486,493860,-103,115,8232,-14,-2,-20,645
1780493821.964867,103488,493864,0x0FFF,0.395947,0.318958,-0.989868,0.296960,0.516931,-0.890881,0.208972,0.340955,-0.879883,0.274963,-0.516931,1.220837,0.021997,-0.395947,1.121851,-0.021997,-0.274963,1.242834,0.175977,0.263965,-0.945874,0.197974,0.362952,-0.857886,0.186975,0.450940,-1.000867,0.263965,-0.417944,0.912878,0.131982,-0.351953,1.143848,0.142981,-0.120984,1.187842,103486,493860,-103,115,8232,-14,-2,-20,645
1780493821.965736,103490,493866,0x0FFF,0.560925,0.351953,-1.044861,0.351953,0.406946,-0.835889,0.406946,0.340955,-0.835889,0.197974,-0.571924,1.165845,0.164978,-0.296960,1.220837,-0.021997,-0.362952,1.242834,0.109985,0.274963,-0.912878,0.175977,0.417944,-0.956873,0.208972,0.384949,-0.846887,0.241968,-0.527930,1.055859,0.043994,-0.208972,1.253833,0.208972,-0.153979,1.198840,103489,493864,-96,101,8237,-15,-1,-20,629
1780493821.968652,103491,493868,0x0FFF,0.351953,0.318958,-1.000867,0.296960,0.472937,-0.835889,0.230969,0.373950,-0.967871,0.208972,-0.637915,1.297827,0.109985,-0.296960,1.220837,0.076990,-0.450940,1.264832,0.142981,0.340955,-0.912878,0.186975,0.373950,-0.967871,0.175977,0.472937,-0.846887,0.208972,-0.395947,0.912878,0.021997,-0.263965,1.110852,0.120984,-0.197974,1.066858,103489,493864,-96,101,8237,-15,-1,-20,629
1780493821.970423,103493,493870,0x0FFF,0.450940,0.395947,-0.945874,0.395947,0.406946,-0.967871,0.274963,0.307959,-0.967871,0.263965,-0.659912,1.187842,0.043994,-0.318958,1.154846,-0.076990,-0.186975,1.242834,0.274963,0.329956,-1.011865,0.197974,0.340955,-0.747900,0.087988,0.450940,-0.923877,0.197974,-0.483936,1.033862,0.087988,-0.263965,1.143848,0.109985,-0.230969,1.209839,103492,493869,-100,114,8236,-16,-2,-20,639
1780493821.972159,103494,493872,0x0FFF,0.373950,0.406946,-0.912878,0.252966,0.406946,-0.945874,0.208972,0.362952,-0.956873,0.351953,-0.604919,1.176843,0.153979,-0.472937,1.132849,0.000000,-0.164978,1.319824,0.186975,0.252966,-0.989868,0.274963,0.384949,-0.857886,0.208972,0.351953,-1.000867,0.241968,-0.450940,1.110852,0.098987,-0.241968,1.143848,0.208972,-0.241968,1.297827,103492,493869,-100,114,8236,-16,-2,-20,639
1780493821.975168,103495,493874,0x0FFF,0.472937,0.373950,-0.956873,0.307959,0.450940,-0.978870,0.230969,0.362952,-0.890881,0.186975,-0.582922,1.143848,0.076990,-0.384949,1.308826,-0.010999,-0.241968,1.264832,0.274963,0.241968,-0.934875,0.175977,0.384949,-0.703906,0.076990,0.373950,-0.912878,0.230969,-0.450940,0.989868,0.109985,-0.296960,1.143848,0.142981,-0.186975,1.187842,103492,493869,-100,114,8236,-16,-2,-20,639
1780493821.977008,103497,493876,0x0FFF,0.505933,0.373950,-0.945874,0.274963,0.516931,-0.901880,0.175977,0.340955,-1.000867,0.241968,-0.604919,1.187842,0.098987,-0.373950,1.308826,0.065991,-0.318958,1.341821,0.087988,0.362952,-0.989868,0.142981,0.351953,-0.846887,0.186975,0.439941,-0.890881,0.307959,-0.494934,1.000867,0.098987,-0.340955,1.187842,0.120984,-0.230969,1.231836,103496,493875,-91,113,8239,-17,-4,-19,641
1780493821.978858,103498,493878,0x0FFF,0.439941,0.340955,-0.989868,0.362952,0.450940,-0.934875,0.197974,0.329956,-0.945874,0.351953,-0.725903,1.242834,0.032996,-0.351953,1.363818,0.000000,-0.329956,1.253833,0.153979,0.373950,-1.000867,0.285962,0.362952,-0.857886,0.175977,0.483936,-0.945874,0.208972,-0.351953,1.022864,0.087988,-0.395947,1.154846,0.208972,-0.153979,1.275830,103496,493875,-91,113,8239,-17,-4,-19,641
1780493821.980664,103500,493880,0x0FFF,0.472937,0.395947,-1.055859,0.296960,0.549927,-1.000867,0.197974,0.351953,-0.835889,0.252966,-0.593921,1.330823,0.065991,-0.428943,1.187842,0.065991,-0.274963,1.286829,0.197974,0.164978,-1.055859,0.197974,0.395947,-0.813892,0.164978,0.395947,-0.901880,0.219971,-0.461938,1.022864,0.131982,-0.362952,1.110852,0.197974,-0.120984,1.143848,103499,493879,-98,113,8239,-15,-4,-23,637
1780493821.982450,103501,493883,0x0FFF,0.516931,0.384949,-0.923877,0.285962,0.549927,-0.912878,0.241968,0.351953,-0.901880,0.307959,-0.615918,1.264832,0.087988,-0.373950,1.220837,-0.032996,-0.439941,1.319824,0.230969,0.296960,-0.978870,0.175977,0.395947,-0.736902,0.043994,0.417944,-0.912878,0.241968,-0.483936,1.077856,0.164978,-0.351953,1.198840,0.219971,-0.175977,1.088855,103499,493879,-98,113,8239,-15,-4,-23,637
1780493821.985432,103502,493885,0x0FFF,0.417944,0.373950,-0.978870,0.329956,0.461938,-0.956873,0.274963,0.351953,-0.890881,0.307959,-0.593921,1.352820,0.219971,-0.384949,1.242834,0.032996,-0.296960,1.352820,0.131982,0.351953,-0.967871,0.109985,0.450940,-0.802893,0.120984,0.417944,-0.846887,0.241968,-0.428943,1.000867,0.252966,-0.285962,1.132849,0.241968,-0.087988,1.198840,103499,493879,-98,113,8239,-15,-4,-23,637
1780493821.987332,103504,493887,0x0FFF,0.472937,0.296960,-1.033862,0.263965,0.560925,-0.945874,0.241968,0.252966,-1.033862,0.219971,-0.549927,1.264832,0.109985,-0.373950,1.176843,0.000000,-0.241968,1.275830,0.241968,0.362952,-1.033862,0.197974,0.450940,-0.890881,0.164978,0.483936,-0.923877,0.263965,-0.417944,0.978870,0.208972,-0.428943,1.088855,0.120984,-0.230969,1.209839,103503,493885,-90,120,8249,-19,-2,-22,640
1780493821.989237,103505,493889,0x0FFF,0.461938,0.450940,-0.901880,0.274963,0.351953,-0.978870,0.186975,0.329956,-1.022864,0.230969,-0.681909,1.187842,0.032996,-0.362952,1.253833,0.098987,-0.340955,1.341821,0.153979,0.307959,-1.044861,0.186975,0.406946,-0.879883,0.175977,0.439941,-1.033862,0.307959,-0.384949,0.868884,0.208972,-0.263965,1.121851,0.186975,-0.153979,1.209839,103503,493885,-90,120,8249,-19,-2,-22,640
1780493821.991072,103507,493891,0x0FFF,0.483936,0.428943,-0.912878,0.362952,0.494934,-0.846887,0.120984,0.351953,-0.857886,0.263965,-0.604919,1.143848,0.109985,-0.461938,1.253833,-0.043994,-0.329956,1.176843,0.175977,0.417944,-0.989868,0.109985,0.340955,-0.780896,0.043994,0.571924,-0.923877,0.307959,-0.417944,0.846887,0.098987,-0.450940,1.176843,0.230969,-0.241968,1.209839,103506,493889,-94,116,8248,-16,-1,-21,639
1780493821.992870,103508,493893,0x0FFF,0.472937,0.285962,-0.923877,0.307959,0.527930,-0.901880,0.208972,0.395947,-0.868884,0.263965,-0.692908,1.231836,0.164978,-0.351953,1.286829,0.054993,-0.296960,1.231836,0.208972,0.296960,-1.055859,0.263965,0.340955,-0.747900,0.131982,0.516931,-0.857886,0.186975,-0.450940,0.989868,0.175977,-0.274963,1.033862,0.153979,-0.164978,1.154846,103506,493889,-94,116,8248,-16,-1,-21,639
1780493821.995837,103509,493895,0x0FFF,0.395947,0.384949,-0.868884,0.362952,0.505933,-0.912878,0.263965,0.307959,-0.857886,0.296960,-0.659912,1.385815,0.098987,-0.263965,1.253833,0.043994,-0.241968,1.385815,0.153979,0.340955,-1.121851,0.098987,0.428943,-0.780896,0.087988,0.560925,-0.879883,0.230969,-0.428943,1.077856,0.120984,-0.395947,1.143848,0.241968,-0.230969,1.220837,103506,493889,-94,116,8248,-16,-1,-21,639
1780493821.997725,103511,493897,0x0FFF,0.461938,0.461938,-1.022864,0.307959,0.340955,-0.945874,0.208972,0.494934,-0.923877,0.197974,-0.659912,1.110852,-0.021997,-0.428943,1.242834,-0.032996,-0.285962,1.341821,0.274963,0.351953,-1.044861,0.208972,0.417944,-0.802893,0.230969,0.329956,-0.780896,0.230969,-0.472937,0.945874,0.076990,-0.285962,1.055859,0.208972,-0.197974,1.286829,103510,493895,-100,115,8234,-18,-1,-21,623
1780493821.999679,103512,493899,0x0FFF,0.362952,0.373950,-1.022864,0.263965,0.461938,-0.934875,0.219971,0.296960,-0.978870,0.263965,-0.582922,1.165845,0.054993,-0.362952,1.242834,0.076990,-0.197974,1.330823,0.252966,0.329956,-0.967871,0.197974,0.285962,-0.824890,0.208972,0.406946,-0.901880,0.296960,-0.560925,0.967871,0.142981,-0.351953,1.132849,0.098987,-0.274963,1.143848,103510,493895,-100,115,8234,-18,-1,-21,623
1780493822.001584,103514,493901,0x0FFF,0.494934,0.494934,-0.956873,0.153979,0.593921,-0.956873,0.263965,0.285962,-0.901880,0.263965,-0.571924,1.165845,0.164978,-0.208972,1.187842,0.054993,-0.252966,1.308826,0.219971,0.340955,-1.000867,0.175977,0.450940,-0.769897,0.032996,0.318958,-0.879883,0.274963,-0.461938,1.066858,0.076990,-0.384949,1.165845,0.120984,-0.131982,1.176843,103513,493900,-107,108,8220,-17,-2,-20,631
1780493822.003500,103515,493903,0x0FFF,0.527930,0.384949,-0.923877,0.241968,0.527930,-0.824890,0.175977,0.351953,-0.879883,0.241968,-0.538928,1.231836,0.164978,-0.296960,1.264832,-0.087988,-0.230969,1.286829,0.230969,0.274963,-0.978870,0.153979,0.362952,-0.846887,0.109985,0.527930,-0.824890,0.230969,-0.428943,1.022864,0.098987,-0.340955,1.198840,0.164978,-0.153979,1.209839,103513,493900,-107,108,8220,-17,-2,-20,631
1780493822.005499,103517,493905,0x0FFF,0.472937,0.351953,-0.989868,0.230969,0.505933,-1.000867,0.208972,0.373950,-0.868884,0.241968,-0.604919,1.231836,0.065991,-0.285962,1.187842,-0.021997,-0.274963,1.198840,0.263965,0.318958,-0.989868,0.208972,0.406946,-0.890881,0.120984,0.395947,-1.011865,0.208972,-0.439941,0.912878,0.197974,-0.384949,1.143848,0.109985,-0.219971,1.275830,103516,493904,-99,110,8234,-14,-1,-21,628
1780493822.008546,103518,493908,0x0FFF,0.560925,0.384949,-0.989868,0.252966,0.472937,-0.901880,0.175977,0.307959,-0.802893,0.230969,-0.527930,1.220837,0.186975,-0.384949,1.198840,-0.010999,-0.362952,1.319824,0.241968,0.384949,-0.945874,0.175977,0.362952,-0.912878,0.131982,0.483936,-0.956873,0.175977,-0.373950,1.000867,0.153979,-0.285962,1.264832,0.098987,-0.241968,1.198840,103516,493904,-99,110,8234,-14,-1,-21,628
1780493822.010561,103519,493910,0x0FFF,0.538928,0.307959,-0.857886,0.384949,0.395947,-0.802893,0.186975,0.329956,-0.956873,0.197974,-0.571924,1.055859,0.054993,-0.274963,1.330823,0.021997,-0.274963,1.220837,0.197974,0.450940,-1.110852,0.197974,0.450940,-0.758899,0.131982,0.439941,-0.978870,0.296960,-0.450940,1.000867,0.076990,-0.351953,1.231836,0.197974,-0.197974,1.220837,103516,493904,-99,110,8234,-14,-1,-21,628
1780493822.012549,103521,493912,0x0FFF,0.505933,0.417944,-1.033862,0.340955,0.494934,-0.934875,0.175977,0.318958,-0.802893,0.296960,-0.604919,1.220837,0.109985,-0.340955,1.374817,0.021997,-0.307959,1.286829,0.208972,0.318958,-1.000867,0.098987,0.439941,-0.813892,0.175977,0.450940,-0.967871,0.241968,-0.373950,0.978870,0.153979,-0.340955,1.176843,0.142981,-0.131982,1.187842,103520,493910,-93,122,8235,-17,-2,-19,632
1780493822.014569,103522,493914,0x0FFF,0.450940,0.263965,-0.967871,0.153979,0.483936,-0.912878,0.241968,0.318958,-0.813892,0.197974,-0.670911,1.264832,0.054993,-0.340955,1.220837,-0.010999,-0.307959,1.352820,0.197974,0.384949,-0.989868,0.164978,0.395947,-0.802893,0.263965,0.351953,-0.879883,0.164978,-0.395947,0.934875,0.175977,-0.285962,1.121851,0.186975,-0.285962,1.253833,103520,493910,-93,122,8235,-17,-2,-19,632
1780493822.016583,103524,493916,0x0FFF,0.450940,0.406946,-1.044861,0.329956,0.494934,-1.011865,0.230969,0.329956,-0.956873,0.197974,-0.615918,1.187842,-0.021997,-0.252966,1.319824,-0.010999,-0.329956,1.264832,0.186975,0.318958,-0.989868,0.263965,0.329956,-0.747900,0.164978,0.494934,-0.912878,0.230969,-0.560925,0.989868,0.208972,-0.307959,1.110852,0.010999,-0.142981,1.209839,103523,493914,-93,116,8231,-18,-5,-19,626
1780493822.018654,103525,493918,0x0FFF,0.461938,0.307959,-1.000867,0.263965,0.571924,-0.857886,0.241968,0.428943,-0.901880,0.219971,-0.615918,1.220837,0.131982,-0.318958,1.264832,0.054993,-0.197974,1.330823,0.175977,0.263965,-0.956873,0.153979,0.538928,-0.857886,0.087988,0.384949,-1.011865,0.175977,-0.351953,0.923877,0.120984,-0.406946,1.154846,0.076990,-0.241968,1.308826,103523,493914,-93,116,8231,-18,-5,-19,626
1780493822.020674,103526,493920,0x0FFF,0.516931,0.362952,-0.923877,0.274963,0.505933,-0.912878,0.230969,0.384949,-0.868884,0.406946,-0.593921,1.209839,0.000000,-0.318958,1.187842,-0.043994,-0.197974,1.220837,0.186975,0.351953,-0.989868,0.153979,0.318958,-0.725903,0.230969,0.516931,-0.978870,0.307959,-0.406946,0.989868,0.175977,-0.274963,1.088855,0.263965,-0.186975,1.176843,103523,493914,-93,116,8231,-18,-5,-19,626
1780493822.022679,103528,493922,0x0FFF,0.439941,0.351953,-1.000867,0.285962,0.494934,-0.934875,0.208972,0.252966,-1.000867,0.285962,-0.593921,1.198840,0.065991,-0.384949,1.253833,0.087988,-0.285962,1.154846,0.131982,0.252966,-1.022864,0.230969,0.329956,-0.846887,0.120984,0.208972,-1.022864,0.230969,-0.318958,0.934875,0.065991,-0.406946,1.055859,0.120984,-0.186975,1.297827,103527,493920,-86,114,8223,-15,-2,-21,618
1780493822.024717,103529,493924,0x0FFF,0.494934,0.406946,-1.055859,0.351953,0.450940,-0.835889,0.285962,0.318958,-0.912878,0.263965,-0.549927,1.187842,0.076990,-0.516931,1.231836,0.021997,-0.362952,1.297827,0.076990,0.263965,-1.011865,0.241968,0.274963,-0.868884,0.120984,0.307959,-0.934875,0.329956,-0.417944,0.978870,0.098987,-0.340955,1.088855,0.208972,-0.230969,1.242834,103527,493920,-86,114,8223,-15,-2,-21,618
1780493822.026741,103531,493926,0x0FFF,0.406946,0.329956,-0.989868,0.362952,0.516931,-0.956873,0.252966,0.285962,-0.934875,0.307959,-0.582922,1.220837,0.032996,-0.351953,1.319824,0.043994,-0.318958,1.319824,0.131982,0.362952,-1.044861,0.241968,0.406946,-0.857886,0.087988,0.439941,-0.978870,0.252966,-0.340955,0.978870,0.131982,-0.395947,1.220837,0.120984,-0.263965,1.132849,103530,493925,-89,103,8235,-16,-3,-21,643
1780493822.028685,103532,493928,0x0FFF,0.395947,0.373950,-0.934875,0.340955,0.505933,-0.901880,0.329956,0.351953,-0.912878,0.329956,-0.615918,1.154846,0.142981,-0.340955,1.165845,-0.021997,-0.186975,1.341821,0.274963,0.395947,-1.022864,0.197974,0.472937,-0.780896,0.043994,0.450940,-0.934875,0.219971,-0.439941,1.000867,0.131982,-0.307959,1.066858,0.065991,-0.252966,1.209839,103530,493925,-89,103,8235,-16,-3,-21,643
1780493822.030653,103534,493930,0x0FFF,0.439941,0.494934,-1.000867,0.296960,0.483936,-0.802893,0.219971,0.340955,-0.923877,0.197974,-0.593921,1.154846,0.208972,-0.329956,1.165845,0.000000,-0.263965,1.231836,0.274963,0.263965,-0.978870,0.197974,0.373950,-0.813892,0.109985,0.351953,-0.934875,0.164978,-0.373950,0.967871,0.065991,-0.274963,1.198840,0.131982,-0.208972,1.176843,103533,493929,-90,96,8235,-16,-1,-22,643
1780493822.032499,103535,493933,0x0FFF,0.461938,0.362952,-1.044861,0.274963,0.428943,-0.868884,0.307959,0.417944,-0.890881,0.208972,-0.593921,1.253833,0.142981,-0.373950,1.253833,0.043994,-0.230969,1.330823,0.274963,0.285962,-0.912878,0.252966,0.450940,-0.791895,0.153979,0.439941,-0.934875,0.307959,-0.362952,1.011865,0.098987,-0.362952,1.253833,0.153979,-0.219971,1.209839,103533,493929,-90,96,8235,-16,-1,-22,643
1780493822.035541,103536,493935,0x0FFF,0.428943,0.285962,-0.923877,0.285962,0.549927,-0.956873,0.318958,0.329956,-0.813892,0.197974,-0.681909,1.253833,0.131982,-0.307959,1.253833,0.109985,-0.340955,1.242834,0.098987,0.351953,-1.000867,0.109985,0.362952,-0.846887,0.131982,0.472937,-0.879883,0.208972,-0.417944,1.077856,0.164978,-0.274963,1.132849,0.120984,-0.263965,1.209839,103533,493929,-90,96,8235,-16,-1,-22,643
1780493822.037526,103538,493937,0x0FFF,0.428943,0.384949,-1.066858,0.252966,0.461938,-1.055859,0.285962,0.351953,-0.813892,0.252966,-0.571924,1.264832,0.120984,-0.351953,1.132849,0.021997,-0.351953,1.341821,0.131982,0.263965,-1.088855,0.098987,0.417944,-0.791895,0.098987,0.428943,-0.912878,0.197974,-0.505933,1.022864,0.142981,-0.296960,1.132849,0.109985,-0.153979,1.286829,103537,493935,-107,103,8242,-16,-3,-18,623
1780493822.039553,103539,493939,0x0FFF,0.472937,0.340955,-0.879883,0.263965,0.483936,-0.901880,0.186975,0.318958,-0.901880,0.241968,-0.747900,1.110852,0.000000,-0.274963,1.286829,0.021997,-0.186975,1.264832,0.164978,0.296960,-0.978870,0.076990,0.373950,-0.890881,0.098987,0.384949,-0.923877,0.186975,-0.472937,1.000867,0.087988,-0.373950,1.066858,0.109985,-0.142981,1.231836,103537,493935,-107,103,8242,-16,-3,-18,623
1780493822.041545,103541,493941,0x0FFF,0.406946,0.285962,-0.989868,0.296960,0.417944,-0.912878,0.208972,0.395947,-1.011865,0.219971,-0.648914,1.352820,0.131982,-0.373950,1.242834,0.000000,-0.098987,1.187842,0.230969,0.318958,-0.901880,0.219971,0.340955,-0.736902,0.065991,0.461938,-0.802893,0.296960,-0.450940,0.978870,0.164978,-0.318958,1.154846,0.219971,-0.197974,1.176843,103540,493939,-102,118,8223,-16,-4,-21,638
1780493822.043458,103542,493943,0x0FFF,0.472937,0.428943,-0.945874,0.340955,0.417944,-0.857886,0.285962,0.461938,-0.956873,0.263965,-0.626917,1.187842,0.087988,-0.318958,1.374817,-0.021997,-0.274963,1.242834,0.197974,0.395947,-1.011865,0.230969,0.362952,-0.813892,0.252966,0.483936,-0.934875,0.175977,-0.417944,1.000867,0.153979,-0.307959,1.044861,0.208972,-0.208972,1.264832,103540,493939,-102,118,8223,-16,-4,-21,638
1780493822.045585,103543,493945,0x0FFF,0.461938,0.263965,-1.033862,0.340955,0.428943,-0.945874,0.219971,0.307959,-0.890881,0.307959,-0.615918,1.286829,0.142981,-0.329956,1.198840,0.043994,-0.263965,1.319824,0.186975,0.362952,-1.088855,0.219971,0.340955,-0.835889,0.142981,0.373950,-0.967871,0.230969,-0.516931,0.934875,0.054993,-0.351953,1.121851,0.197974,-0.120984,1.066858,103540,493939,-102,118,8223,-16,-4,-21,638
1780493822.047613,103545,493947,0x0FFF,0.483936,0.428943,-0.967871,0.362952,0.483936,-0.747900,0.219971,0.373950,-0.879883,0.285962,-0.604919,1.209839,0.153979,-0.362952,1.187842,0.142981,-0.318958,1.330823,0.065991,0.417944,-0.846887,0.186975,0.417944,-0.857886,0.219971,0.428943,-0.857886,0.307959,-0.450940,1.000867,0.175977,-0.329956,1.110852,0.153979,-0.208972,1.165845,103544,493945,-92,107,8253,-17,-2,-19,634
1780493822.049600,103546,493949,0x0FFF,0.549927,0.296960,-0.945874,0.241968,0.351953,-0.945874,0.219971,0.406946,-1.000867,0.307959,-0.582922,1.264832,0.054993,-0.406946,1.220837,0.032996,-0.164978,1.297827,0.120984,0.285962,-1.011865,0.252966,0.373950,-0.956873,0.043994,0.527930,-0.901880,0.263965,-0.439941,1.077856,0.175977,-0.252966,1.132849,0.263965,-0.197974,1.132849,103544,493945,-92,107,8253,-17,-2,-19,634
1780493822.051571,103548,493951,0x0FFF,0.428943,0.329956,-1.066858,0.340955,0.472937,-0.945874,0.153979,0.351953,-0.989868,0.351953,-0.538928,1.231836,0.109985,-0.351953,1.220837,0.010999,-0.263965,1.264832,0.230969,0.263965,-1.099854,0.186975,0.439941,-0.835889,0.076990,0.461938,-0.923877,0.274963,-0.428943,0.967871,0.010999,-0.263965,1.066858,0.186975,-0.142981,1.264832,103547,493950,-100,111,8240,-18,1,-21,643
1780493822.053447,103549,493953,0x0FFF,0.549927,0.373950,-0.945874,0.329956,0.450940,-0.989868,0.219971,0.263965,-0.813892,0.186975,-0.681909,1.275830,0.241968,-0.428943,1.275830,-0.021997,-0.274963,1.165845,0.142981,0.340955,-0.945874,0.186975,0.318958,-0.868884,0.087988,0.472937,-0.857886,0.153979,-0.549927,0.868884,0.087988,-0.296960,1.121851,0.285962,-0.142981,1.187842,103547,493950,-100,111,8240,-18,1,-21,643
1780493822.055470,103551,493955,0x0FFF,0.417944,0.384949,-0.923877,0.175977,0.483936,-0.868884,0.296960,0.241968,-0.923877,0.263965,-0.571924,1.187842,0.032996,-0.384949,1.187842,-0.043994,-0.274963,1.396814,0.175977,0.395947,-0.956873,0.164978,0.406946,-0.736902,0.120984,0.461938,-0.956873,0.186975,-0.428943,0.989868,0.219971,-0.417944,1.198840,0.208972,-0.175977,1.176843,103550,493954,-99,125,8229,-18,-2,-19,644
1780493822.058527,103552,493958,0x0FFF,0.395947,0.395947,-0.978870,0.318958,0.483936,-0.923877,0.241968,0.351953,-0.857886,0.241968,-0.615918,1.231836,0.065991,-0.318958,1.253833,0.000000,-0.208972,1.231836,0.241968,0.373950,-1.011865,0.252966,0.428943,-0.857886,0.142981,0.439941,-1.000867,0.263965,-0.406946,0.989868,0.142981,-0.285962,1.055859,0.120984,-0.285962,1.154846,103550,493954,-99,125,8229,-18,-2,-19,644
1780493822.060552,103553,493960,0x0FFF,0.483936,0.329956,-1.033862,0.329956,0.461938,-0.945874,0.153979,0.428943,-0.868884,0.219971,-0.637915,1.231836,0.098987,-0.538928,1.242834,0.010999,-0.120984,1.275830,0.197974,0.373950,-1.011865,0.153979,0.318958,-0.945874,0.131982,0.373950,-0.868884,0.219971,-0.472937,1.066858,0.131982,-0.318958,1.110852,0.263965,-0.219971,1.176843,103550,493954,-99,125,8229,-18,-2,-19,644
1780493822.062635,103555,493962,0x0FFF,0.307959,0.373950,-0.989868,0.274963,0.362952,-0.824890,0.241968,0.384949,-0.901880,0.351953,-0.505933,1.154846,0.109985,-0.296960,1.209839,0.087988,-0.296960,1.363818,0.274963,0.307959,-1.000867,0.131982,0.373950,-0.714905,0.131982,0.373950,-0.923877,0.131982,-0.472937,0.923877,0.131982,-0.417944,1.110852,0.175977,-0.241968,1.198840,103554,493960,-97,110,8223,-18,-4,-19,630
1780493822.064686,103556,493964,0x0FFF,0.472937,0.428943,-1.055859,0.340955,0.494934,-0.890881,0.263965,0.417944,-0.923877,0.208972,-0.494934,1.297827,0.087988,-0.329956,1.297827,0.000000,-0.351953,1.352820,0.153979,0.340955,-0.978870,0.087988,0.307959,-0.868884,0.197974,0.362952,-1.000867,0.274963,-0.450940,0.945874,0.109985,-0.406946,1.143848,0.076990,-0.164978,1.165845,103554,493960,-97,110,8223,-18,-4,-19,630
1780493822.066678,103558,493966,0x0FFF,0.461938,0.373950,-1.088855,0.274963,0.538928,-1.011865,0.252966,0.461938,-0.868884,0.274963,-0.670911,1.396814,0.109985,-0.351953,1.242834,-0.021997,-0.307959,1.242834,0.131982,0.318958,-0.956873,0.241968,0.406946,-0.747900,0.120984,0.516931,-0.890881,0.318958,-0.439941,0.934875,0.142981,-0.296960,1.154846,0.164978,-0.219971,1.264832,103557,493964,-101,112,8247,-18,-4,-21,630
1780493822.068601,103559,493968,0x0FFF,0.252966,0.296960,-0.956873,0.274963,0.483936,-0.989868,0.241968,0.329956,-0.945874,0.296960,-0.703906,1.198840,0.087988,-0.417944,1.253833,-0.076990,-0.340955,1.253833,0.131982,0.296960,-0.956873,0.197974,0.362952,-0.758899,0.142981,0.450940,-0.945874,0.197974,-0.406946,1.033862,0.142981,-0.175977,1.143848,0.208972,-0.186975,1.132849,103557,493964,-101,112,8247,-18,-4,-21,630
1780493822.070642,103560,493970,0x0FFF,0.483936,0.274963,-0.901880,0.340955,0.472937,-0.868884,0.131982,0.263965,-0.923877,0.175977,-0.648914,1.220837,0.065991,-0.340955,1.220837,-0.021997,-0.307959,1.242834,0.120984,0.230969,-0.945874,0.197974,0.439941,-0.868884,0.186975,0.483936,-0.879883,0.142981,-0.428943,0.923877,0.164978,-0.329956,1.165845,0.153979,-0.131982,1.231836,103557,493964,-101,112,8247,-18,-4,-21,630
1780493822.072652,103562,493972,0x0FFF,0.373950,0.362952,-0.868884,0.318958,0.351953,-0.934875,0.230969,0.373950,-0.846887,0.285962,-0.604919,1.242834,0.065991,-0.362952,1.176843,0.010999,-0.219971,1.253833,0.153979,0.373950,-0.890881,0.175977,0.318958,-0.835889,0.010999,0.384949,-0.967871,0.175977,-0.439941,0.934875,0.219971,-0.351953,1.121851,0.175977,-0.153979,1.165845,103561,493970,-95,122,8243,-17,-5,-17,638
1780493822.074663,103563,493974,0x0FFF,0.439941,0.362952,-0.890881,0.208972,0.362952,-0.967871,0.197974,0.417944,-0.824890,0.263965,-0.505933,1.143848,0.175977,-0.417944,1.264832,-0.021997,-0.274963,1.286829,0.219971,0.318958,-1.077856,0.142981,0.384949,-0.747900,0.219971,0.439941,-0.868884,0.076990,-0.483936,0.934875,0.175977,-0.439941,1.132849,0.208972,-0.098987,1.187842,103561,493970,-95,122,8243,-17,-5,-17,638
1780493822.076643,103565,493976,0x0FFF,0.483936,0.340955,-0.934875,0.285962,0.439941,-0.923877,0.285962,0.439941,-0.967871,0.175977,-0.505933,1.231836,0.120984,-0.274963,1.275830,-0.010999,-0.340955,1.154846,0.109985,0.252966,-1.022864,0.175977,0.340955,-0.802893,0.142981,0.373950,-0.978870,0.318958,-0.527930,1.000867,0.164978,-0.351953,1.066858,0.186975,-0.230969,1.319824,103564,493975,-97,103,8243,-15,-3,-21,640
1780493822.078583,103566,493978,0x0FFF,0.439941,0.252966,-0.945874,0.307959,0.494934,-0.967871,0.285962,0.307959,-0.857886,0.208972,-0.626917,1.154846,0.197974,-0.296960,1.253833,0.000000,-0.219971,1.275830,0.131982,0.318958,-0.945874,0.219971,0.395947,-0.791895,0.054993,0.472937,-0.923877,0.186975,-0.428943,0.945874,0.021997,-0.340955,1.132849,0.197974,-0.197974,1.132849,103564,493975,-97,103,8243,-15,-3,-21,640
1780493822.080703,103568,493980,0x0FFF,0.406946,0.439941,-0.890881,0.318958,0.373950,-0.901880,0.208972,0.406946,-0.912878,0.219971,-0.571924,1.132849,0.043994,-0.318958,1.352820,0.010999,-0.252966,1.242834,0.318958,0.318958,-1.033862,0.230969,0.340955,-0.923877,0.131982,0.307959,-0.978870,0.175977,-0.439941,0.967871,0.175977,-0.351953,1.033862,0.175977,-0.197974,1.209839,103567,493979,-93,103,8240,-16,-3,-25,636
1780493822.082616,103569,493983,0x0FFF,0.417944,0.329956,-0.945874,0.175977,0.527930,-0.835889,0.186975,0.395947,-1.000867,0.230969,-0.604919,1.319824,0.142981,-0.362952,1.165845,0.021997,-0.219971,1.275830,0.142981,0.483936,-0.967871,0.098987,0.439941,-0.802893,0.131982,0.340955,-0.956873,0.153979,-0.472937,1.022864,0.054993,-0.362952,1.088855,0.197974,-0.208972,1.165845,103567,493979,-93,103,8240,-16,-3,-25,636
1780493822.084631,103570,493985,0x0FFF,0.505933,0.373950,-0.945874,0.241968,0.384949,-0.912878,0.329956,0.285962,-1.011865,0.219971,-0.615918,1.154846,0.153979,-0.417944,1.297827,0.021997,-0.175977,1.242834,0.197974,0.351953,-0.967871,0.164978,0.406946,-0.769897,0.054993,0.406946,-0.868884,0.120984,-0.362952,0.912878,0.142981,-0.252966,1.099854,0.219971,-0.142981,1.165845,103567,493979,-93,103,8240,-16,-3,-25,636
1780493822.086679,103572,493987,0x0FFF,0.439941,0.461938,-0.989868,0.318958,0.483936,-0.956873,0.208972,0.384949,-0.901880,0.197974,-0.604919,1.275830,0.087988,-0.340955,1.132849,0.010999,-0.384949,1.352820,0.120984,0.340955,-0.912878,0.076990,0.406946,-0.846887,0.175977,0.318958,-0.978870,0.307959,-0.439941,0.956873,0.131982,-0.263965,1.077856,0.208972,-0.175977,1.242834,103571,493985,-100,115,8240,-16,-4,-20,635
1780493822.089792,103573,493989,0x0FFF,0.439941,0.384949,-0.912878,0.307959,0.450940,-0.956873,0.186975,0.274963,-0.912878,0.285962,-0.593921,1.231836,0.153979,-0.351953,1.176843,0.000000,-0.395947,1.275830,0.120984,0.362952,-1.033862,0.230969,0.395947,-0.758899,0.142981,0.417944,-0.901880,0.164978,-0.406946,1.022864,0.131982,-0.406946,1.176843,0.186975,-0.318958,1.099854,103571,493985,-100,115,8240,-16,-4,-20,635
1780493822.091899,103575,493991,0x0FFF,0.461938,0.351953,-1.033862,0.241968,0.461938,-0.945874,0.219971,0.450940,-0.846887,0.219971,-0.560925,1.209839,0.142981,-0.252966,1.242834,0.000000,-0.395947,1.297827,0.164978,0.340955,-1.077856,0.175977,0.362952,-0.824890,0.098987,0.329956,-0.945874,0.230969,-0.351953,0.967871,0.087988,-0.307959,1.198840,0.186975,-0.175977,1.154846,103574,493989,-85,119,8236,-17,-3,-21,638
1780493822.093892,103576,493993,0x0FFF,0.439941,0.439941,-0.978870,0.362952,0.417944,-1.033862,0.263965,0.318958,-0.934875,0.263965,-0.659912,1.187842,0.175977,-0.351953,1.231836,0.021997,-0.285962,1.330823,0.219971,0.296960,-0.923877,0.274963,0.472937,-0.824890,0.197974,0.417944,-1.033862,0.351953,-0.483936,1.011865,0.142981,-0.296960,1.253833,0.252966,-0.186975,1.099854,103574,493989,-85,119,8236,-17,-3,-21,638
1780493822.095945,103577,493995,0x0FFF,0.428943,0.417944,-1.044861,0.241968,0.450940,-0.989868,0.252966,0.373950,-0.890881,0.230969,-0.538928,1.264832,0.098987,-0.340955,1.121851,-0.065991,-0.230969,1.308826,0.131982,0.340955,-1.033862,0.186975,0.351953,-0.747900,0.186975,0.428943,-0.945874,0.230969,-0.417944,0.989868,0.076990,-0.373950,1.176843,0.164978,-0.241968,1.033862,103574,493989,-85,119,8236,-17,-3,-21,638
1780493822.097972,103579,493997,0x0FFF,0.494934,0.329956,-0.956873,0.351953,0.527930,-0.978870,0.241968,0.296960,-0.802893,0.351953,-0.582922,1.242834,0.120984,-0.274963,1.264832,0.142981,-0.230969,1.385815,0.307959,0.395947,-0.967871,0.208972,0.362952,-0.802893,0.164978,0.494934,-0.791895,0.153979,-0.582922,0.846887,0.142981,-0.274963,1.055859,0.131982,-0.186975,1.198840,103578,493995,-106,126,8237,-15,-2,-22,638
1780493822.100008,103580,493999,0x0FFF,0.538928,0.384949,-0.967871,0.296960,0.417944,-0.868884,0.296960,0.351953,-0.802893,0.252966,-0.560925,1.187842,0.021997,-0.395947,1.253833,0.065991,-0.307959,1.341821,0.208972,0.307959,-1.011865,0.230969,0.527930,-0.813892,0.098987,0.395947,-0.956873,0.131982,-0.417944,0.989868,0.153979,-0.329956,1.165845,0.175977,-0.197974,1.066858,103578,493995,-106,126,8237,-15,-2,-22,638
1780493822.102041,103582,494001,0x0FFF,0.538928,0.307959,-0.989868,0.252966,0.461938,-0.802893,0.252966,0.263965,-0.835889,0.274963,-0.516931,1.286829,0.098987,-0.395947,1.220837,0.010999,-0.263965,1.374817,0.263965,0.307959,-1.077856,0.219971,0.373950,-0.725903,0.153979,0.439941,-0.912878,0.076990,-0.538928,1.022864,0.076990,-0.285962,1.143848,0.043994,-0.274963,1.176843,103581,494000,-96,130,8242,-14,-3,-20,632
1780493822.104027,103583,494003,0x0FFF,0.373950,0.395947,-0.967871,0.362952,0.538928,-0.868884,0.186975,0.296960,-0.857886,0.307959,-0.626917,1.253833,0.153979,-0.395947,1.363818,-0.087988,-0.252966,1.264832,0.164978,0.351953,-0.923877,0.263965,0.483936,-0.802893,0.230969,0.439941,-0.945874,0.153979,-0.439941,0.934875,0.043994,-0.406946,1.143848,0.208972,-0.274963,1.231836,103581,494000,-96,130,8242,-14,-3,-20,632
1780493822.106062,103584,494005,0x0FFF,0.483936,0.285962,-0.890881,0.274963,0.549927,-0.956873,0.296960,0.296960,-1.011865,0.296960,-0.659912,1.286829,-0.021997,-0.318958,1.308826,-0.054993,-0.340955,1.242834,0.318958,0.241968,-1.000867,0.153979,0.351953,-0.802893,0.186975,0.406946,-0.901880,0.373950,-0.505933,1.000867,0.076990,-0.373950,1.110852,0.164978,-0.131982,1.132849,103581,494000,-96,130,8242,-14,-3,-20,632
1780493822.108078,103586,494008,0x0FFF,0.560925,0.362952,-1.033862,0.296960,0.461938,-0.967871,0.164978,0.351953,-0.890881,0.208972,-0.659912,1.253833,0.098987,-0.395947,1.198840,0.000000,-0.340955,1.198840,0.197974,0.362952,-0.901880,0.219971,0.494934,-0.978870,0.164978,0.461938,-0.890881,0.274963,-0.483936,0.989868,0.142981,-0.351953,1.121851,0.054993,-0.153979,1.286829,103585,494006,-92,123,8248,-15,2,-21,639
1780493822.110120,103587,494010,0x0FFF,0.351953,0.252966,-0.934875,0.307959,0.395947,-0.967871,0.351953,0.340955,-0.890881,0.219971,-0.626917,1.176843,0.186975,-0.285962,1.209839,-0.043994,-0.362952,1.198840,0.241968,0.362952,-0.945874,0.219971,0.318958,-0.747900,0.186975,0.428943,-0.934875,0.186975,-0.362952,1.055859,0.131982,-0.395947,1.055859,0.175977,-0.274963,1.154846,103585,494006,-92,123,8248,-15,2,-21,639
1780493822.112095,103589,494012,0x0FFF,0.428943,0.329956,-0.989868,0.263965,0.461938,-0.879883,0.208972,0.241968,-0.857886,0.219971,-0.604919,1.154846,0.131982,-0.351953,1.308826,0.021997,-0.274963,1.253833,0.219971,0.263965,-0.945874,0.175977,0.483936,-0.835889,0.175977,0.549927,-1.066858,0.296960,-0.417944,1.000867,0.076990,-0.285962,1.209839,0.230969,-0.153979,1.121851,103588,494010,-98,124,8229,-14,-2,-20,635
1780493822.114132,103590,494014,0x0FFF,0.384949,0.329956,-0.879883,0.329956,0.483936,-0.978870,0.263965,0.329956,-0.978870,0.142981,-0.582922,1.319824,0.076990,-0.439941,1.319824,0.043994,-0.197974,1.286829,0.186975,0.384949,-0.978870,0.241968,0.351953,-0.835889,0.109985,0.417944,-0.978870,0.274963,-0.428943,1.022864,0.142981,-0.307959,1.198840,0.208972,-0.208972,1.253833,103588,494010,-98,124,8229,-14,-2,-20,635
1780493822.116146,103592,494016,0x0FFF,0.461938,0.329956,-1.088855,0.395947,0.450940,-0.901880,0.241968,0.417944,-0.967871,0.175977,-0.516931,1.231836,0.186975,-0.307959,1.132849,0.142981,-0.274963,1.242834,0.274963,0.318958,-0.890881,0.142981,0.318958,-0.802893,0.120984,0.384949,-0.879883,0.263965,-0.373950,0.989868,0.087988,-0.252966,1.088855,0.164978,-0.230969,1.165845,103591,494014,-106,122,8233,-15,-4,-22,633
1780493822.118114,103593,494018,0x0FFF,0.549927,0.274963,-0.934875,0.395947,0.450940,-0.912878,0.175977,0.373950,-0.923877,0.219971,-0.681909,1.231836,0.175977,-0.395947,1.187842,-0.010999,-0.318958,1.330823,0.164978,0.296960,-0.945874,0.153979,0.329956,-0.846887,0.142981,0.373950,-0.945874,0.175977,-0.428943,1.011865,0.142981,-0.362952,1.121851,0.120984,-0.186975,1.231836,103591,494014,-106,122,8233,-15,-4,-22,633
1780493822.120065,103594,494020,0x0FFF,0.461938,0.307959,-1.099854,0.307959,0.417944,-0.967871,0.175977,0.329956,-0.846887,0.230969,-0.604919,1.264832,0.131982,-0.340955,1.198840,-0.010999,-0.164978,1.308826,0.197974,0.307959,-0.978870,0.087988,0.362952,-0.802893,0.131982,0.329956,-0.824890,0.219971,-0.483936,1.044861,0.021997,-0.439941,1.242834,0.241968,-0.186975,1.231836,103591,494014,-106,122,8233,-15,-4,-22,633
1780493822.122140,103596,494022,0x0FFF,0.362952,0.307959,-0.945874,0.373950,0.406946,-0.967871,0.153979,0.373950,-0.945874,0.175977,-0.615918,1.220837,0.109985,-0.373950,1.275830,0.021997,-0.241968,1.198840,0.076990,0.373950,-0.945874,0.208972,0.373950,-0.879883,0.000000,0.373950,-1.000867,0.175977,-0.461938,1.066858,0.175977,-0.318958,1.165845,0.153979,-0.329956,1.264832,103595,494020,-91,123,8234,-15,-2,-22,632
1780493822.124185,103597,494024,0x0FFF,0.406946,0.329956,-1.022864,0.318958,0.604919,-0.879883,0.329956,0.395947,-0.879883,0.241968,-0.626917,1.154846,0.131982,-0.351953,1.308826,0.010999,-0.241968,1.352820,0.153979,0.362952,-1.055859,0.131982,0.428943,-0.813892,0.131982,0.505933,-0.879883,0.175977,-0.340955,0.857886,0.153979,-0.285962,1.176843,0.252966,-0.175977,1.110852,103595,494020,-91,123,8234,-15,-2,-22,632
1780493822.126277,103599,494026,0x0FFF,0.505933,0.362952,-1.000867,0.296960,0.615918,-0.967871,0.230969,0.373950,-0.857886,0.351953,-0.637915,1.220837,0.098987,-0.384949,1.198840,0.043994,-0.241968,1.341821,0.164978,0.263965,-0.945874,0.164978,0.296960,-0.780896,0.076990,0.373950,-0.923877,0.175977,-0.505933,1.099854,0.153979,-0.351953,1.165845,0.263965,-0.219971,1.209839,103598,494025,-96,118,8243,-16,-1,-23,631
1780493822.129336,103600,494028,0x0FFF,0.494934,0.384949,-0.934875,0.373950,0.461938,-0.967871,0.131982,0.395947,-0.945874,0.296960,-0.571924,1.264832,0.076990,-0.340955,1.374817,-0.010999,-0.186975,1.275830,0.109985,0.296960,-1.033862,0.241968,0.373950,-0.802893,0.142981,0.516931,-0.923877,0.219971,-0.439941,0.956873,0.131982,-0.274963,1.198840,0.153979,-0.285962,1.264832,103598,494025,-96,118,8243,-16,-1,-23,631
1780493822.131525,103601,494030,0x0FFF,0.461938,0.263965,-1.000867,0.230969,0.439941,-0.967871,0.285962,0.318958,-0.879883,0.417944,-0.659912,1.209839,0.142981,-0.351953,1.154846,0.010999,-0.252966,1.253833,0.186975,0.329956,-1.044861,0.175977,0.417944,-0.780896,0.120984,0.461938,-0.945874,0.241968,-0.395947,0.945874,0.186975,-0.340955,1.209839,0.263965,-0.164978,1.198840,103598,494025,-96,118,8243,-16,-1,-23,631
1780493822.133583,103603,494033,0x0FFF,0.516931,0.307959,-0.967871,0.164978,0.461938,-0.835889,0.307959,0.373950,-0.912878,0.186975,-0.659912,1.198840,-0.043994,-0.274963,1.143848,0.076990,-0.274963,1.176843,0.164978,0.340955,-0.923877,0.164978,0.450940,-0.736902,0.109985,0.428943,-1.000867,0.219971,-0.395947,0.967871,0.087988,-0.252966,1.264832,0.131982,-0.098987,1.231836,103602,494031,-109,84,8237,-16,0,-23,630
1780493822.135604,103604,494035,0x0FFF,0.450940,0.329956,-1.099854,0.307959,0.494934,-1.033862,0.340955,0.340955,-0.912878,0.274963,-0.604919,1.099854,0.131982,-0.384949,1.220837,-0.032996,-0.230969,1.330823,0.076990,0.263965,-0.945874,0.186975,0.417944,-0.835889,0.175977,0.373950,-1.033862,0.098987,-0.384949,0.967871,0.054993,-0.362952,1.165845,0.219971,-0.230969,1.099854,103602,494031,-109,84,8237,-16,0,-23,630
1780493822.137607,103606,494037,0x0FFF,0.439941,0.373950,-0.912878,0.252966,0.439941,-0.978870,0.164978,0.307959,-0.901880,0.296960,-0.648914,1.209839,0.065991,-0.406946,1.330823,-0.065991,-0.274963,1.253833,0.142981,0.241968,-0.978870,0.109985,0.406946,-0.923877,0.076990,0.516931,-0.868884,0.109985,-0.472937,0.945874,0.109985,-0.296960,1.099854,0.164978,-0.208972,1.176843,103605,494035,-109,121,8236,-15,-3,-22,636
1780493822.139624,103607,494039,0x0FFF,0.395947,0.329956,-0.989868,0.252966,0.329956,-0.846887,0.252966,0.373950,-0.890881,0.263965,-0.527930,1.242834,0.175977,-0.362952,1.121851,0.000000,-0.307959,1.330823,0.186975,0.219971,-0.923877,0.142981,0.340955,-0.868884,0.164978,0.362952,-0.857886,0.230969,-0.373950,1.011865,0.120984,-0.318958,1.165845,0.153979,-0.120984,1.176843,103605,494035,-109,121,8236,-15,-3,-22,636
1780493822.141617,103609,494041,0x0FFF,0.329956,0.296960,-1.000867,0.263965,0.373950,-0.945874,0.175977,0.307959,-0.791895,0.208972,-0.615918,1.209839,0.076990,-0.450940,1.253833,0.000000,-0.230969,1.374817,0.153979,0.439941,-1.033862,0.186975,0.340955,-0.857886,0.164978,0.538928,-0.857886,0.153979,-0.472937,1.033862,0.000000,-0.340955,1.220837,0.186975,-0.230969,1.143848,103608,494039,-98,125,8234,-17,-4,-21,627
1780493822.143575,103610,494043,0x0FFF,0.450940,0.351953,-0.978870,0.208972,0.428943,-1.055859,0.131982,0.373950,-0.890881,0.109985,-0.582922,1.165845,0.010999,-0.296960,1.220837,0.087988,-0.241968,1.231836,0.208972,0.252966,-1.055859,0.197974,0.450940,-0.868884,0.098987,0.329956,-1.011865,0.142981,-0.505933,0.989868,0.098987,-0.329956,1.187842,0.142981,-0.263965,1.264832,103608,494039,-98,125,8234,-17,-4,-21,627
1780493822.145589,103611,494045,0x0FFF,0.483936,0.384949,-0.967871,0.351953,0.494934,-0.923877,0.175977,0.329956,-0.956873,0.241968,-0.670911,1.242834,0.109985,-0.296960,1.374817,0.010999,-0.274963,1.374817,0.208972,0.263965,-0.967871,0.142981,0.351953,-0.868884,0.120984,0.483936,-0.956873,0.230969,-0.406946,1.011865,0.197974,-0.219971,1.176843,0.098987,-0.219971,1.308826,103608,494039,-98,125,8234,-17,-4,-21,627
1780493822.147596,103613,494047,0x0FFF,0.461938,0.274963,-0.934875,0.263965,0.439941,-0.912878,0.197974,0.241968,-0.846887,0.285962,-0.549927,1.198840,0.153979,-0.406946,1.374817,-0.010999,-0.230969,1.220837,0.230969,0.274963,-0.901880,0.241968,0.395947,-0.802893,0.021997,0.351953,-1.033862,0.186975,-0.428943,0.989868,0.120984,-0.296960,1.165845,0.208972,-0.186975,1.253833,103612,494045,-114,113,8236,-17,-3,-20,641
1780493822.149586,103614,494049,0x0FFF,0.472937,0.373950,-0.934875,0.307959,0.406946,-1.022864,0.252966,0.285962,-0.912878,0.230969,-0.615918,1.198840,0.197974,-0.329956,1.253833,0.076990,-0.230969,1.253833,0.175977,0.274963,-0.945874,0.252966,0.505933,-0.802893,0.197974,0.340955,-0.956873,0.131982,-0.406946,1.033862,0.241968,-0.296960,1.110852,0.175977,-0.230969,1.363818,103612,494045,-114,113,8236,-17,-3,-20,641
1780493822.151549,103616,494051,0x0FFF,0.527930,0.329956,-1.011865,0.307959,0.483936,-0.780896,0.219971,0.351953,-0.945874,0.219971,-0.626917,1.264832,0.032996,-0.307959,1.198840,0.043994,-0.351953,1.220837,0.186975,0.362952,-0.901880,0.153979,0.428943,-0.802893,0.076990,0.439941,-0.813892,0.230969,-0.472937,0.912878,0.131982,-0.307959,1.143848,0.186975,-0.252966,1.220837,103615,494050,-108,101,8224,-16,-6,-21,632
1780493822.153498,103617,494053,0x0FFF,0.439941,0.384949,-0.868884,0.318958,0.538928,-1.033862,0.263965,0.406946,-0.813892,0.274963,-0.637915,1.143848,0.153979,-0.340955,1.088855,0.043994,-0.285962,1.220837,0.219971,0.318958,-0.989868,0.175977,0.362952,-0.835889,0.131982,0.384949,-1.077856,0.274963,-0.461938,0.956873,0.098987,-0.318958,1.176843,0.153979,-0.186975,1.286829,103615,494050,-108,101,8224,-16,-6,-21,632
1780493822.155423,103618,494055,0x0FFF,0.527930,0.285962,-0.945874,0.307959,0.505933,-0.912878,0.142981,0.318958,-1.044861,0.318958,-0.659912,1.209839,0.153979,-0.329956,1.297827,0.076990,-0.274963,1.286829,0.208972,0.384949,-0.978870,0.197974,0.483936,-0.813892,0.098987,0.351953,-0.901880,0.197974,-0.549927,1.000867,0.076990,-0.307959,1.132849,0.208972,-0.131982,1.297827,103615,494050,-108,101,8224,-16,-6,-21,632
1780493822.157491,103620,494058,0x0FFF,0.472937,0.428943,-0.978870,0.384949,0.384949,-0.956873,0.208972,0.274963,-0.912878,0.186975,-0.659912,1.297827,0.087988,-0.329956,1.209839,0.065991,-0.252966,1.231836,0.164978,0.263965,-1.055859,0.208972,0.362952,-0.769897,0.175977,0.395947,-1.022864,0.241968,-0.538928,0.978870,0.153979,-0.307959,1.231836,0.153979,-0.241968,1.253833,103619,494056,-98,118,8235,-17,-4,-25,635
1780493822.160690,103621,494060,0x0FFF,0.285962,0.362952,-1.077856,0.395947,0.461938,-0.967871,0.263965,0.351953,-0.857886,0.219971,-0.604919,1.286829,0.087988,-0.384949,1.275830,0.120984,-0.197974,1.341821,0.230969,0.351953,-0.978870,0.208972,0.373950,-0.956873,0.120984,0.494934,-0.813892,0.175977,-0.527930,1.110852,0.054993,-0.373950,1.209839,0.120984,-0.153979,1.253833,103619,494056,-98,118,8235,-17,-4,-25,635
1780493822.161671,103623,494062,0x0FFF,0.428943,0.373950,-1.011865,0.329956,0.472937,-0.890881,0.274963,0.307959,-0.989868,0.241968,-0.604919,1.209839,0.065991,-0.252966,1.374817,0.032996,-0.230969,1.275830,0.219971,0.362952,-0.978870,0.131982,0.428943,-0.747900,0.164978,0.439941,-0.879883,0.142981,-0.450940,0.978870,0.131982,-0.296960,1.143848,0.175977,-0.208972,1.132849,103622,494060,-108,95,8234,-16,-3,-21,638
1780493822.164897,103624,494064,0x0FFF,0.505933,0.395947,-0.857886,0.351953,0.384949,-0.934875,0.241968,0.450940,-0.857886,0.186975,-0.494934,1.176843,0.010999,-0.252966,1.066858,0.076990,-0.241968,1.319824,0.186975,0.373950,-0.912878,0.208972,0.340955,-0.747900,0.241968,0.417944,-0.967871,0.219971,-0.406946,1.044861,0.131982,-0.351953,1.165845,0.230969,-0.197974,1.187842,103622,494060,-108,95,8234,-16,-3,-21,638
1780493822.165862,103626,494066,0x0FFF,0.373950,0.384949,-0.978870,0.296960,0.472937,-0.934875,0.362952,0.351953,-0.901880,0.197974,-0.560925,1.231836,0.010999,-0.307959,1.231836,0.098987,-0.241968,1.209839,0.230969,0.351953,-1.011865,0.120984,0.340955,-0.912878,0.131982,0.384949,-0.923877,0.274963,-0.472937,1.044861,0.076990,-0.252966,1.220837,0.153979,-0.164978,1.187842,103625,494064,-102,122,8225,-15,0,-21,632
1780493822.168889,103627,494068,0x0FFF,0.549927,0.384949,-1.011865,0.263965,0.527930,-1.011865,0.274963,0.373950,-0.857886,0.274963,-0.637915,1.209839,0.164978,-0.285962,1.264832,-0.021997,-0.263965,1.242834,0.098987,0.285962,-0.912878,0.274963,0.373950,-0.857886,0.131982,0.373950,-0.989868,0.142981,-0.450940,1.033862,0.076990,-0.274963,1.099854,0.197974,-0.153979,1.242834,103625,494064,-102,122,8225,-15,0,-21,632
1780493822.170942,103628,494070,0x0FFF,0.439941,0.274963,-0.923877,0.263965,0.395947,-0.912878,0.230969,0.351953,-0.956873,0.109985,-0.670911,1.231836,0.120984,-0.417944,1.198840,0.000000,-0.263965,1.363818,0.208972,0.318958,-0.857886,0.241968,0.296960,-0.846887,0.142981,0.373950,-0.901880,0.274963,-0.538928,0.879883,0.197974,-0.197974,1.176843,0.131982,-0.296960,1.154846,103625,494064,-102,122,8225,-15,0,-21,632
1780493822.172984,103630,494072,0x0FFF,0.428943,0.395947,-0.956873,0.274963,0.417944,-0.846887,0.252966,0.318958,-0.901880,0.329956,-0.637915,1.341821,0.175977,-0.340955,1.176843,0.032996,-0.263965,1.308826,0.175977,0.285962,-1.000867,0.296960,0.450940,-0.857886,0.153979,0.483936,-0.934875,0.307959,-0.296960,0.989868,0.120984,-0.307959,1.176843,0.120984,-0.219971,1.198840,103629,494070,-106,114,8224,-15,-4,-20,638
1780493822.175015,103631,494074,0x0FFF,0.472937,0.417944,-0.857886,0.362952,0.483936,-0.912878,0.263965,0.296960,-0.956873,0.296960,-0.648914,1.242834,0.153979,-0.351953,1.231836,0.065991,-0.219971,1.286829,0.208972,0.230969,-0.956873,0.241968,0.384949,-0.901880,0.131982,0.494934,-0.890881,0.274963,-0.494934,1.000867,0.098987,-0.329956,1.198840,0.175977,-0.153979,1.077856,103629,494070,-106,114,8224,-15,-4,-20,638
1780493822.177012,103633,494076,0x0FFF,0.538928,0.417944,-0.989868,0.263965,0.395947,-0.967871,0.263965,0.362952,-0.901880,0.252966,-0.538928,1.198840,0.109985,-0.373950,1.253833,-0.032996,-0.230969,1.209839,0.241968,0.318958,-0.923877,0.032996,0.406946,-0.813892,0.120984,0.450940,-0.868884,0.219971,-0.483936,0.989868,0.087988,-0.373950,1.143848,0.186975,-0.252966,1.176843,103632,494075,-97,114,8229,-15,-2,-23,632
1780493822.179107,103634,494078,0x0FFF,0.417944,0.406946,-0.912878,0.263965,0.571924,-0.967871,0.241968,0.307959,-0.901880,0.241968,-0.593921,1.220837,0.087988,-0.406946,1.198840,0.087988,-0.296960,1.275830,0.241968,0.263965,-0.934875,0.186975,0.395947,-0.912878,0.164978,0.318958,-0.956873,0.186975,-0.461938,0.978870,0.076990,-0.318958,1.132849,0.142981,-0.252966,1.077856,103632,494075,-97,114,8229,-15,-2,-23,632
1780493822.181118,103635,494080,0x0FFF,0.395947,0.362952,-1.055859,0.274963,0.483936,-0.923877,0.175977,0.318958,-0.890881,0.131982,-0.560925,1.253833,0.021997,-0.329956,1.264832,0.000000,-0.219971,1.253833,0.197974,0.362952,-0.989868,0.274963,0.395947,-0.945874,0.164978,0.439941,-0.890881,0.175977,-0.428943,1.066858,0.021997,-0.362952,1.110852,0.120984,-0.153979,1.242834,103632,494075,-97,114,8229,-15,-2,-23,632
1780493822.183115,103637,494083,0x0FFF,0.461938,0.417944,-0.934875,0.340955,0.450940,-0.967871,0.274963,0.318958,-1.011865,0.230969,-0.659912,1.264832,0.076990,-0.395947,1.297827,0.021997,-0.351953,1.264832,0.098987,0.252966,-0.978870,0.208972,0.373950,-0.791895,0.076990,0.516931,-0.967871,0.241968,-0.428943,0.978870,0.109985,-0.439941,1.132849,0.164978,-0.175977,1.187842,103636,494081,-90,112,8235,-16,-1,-20,639
1780493822.185147,103638,494085,0x0FFF,0.483936,0.362952,-0.901880,0.296960,0.538928,-1.000867,0.175977,0.208972,-0.879883,0.197974,-0.604919,1.187842,0.109985,-0.351953,1.253833,0.054993,-0.263965,1.264832,0.142981,0.340955,-1.000867,0.197974,0.483936,-0.890881,0.054993,0.483936,-0.978870,0.109985,-0.516931,1.033862,0.054993,-0.329956,1.209839,0.153979,-0.186975,1.187842,103636,494081,-90,112,8235,-16,-1,-20,639
1780493822.187122,103640,494087,0x0FFF,0.494934,0.296960,-1.044861,0.318958,0.439941,-0.846887,0.318958,0.439941,-0.813892,0.164978,-0.538928,1.264832,0.230969,-0.329956,1.132849,0.021997,-0.252966,1.330823,0.219971,0.307959,-0.956873,0.142981,0.373950,-0.901880,0.208972,0.461938,-0.912878,0.197974,-0.439941,1.000867,0.087988,-0.307959,1.154846,0.164978,-0.153979,1.275830,103639,494085,-96,114,8236,-16,-2,-19,629
1780493822.189130,103641,494089,0x0FFF,0.461938,0.307959,-0.989868,0.307959,0.439941,-0.890881,0.219971,0.373950,-0.857886,0.263965,-0.604919,1.220837,0.087988,-0.461938,1.209839,0.153979,-0.186975,1.242834,0.197974,0.296960,-0.923877,0.153979,0.450940,-0.824890,0.153979,0.395947,-1.011865,0.263965,-0.296960,1.022864,0.065991,-0.384949,1.154846,0.285962,-0.131982,1.231836,103639,494085,-96,114,8236,-16,-2,-19,629
1780493822.191119,103643,494091,0x0FFF,0.450940,0.340955,-1.077856,0.263965,0.406946,-0.967871,0.186975,0.373950,-0.967871,0.219971,-0.692908,1.209839,0.142981,-0.362952,1.264832,0.032996,-0.329956,1.363818,0.186975,0.296960,-0.945874,0.208972,0.439941,-0.868884,0.076990,0.505933,-0.934875,0.318958,-0.417944,0.857886,0.131982,-0.252966,1.176843,0.109985,-0.241968,1.253833,103642,494089,-105,122,8229,-18,-2,-19,626
1780493822.193026,103644,494093,0x0FFF,0.406946,0.340955,-0.978870,0.274963,0.428943,-0.967871,0.186975,0.307959,-0.901880,0.274963,-0.571924,1.242834,0.164978,-0.362952,1.253833,0.010999,-0.252966,1.231836,0.252966,0.318958,-1.000867,0.241968,0.406946,-0.769897,0.098987,0.329956,-0.978870,0.285962,-0.461938,0.978870,0.076990,-0.274963,1.231836,0.098987,-0.263965,1.165845,103642,494089,-105,122,8229,-18,-2,-19,626
1780493822.195008,103645,494095,0x0FFF,0.406946,0.340955,-1.077856,0.417944,0.472937,-0.967871,0.285962,0.340955,-0.934875,0.274963,-0.516931,1.308826,0.076990,-0.285962,1.275830,0.000000,-0.219971,1.297827,0.164978,0.296960,-0.989868,0.109985,0.461938,-0.813892,0.186975,0.428943,-0.934875,0.230969,-0.439941,1.044861,0.175977,-0.230969,1.165845,0.208972,-0.197974,1.330823,103642,494089,-105,122,8229,-18,-2,-19,626
1780493822.197045,103647,494097,0x0FFF,0.428943,0.351953,-0.967871,0.329956,0.450940,-0.791895,0.142981,0.329956,-0.934875,0.373950,-0.538928,1.220837,0.076990,-0.406946,1.330823,0.076990,-0.219971,1.341821,0.208972,0.296960,-0.967871,0.142981,0.318958,-0.835889,0.131982,0.472937,-0.967871,0.274963,-0.461938,0.967871,0.010999,-0.340955,1.253833,0.098987,-0.296960,1.077856,103646,494095,-89,121,8230,-14,-1,-20,648
1780493822.200197,103648,494099,0x0FFF,0.483936,0.362952,-1.000867,0.307959,0.549927,-0.989868,0.241968,0.417944,-0.923877,0.285962,-0.560925,1.099854,0.076990,-0.241968,1.242834,0.021997,-0.197974,1.231836,0.307959,0.373950,-0.934875,0.219971,0.384949,-0.813892,0.153979,0.373950,-0.912878,0.153979,-0.483936,0.956873,0.142981,-0.340955,1.154846,0.197974,-0.153979,1.176843,103646,494095,-89,121,8230,-14,-1,-20,648
1780493822.202335,103650,494101,0x0FFF,0.373950,0.285962,-0.978870,0.384949,0.549927,-1.011865,0.219971,0.329956,-0.923877,0.252966,-0.604919,1.308826,0.274963,-0.450940,1.253833,0.076990,-0.153979,1.363818,0.219971,0.395947,-0.945874,0.175977,0.428943,-0.791895,0.197974,0.450940,-0.934875,0.285962,-0.439941,0.934875,0.175977,-0.384949,1.176843,0.230969,-0.197974,1.165845,103649,494100,-101,126,8233,-16,-4,-23,640
1780493822.204425,103651,494103,0x0FFF,0.483936,0.296960,-0.912878,0.362952,0.395947,-0.945874,0.230969,0.417944,-0.791895,0.230969,-0.692908,1.330823,0.065991,-0.329956,1.176843,-0.021997,-0.307959,1.275830,0.197974,0.362952,-0.967871,0.208972,0.439941,-0.912878,0.087988,0.527930,-0.868884,0.241968,-0.373950,0.967871,0.186975,-0.395947,1.165845,0.120984,-0.131982,1.220837,103649,494100,-101,126,8233,-16,-4,-23,640
1780493822.206485,103652,494105,0x0FFF,0.395947,0.307959,-0.978870,0.274963,0.450940,-0.857886,0.219971,0.362952,-1.121851,0.153979,-0.659912,1.154846,0.197974,-0.417944,1.198840,0.021997,-0.241968,1.286829,0.230969,0.274963,-1.000867,0.109985,0.439941,-0.758899,0.164978,0.406946,-0.945874,0.208972,-0.406946,1.000867,0.065991,-0.340955,1.220837,0.175977,-0.241968,1.231836,103649,494100,-101,126,8233,-16,-4,-23,640
1780493822.208503,103654,494108,0x0FFF,0.373950,0.406946,-1.011865,0.351953,0.494934,-0.945874,0.230969,0.340955,-0.879883,0.296960,-0.780896,1.242834,0.109985,-0.362952,1.209839,-0.010999,-0.241968,1.330823,0.296960,0.274963,-0.956873,0.153979,0.417944,-0.802893,0.142981,0.395947,-0.901880,0.131982,-0.417944,1.044861,0.164978,-0.241968,1.110852,0.230969,-0.241968,1.143848,103653,494106,-93,115,8240,-15,-4,-21,638
1780493822.210572,103655,494110,0x0FFF,0.417944,0.362952,-0.967871,0.384949,0.439941,-0.890881,0.208972,0.252966,-0.912878,0.219971,-0.648914,1.165845,0.076990,-0.340955,1.264832,0.087988,-0.230969,1.220837,0.274963,0.395947,-0.967871,0.208972,0.395947,-0.769897,0.175977,0.516931,-0.857886,0.274963,-0.428943,0.945874,0.087988,-0.230969,1.143848,0.197974,-0.153979,1.143848,103653,494106,-93,115,8240,-15,-4,-21,638
1780493822.212556,103657,494112,0x0FFF,0.461938,0.351953,-1.011865,0.285962,0.538928,-0.835889,0.318958,0.395947,-0.802893,0.208972,-0.582922,1.165845,0.065991,-0.428943,1.264832,0.142981,-0.296960,1.363818,0.252966,0.384949,-0.934875,0.252966,0.406946,-0.791895,0.065991,0.439941,-0.901880,0.208972,-0.461938,1.055859,0.164978,-0.351953,1.121851,0.032996,-0.197974,1.132849,103656,494110,-94,116,8239,-19,0,-21,643
1780493822.214592,103658,494114,0x0FFF,0.373950,0.439941,-0.879883,0.351953,0.549927,-0.923877,0.219971,0.417944,-0.835889,0.329956,-0.681909,1.187842,0.076990,-0.417944,1.220837,0.010999,-0.252966,1.396814,0.175977,0.373950,-1.022864,0.208972,0.285962,-0.824890,0.131982,0.439941,-0.934875,0.175977,-0.329956,1.033862,0.142981,-0.230969,1.176843,0.263965,-0.164978,1.143848,103656,494110,-94,116,8239,-19,0,-21,643
1780493822.216681,103660,494116,0x0FFF,0.494934,0.318958,-1.099854,0.307959,0.549927,-1.055859,0.296960,0.252966,-1.033862,0.285962,-0.637915,1.242834,0.175977,-0.340955,1.286829,0.021997,-0.329956,1.264832,0.186975,0.318958,-0.890881,0.252966,0.428943,-0.780896,0.208972,0.362952,-0.901880,0.263965,-0.527930,0.989868,0.098987,-0.318958,1.110852,0.120984,-0.186975,1.220837,103659,494114,-101,108,8238,-16,-5,-21,626
1780493822.218626,103661,494118,0x0FFF,0.406946,0.329956,-0.945874,0.329956,0.439941,-0.989868,0.241968,0.362952,-1.000867,0.307959,-0.615918,1.253833,0.087988,-0.362952,1.209839,0.054993,-0.417944,1.231836,0.208972,0.263965,-0.879883,0.274963,0.362952,-0.846887,0.087988,0.417944,-0.890881,0.252966,-0.439941,0.901880,0.120984,-0.329956,1.110852,0.142981,-0.307959,1.110852,103659,494114,-101,108,8238,-16,-5,-21,626
1780493822.220750,103662,494120,0x0FFF,0.483936,0.373950,-1.033862,0.263965,0.461938,-0.978870,0.219971,0.329956,-1.022864,0.351953,-0.538928,1.154846,0.076990,-0.274963,1.264832,0.109985,-0.340955,1.198840,0.230969,0.263965,-0.912878,0.131982,0.439941,-0.813892,0.197974,0.483936,-0.923877,0.307959,-0.428943,1.011865,0.175977,-0.362952,1.154846,0.087988,-0.186975,1.253833,103659,494114,-101,108,8238,-16,-5,-21,626
1780493822.223572,103664,494122,0x0FFF,0.417944,0.351953,-0.967871,0.208972,0.472937,-1.044861,0.230969,0.318958,-0.835889,0.197974,-0.593921,1.264832,0.153979,-0.285962,1.264832,-0.076990,-0.307959,1.264832,0.109985,0.351953,-1.000867,0.219971,0.329956,-0.857886,0.153979,0.461938,-0.912878,0.186975,-0.538928,0.923877,0.131982,-0.384949,1.077856,0.263965,-0.164978,1.055859,103663,494120,-110,121,8239,-17,-4,-21,641
1780493822.224783,103665,494124,0x0FFF,0.505933,0.318958,-1.011865,0.274963,0.428943,-0.846887,0.197974,0.329956,-1.077856,0.252966,-0.538928,1.176843,0.175977,-0.263965,1.209839,0.098987,-0.274963,1.319824,0.153979,0.417944,-0.967871,0.186975,0.362952,-0.813892,0.142981,0.362952,-0.967871,0.230969,-0.472937,0.868884,0.087988,-0.307959,1.176843,0.131982,-0.098987,1.220837,103663,494120,-110,121,8239,-17,-4,-21,641
1780493822.227038,103667,494126,0x0FFF,0.373950,0.373950,-1.044861,0.384949,0.494934,-0.824890,0.274963,0.318958,-0.901880,0.274963,-0.637915,1.286829,0.109985,-0.395947,1.176843,0.032996,-0.274963,1.286829,0.252966,0.329956,-0.945874,0.153979,0.307959,-0.879883,0.142981,0.505933,-0.978870,0.263965,-0.439941,0.967871,0.142981,-0.274963,1.143848,0.142981,-0.230969,1.033862,103666,494125,-108,111,8225,-17,-4,-19,639
1780493822.229134,103668,494128,0x0FFF,0.505933,0.373950,-1.055859,0.263965,0.461938,-0.956873,0.296960,0.461938,-0.934875,0.186975,-0.692908,1.143848,0.142981,-0.285962,1.308826,0.021997,-0.362952,1.231836,0.219971,0.373950,-1.066858,0.197974,0.439941,-0.747900,0.098987,0.406946,-0.978870,0.153979,-0.494934,0.901880,0.065991,-0.252966,1.187842,0.076990,-0.098987,1.264832,103666,494125,-108,111,8225,-17,-4,-19,639
1780493822.231343,103669,494130,0x0FFF,0.483936,0.296960,-0.978870,0.241968,0.395947,-0.956873,0.252966,0.362952,-0.835889,0.263965,-0.615918,1.198840,0.000000,-0.351953,1.407812,0.021997,-0.296960,1.319824,0.219971,0.406946,-0.934875,0.219971,0.527930,-0.802893,0.054993,0.428943,-0.934875,0.263965,-0.395947,0.923877,0.131982,-0.274963,1.110852,0.197974,-0.241968,1.231836,103666,494125,-108,111,8225,-17,-4,-19,639
1780493822.233529,103671,494133,0x0FFF,0.384949,0.362952,-0.978870,0.274963,0.461938,-1.011865,0.241968,0.362952,-0.923877,0.230969,-0.637915,1.286829,0.120984,-0.296960,1.176843,0.032996,-0.296960,1.253833,0.208972,0.340955,-0.989868,0.153979,0.274963,-0.868884,0.109985,0.384949,-0.923877,0.274963,-0.516931,1.000867,0.131982,-0.351953,1.110852,0.219971,-0.230969,1.231836,103670,494131,-91,111,8228,-18,-3,-17,627
1780493822.235699,103672,494135,0x0FFF,0.439941,0.395947,-0.978870,0.329956,0.538928,-0.857886,0.285962,0.285962,-0.901880,0.285962,-0.615918,1.264832,0.131982,-0.373950,1.242834,-0.010999,-0.263965,1.297827,0.219971,0.395947,-0.978870,0.153979,0.340955,-0.791895,0.153979,0.494934,-0.879883,0.230969,-0.439941,0.956873,0.087988,-0.351953,1.121851,0.131982,-0.219971,1.154846,103670,494131,-91,111,8228,-18,-3,-17,627
1780493822.236829,103674,494137,0x0FFF,0.461938,0.373950,-1.033862,0.219971,0.450940,-0.945874,0.219971,0.285962,-0.868884,0.329956,-0.648914,1.154846,0.087988,-0.439941,1.242834,0.000000,-0.285962,1.275830,0.219971,0.307959,-0.846887,0.175977,0.428943,-0.736902,0.131982,0.538928,-0.967871,0.285962,-0.395947,0.989868,0.131982,-0.362952,1.077856,0.164978,-0.109985,1.110852,103673,494135,-91,106,8245,-17,-5,-21,633
1780493822.238972,103675,494139,0x0FFF,0.461938,0.406946,-0.956873,0.329956,0.571924,-0.923877,0.153979,0.384949,-0.934875,0.285962,-0.714905,1.198840,0.142981,-0.439941,1.308826,-0.087988,-0.241968,1.264832,0.285962,0.439941,-1.011865,0.263965,0.494934,-0.791895,0.131982,0.439941,-0.956873,0.285962,-0.406946,1.099854,0.153979,-0.351953,1.055859,0.098987,-0.175977,1.242834,103673,494135,-91,106,8245,-17,-5,-21,633
1780493822.241063,103676,494141,0x0FFF,0.384949,0.362952,-1.022864,0.384949,0.307959,-0.923877,0.252966,0.362952,-0.934875,0.219971,-0.593921,1.176843,0.087988,-0.351953,1.253833,-0.043994,-0.285962,1.297827,0.197974,0.373950,-0.890881,0.175977,0.406946,-0.890881,0.131982,0.384949,-0.890881,0.208972,-0.505933,0.945874,0.054993,-0.373950,1.209839,0.098987,-0.219971,1.165845,103673,494135,-91,106,8245,-17,-5,-21,633
1780493822.243885,103678,494143,0x0FFF,0.483936,0.373950,-0.912878,0.241968,0.582922,-0.890881,0.285962,0.307959,-0.791895,0.274963,-0.593921,1.209839,0.010999,-0.384949,1.165845,0.000000,-0.164978,1.308826,0.208972,0.340955,-1.077856,0.208972,0.450940,-0.813892,0.087988,0.406946,-1.000867,0.164978,-0.494934,1.000867,0.208972,-0.274963,1.176843,0.175977,-0.153979,1.165845,103677,494141,-104,111,8244,-16,-5,-21,645
1780493822.246524,103679,494145,0x0FFF,0.384949,0.417944,-1.044861,0.307959,0.538928,-0.868884,0.307959,0.461938,-0.901880,0.285962,-0.659912,1.220837,0.054993,-0.307959,1.231836,-0.065991,-0.318958,1.264832,0.131982,0.384949,-1.011865,0.252966,0.296960,-0.835889,0.186975,0.406946,-0.923877,0.153979,-0.395947,0.978870,0.065991,-0.318958,1.176843,0.120984,-0.131982,1.176843,103677,494141,-104,111,8244,-16,-5,-21,645
1780493822.247652,103681,494147,0x0FFF,0.538928,0.362952,-0.967871,0.362952,0.483936,-0.934875,0.142981,0.340955,-0.978870,0.164978,-0.626917,1.132849,0.087988,-0.318958,1.363818,0.065991,-0.164978,1.264832,0.109985,0.307959,-0.945874,0.296960,0.329956,-0.813892,0.131982,0.307959,-0.934875,0.241968,-0.494934,1.033862,0.285962,-0.285962,1.187842,0.230969,-0.186975,1.341821,103680,494145,-90,109,8235,-16,-5,-21,628
1780493822.250157,103682,494149,0x0FFF,0.439941,0.263965,-1.022864,0.351953,0.461938,-0.901880,0.197974,0.318958,-0.835889,0.252966,-0.703906,1.242834,0.054993,-0.219971,1.220837,0.054993,-0.384949,1.275830,0.197974,0.340955,-1.000867,0.208972,0.461938,-0.824890,0.065991,0.395947,-0.901880,0.230969,-0.483936,0.978870,0.120984,-0.285962,1.099854,0.252966,-0.131982,1.132849,103680,494145,-90,109,8235,-16,-5,-21,628
1780493822.252526,103684,494151,0x0FFF,0.384949,0.373950,-0.967871,0.274963,0.626917,-0.978870,0.296960,0.274963,-1.000867,0.252966,-0.637915,1.154846,0.076990,-0.362952,1.253833,0.032996,-0.329956,1.275830,0.131982,0.285962,-0.912878,0.175977,0.417944,-0.912878,0.076990,0.329956,-0.956873,0.241968,-0.505933,1.000867,0.021997,-0.263965,1.231836,0.153979,-0.230969,1.264832,103683,494150,-100,104,8250,-16,-1,-20,637
1780493822.253351,103685,494153,0x0FFF,0.494934,0.472937,-1.077856,0.318958,0.450940,-0.879883,0.230969,0.307959,-0.846887,0.109985,-0.648914,1.198840,0.021997,-0.318958,1.242834,-0.021997,-0.208972,1.187842,0.241968,0.362952,-0.912878,0.153979,0.395947,-0.747900,0.098987,0.527930,-0.890881,0.208972,-0.384949,1.011865,0.120984,-0.340955,1.099854,0.098987,-0.032996,1.143848,103683,494150,-100,104,8250,-16,-1,-20,637
1780493822.256696,103686,494155,0x0FFF,0.450940,0.362952,-1.055859,0.406946,0.505933,-0.989868,0.285962,0.395947,-0.901880,0.252966,-0.604919,1.165845,0.010999,-0.329956,1.253833,0.032996,-0.208972,1.231836,0.175977,0.296960,-0.956873,0.153979,0.373950,-0.868884,0.175977,0.406946,-0.978870,0.219971,-0.505933,0.890881,0.197974,-0.296960,1.198840,0.131982,-0.263965,1.220837,103683,494150,-100,104,8250,-16,-1,-20,637
1780493822.257604,103688,494158,0x0FFF,0.494934,0.340955,-1.022864,0.219971,0.483936,-0.912878,0.142981,0.362952,-0.835889,0.285962,-0.560925,1.231836,0.142981,-0.340955,1.176843,0.010999,-0.241968,1.286829,0.098987,0.373950,-1.044861,0.197974,0.428943,-0.802893,0.109985,0.417944,-0.857886,0.164978,-0.406946,1.022864,0.120984,-0.395947,1.209839,0.142981,-0.043994,1.209839,103687,494156,-100,108,8243,-16,-2,-19,637
1780493822.259617,103689,494160,0x0FFF,0.494934,0.406946,-1.000867,0.285962,0.516931,-1.011865,0.241968,0.329956,-0.912878,0.285962,-0.604919,1.176843,0.142981,-0.406946,1.308826,-0.054993,-0.329956,1.330823,0.164978,0.274963,-1.011865,0.219971,0.417944,-0.879883,0.153979,0.505933,-0.967871,0.219971,-0.472937,1.066858,0.241968,-0.263965,1.066858,0.197974,-0.307959,1.154846,103687,494156,-100,108,8243,-16,-2,-19,637
1780493822.261865,103691,494162,0x0FFF,0.472937,0.384949,-0.923877,0.307959,0.472937,-0.934875,0.263965,0.340955,-0.890881,0.153979,-0.615918,1.286829,0.120984,-0.384949,1.231836,0.000000,-0.285962,1.198840,0.142981,0.252966,-1.022864,0.065991,0.472937,-0.791895,0.120984,0.472937,-0.879883,0.175977,-0.472937,0.967871,0.087988,-0.241968,1.132849,0.197974,-0.241968,1.220837,103690,494160,-102,109,8242,-18,-3,-19,633
1780493822.263868,103692,494164,0x0FFF,0.450940,0.263965,-0.945874,0.230969,0.450940,-0.956873,0.318958,0.373950,-0.879883,0.318958,-0.615918,1.253833,0.131982,-0.307959,1.231836,-0.043994,-0.175977,1.319824,0.175977,0.263965,-1.077856,0.351953,0.307959,-0.857886,0.186975,0.439941,-0.890881,0.186975,-0.483936,1.000867,0.153979,-0.373950,1.132849,0.021997,-0.142981,1.242834,103690,494160,-102,109,8242,-18,-3,-19,633
1780493822.265915,103693,494166,0x0FFF,0.351953,0.483936,-0.945874,0.307959,0.483936,-1.044861,0.307959,0.252966,-0.890881,0.241968,-0.538928,1.253833,0.186975,-0.318958,1.176843,-0.010999,-0.230969,1.330823,0.120984,0.329956,-1.000867,0.186975,0.428943,-0.714905,0.098987,0.406946,-0.835889,0.274963,-0.417944,1.033862,0.032996,-0.329956,1.143848,0.186975,-0.175977,1.264832,103690,494160,-102,109,8242,-18,-3,-19,633
1780493822.268157,103695,494168,0x0FFF,0.516931,0.274963,-0.934875,0.373950,0.516931,-0.901880,0.208972,0.274963,-0.945874,0.219971,-0.637915,1.286829,0.054993,-0.428943,1.264832,0.109985,-0.296960,1.242834,0.230969,0.230969,-0.967871,0.197974,0.439941,-0.758899,0.098987,0.362952,-0.835889,0.252966,-0.439941,0.978870,0.142981,-0.428943,1.143848,0.142981,-0.296960,1.121851,103694,494166,-89,126,8227,-15,-6,-19,640
1780493822.270262,103696,494170,0x0FFF,0.494934,0.274963,-1.066858,0.384949,0.516931,-0.978870,0.296960,0.362952,-0.989868,0.219971,-0.615918,1.209839,0.142981,-0.384949,1.242834,-0.043994,-0.340955,1.341821,0.186975,0.263965,-0.967871,0.230969,0.450940,-0.857886,0.175977,0.406946,-0.890881,0.252966,-0.384949,0.967871,0.263965,-0.340955,1.132849,0.164978,-0.351953,1.220837,103694,494166,-89,126,8227,-15,-6,-19,640
1780493822.272378,103698,494172,0x0FFF,0.384949,0.373950,-0.945874,0.263965,0.582922,-0.945874,0.263965,0.428943,-0.747900,0.318958,-0.593921,1.121851,0.065991,-0.450940,1.176843,0.021997,-0.219971,1.385815,0.241968,0.384949,-0.945874,0.109985,0.461938,-0.670911,0.054993,0.516931,-0.890881,0.296960,-0.417944,0.912878,0.197974,-0.362952,1.154846,0.164978,-0.175977,1.231836,103697,494170,-99,105,8240,-17,-3,-17,632
1780493822.274534,103699,494174,0x0FFF,0.395947,0.384949,-0.956873,0.252966,0.439941,-0.923877,0.142981,0.384949,-0.835889,0.307959,-0.659912,1.165845,0.065991,-0.285962,1.220837,0.021997,-0.153979,1.231836,0.241968,0.340955,-0.956873,0.186975,0.373950,-0.802893,0.186975,0.428943,-0.967871,0.230969,-0.494934,1.055859,0.153979,-0.406946,1.154846,0.175977,-0.219971,1.187842,103697,494170,-99,105,8240,-17,-3,-17,632
1780493822.276629,103701,494176,0x0FFF,0.428943,0.208972,-1.066858,0.285962,0.494934,-0.945874,0.186975,0.351953,-1.000867,0.186975,-0.714905,1.286829,0.263965,-0.406946,1.209839,-0.032996,-0.373950,1.363818,0.164978,0.362952,-0.978870,0.186975,0.384949,-0.736902,0.109985,0.384949,-0.956873,0.252966,-0.483936,0.945874,0.219971,-0.296960,1.121851,0.208972,-0.197974,1.165845,103700,494175,-101,111,8235,-16,-3,-16,633
1780493822.278717,103702,494178,0x0FFF,0.406946,0.318958,-0.978870,0.340955,0.516931,-0.901880,0.252966,0.285962,-0.890881,0.285962,-0.582922,1.220837,0.054993,-0.307959,1.209839,0.021997,-0.263965,1.374817,0.230969,0.296960,-0.901880,0.197974,0.384949,-0.791895,0.054993,0.439941,-0.967871,0.318958,-0.362952,1.110852,0.142981,-0.307959,1.220837,0.175977,-0.219971,1.242834,103700,494175,-101,111,8235,-16,-3,-16,633
1780493822.280815,103703,494180,0x0FFF,0.384949,0.307959,-1.000867,0.318958,0.472937,-0.813892,0.263965,0.439941,-0.901880,0.186975,-0.571924,1.231836,0.010999,-0.274963,1.253833,0.021997,-0.219971,1.231836,0.230969,0.296960,-1.000867,0.186975,0.340955,-0.846887,0.142981,0.373950,-0.901880,0.274963,-0.516931,0.956873,0.010999,-0.263965,1.231836,0.208972,-0.230969,1.231836,103700,494175,-101,111,8235,-16,-3,-16,633
1780493822.282982,103705,494183,0x0FFF,0.472937,0.274963,-0.923877,0.340955,0.450940,-0.857886,0.274963,0.329956,-0.945874,0.186975,-0.648914,1.187842,0.109985,-0.428943,1.319824,-0.021997,-0.219971,1.154846,0.131982,0.340955,-0.868884,0.241968,0.351953,-0.758899,0.153979,0.428943,-0.956873,0.197974,-0.494934,1.000867,0.098987,-0.307959,1.132849,0.153979,-0.285962,1.198840,103704,494181,-104,124,8239,-17,1,-23,638
1780493822.285037,103706,494185,0x0FFF,0.472937,0.318958,-1.011865,0.307959,0.472937,-0.901880,0.208972,0.329956,-0.824890,0.230969,-0.692908,1.198840,0.032996,-0.329956,1.198840,-0.010999,-0.252966,1.220837,0.241968,0.428943,-0.923877,0.186975,0.384949,-0.813892,0.098987,0.428943,-0.879883,0.274963,-0.384949,1.055859,0.109985,-0.406946,1.099854,0.219971,-0.153979,1.187842,103704,494181,-104,124,8239,-17,1,-23,638
1780493822.287059,103708,494187,0x0FFF,0.417944,0.417944,-0.923877,0.340955,0.527930,-0.978870,0.285962,0.340955,-0.945874,0.318958,-0.703906,1.209839,0.120984,-0.285962,1.220837,0.076990,-0.164978,1.330823,0.175977,0.241968,-0.956873,0.098987,0.538928,-0.857886,0.142981,0.274963,-0.879883,0.230969,-0.439941,1.011865,0.098987,-0.263965,1.143848,0.131982,-0.219971,1.286829,103707,494185,-97,110,8246,-18,0,-23,642
1780493822.288998,103709,494189,0x0FFF,0.362952,0.373950,-0.956873,0.263965,0.483936,-0.857886,0.274963,0.340955,-0.956873,0.230969,-0.494934,1.242834,0.120984,-0.472937,1.143848,0.010999,-0.296960,1.220837,0.219971,0.340955,-1.022864,0.186975,0.351953,-0.725903,0.087988,0.406946,-0.956873,0.285962,-0.439941,1.000867,0.098987,-0.329956,1.209839,0.241968,-0.230969,1.275830,103707,494185,-97,110,8246,-18,0,-23,642
1780493822.290999,103710,494191,0x0FFF,0.483936,0.329956,-1.033862,0.241968,0.428943,-0.890881,0.296960,0.318958,-0.912878,0.307959,-0.648914,1.154846,0.043994,-0.340955,1.264832,-0.010999,-0.340955,1.275830,0.175977,0.329956,-0.967871,0.230969,0.461938,-0.868884,0.098987,0.472937,-1.033862,0.263965,-0.362952,0.923877,0.109985,-0.307959,1.099854,0.153979,-0.098987,1.187842,103707,494185,-97,110,8246,-18,0,-23,642
1780493822.293011,103712,494193,0x0FFF,0.472937,0.406946,-0.978870,0.274963,0.483936,-0.879883,0.131982,0.318958,-0.923877,0.043994,-0.538928,1.176843,0.142981,-0.274963,1.132849,0.010999,-0.296960,1.253833,0.186975,0.285962,-0.956873,0.219971,0.373950,-0.879883,0.153979,0.373950,-1.077856,0.285962,-0.351953,1.033862,0.120984,-0.318958,1.154846,0.120984,-0.219971,1.176843,103711,494191,-109,121,8234,-18,-1,-22,644
1780493822.295141,103713,494195,0x0FFF,0.483936,0.340955,-0.923877,0.230969,0.571924,-0.956873,0.230969,0.329956,-0.879883,0.153979,-0.637915,1.231836,0.142981,-0.252966,1.264832,0.000000,-0.307959,1.275830,0.153979,0.263965,-0.912878,0.252966,0.450940,-0.736902,0.054993,0.428943,-0.791895,0.263965,-0.439941,0.989868,0.131982,-0.241968,1.176843,0.197974,-0.263965,1.154846,103711,494191,-109,121,8234,-18,-1,-22,644
1780493822.297216,103715,494197,0x0FFF,0.439941,0.296960,-0.956873,0.230969,0.582922,-0.989868,0.164978,0.296960,-0.890881,0.274963,-0.637915,1.275830,0.109985,-0.285962,1.275830,0.065991,-0.340955,1.297827,0.296960,0.307959,-1.011865,0.153979,0.428943,-0.934875,0.208972,0.439941,-0.912878,0.285962,-0.406946,1.055859,0.065991,-0.318958,1.198840,0.197974,-0.175977,1.220837,103714,494195,-94,115,8236,-18,-4,-23,640
1780493822.299182,103716,494199,0x0FFF,0.406946,0.340955,-1.044861,0.263965,0.538928,-0.835889,0.164978,0.329956,-0.890881,0.186975,-0.549927,1.220837,0.054993,-0.406946,1.330823,0.010999,-0.219971,1.242834,0.307959,0.296960,-1.011865,0.197974,0.384949,-0.780896,0.186975,0.450940,-0.879883,0.252966,-0.384949,1.011865,0.087988,-0.274963,1.154846,0.142981,-0.285962,1.308826,103714,494195,-94,115,8236,-18,-4,-23,640
1780493822.301281,103718,494201,0x0FFF,0.406946,0.362952,-0.978870,0.395947,0.461938,-1.022864,0.164978,0.351953,-0.912878,0.230969,-0.593921,1.297827,0.197974,-0.274963,1.264832,0.153979,-0.329956,1.308826,0.164978,0.362952,-0.934875,0.153979,0.472937,-0.923877,0.153979,0.406946,-0.824890,0.230969,-0.439941,0.956873,0.109985,-0.417944,1.220837,0.153979,-0.208972,1.242834,103717,494200,-83,116,8237,-14,0,-21,631
1780493822.304458,103719,494203,0x0FFF,0.417944,0.285962,-0.978870,0.241968,0.505933,-1.044861,0.164978,0.395947,-0.857886,0.362952,-0.736902,1.242834,0.087988,-0.318958,1.209839,-0.043994,-0.340955,1.264832,0.142981,0.307959,-1.033862,0.241968,0.461938,-0.791895,0.197974,0.417944,-0.890881,0.219971,-0.395947,0.934875,0.098987,-0.351953,1.143848,0.307959,-0.164978,1.143848,103717,494200,-83,116,8237,-14,0,-21,631
1780493822.306564,103720,494205,0x0FFF,0.439941,0.263965,-1.033862,0.296960,0.494934,-0.967871,0.263965,0.296960,-1.055859,0.219971,-0.648914,1.154846,0.032996,-0.351953,1.242834,-0.087988,-0.175977,1.418811,0.263965,0.241968,-0.989868,0.219971,0.395947,-0.758899,0.076990,0.472937,-0.835889,0.318958,-0.461938,1.044861,0.186975,-0.329956,1.088855,0.142981,-0.087988,1.198840,103717,494200,-83,116,8237,-14,0,-21,631
1780493822.307316,103722,494208,0x0FFF,0.472937,0.274963,-1.044861,0.329956,0.450940,-0.846887,0.142981,0.340955,-0.901880,0.252966,-0.571924,1.198840,0.021997,-0.329956,1.253833,0.010999,-0.274963,1.352820,0.219971,0.307959,-1.066858,0.241968,0.329956,-0.835889,0.186975,0.406946,-0.857886,0.186975,-0.461938,0.967871,0.109985,-0.329956,1.066858,0.120984,-0.120984,1.341821,103721,494206,-106,117,8246,-18,-2,-20,634
1780493822.310629,103723,494210,0x0FFF,0.494934,0.351953,-0.945874,0.252966,0.516931,-0.912878,0.175977,0.274963,-0.945874,0.120984,-0.593921,1.286829,0.021997,-0.417944,1.198840,-0.010999,-0.373950,1.264832,0.285962,0.362952,-0.901880,0.175977,0.439941,-0.923877,0.120984,0.384949,-0.956873,0.230969,-0.296960,0.956873,0.109985,-0.318958,1.132849,0.098987,-0.175977,1.209839,103721,494206,-106,117,8246,-18,-2,-20,634
1780493822.312710,103725,494212,0x0FFF,0.472937,0.351953,-1.022864,0.285962,0.439941,-0.989868,0.175977,0.296960,-0.846887,0.285962,-0.648914,1.198840,0.087988,-0.351953,1.198840,0.109985,-0.285962,1.253833,0.153979,0.329956,-1.000867,0.186975,0.472937,-0.824890,0.241968,0.483936,-0.989868,0.197974,-0.417944,0.967871,0.043994,-0.373950,1.176843,0.175977,-0.186975,1.121851,103724,494210,-96,118,8246,-19,-5,-20,638
1780493822.314718,103726,494214,0x0FFF,0.395947,0.329956,-0.879883,0.263965,0.417944,-0.923877,0.186975,0.395947,-0.945874,0.263965,-0.439941,1.242834,0.175977,-0.329956,1.275830,0.087988,-0.252966,1.264832,0.241968,0.373950,-0.934875,0.241968,0.285962,-0.791895,0.175977,0.395947,-0.868884,0.230969,-0.516931,1.000867,0.153979,-0.252966,1.132849,0.131982,-0.197974,1.198840,103724,494210,-96,118,8246,-19,-5,-20,638
1780493822.316803,103727,494216,0x0FFF,0.439941,0.351953,-1.077856,0.461938,0.516931,-0.923877,0.208972,0.395947,-0.879883,0.263965,-0.615918,1.165845,0.142981,-0.285962,1.242834,0.054993,-0.274963,1.374817,0.219971,0.318958,-0.934875,0.164978,0.340955,-0.846887,0.087988,0.395947,-0.978870,0.241968,-0.406946,1.033862,0.032996,-0.428943,1.088855,0.208972,-0.252966,1.154846,103724,494210,-96,118,8246,-19,-5,-20,638
1780493822.318861,103729,494218,0x0FFF,0.417944,0.230969,-0.857886,0.285962,0.450940,-0.835889,0.153979,0.439941,-0.945874,0.318958,-0.626917,1.198840,0.065991,-0.274963,1.297827,0.010999,-0.186975,1.330823,0.274963,0.274963,-0.956873,0.186975,0.450940,-0.780896,0.087988,0.417944,-0.890881,0.230969,-0.538928,1.044861,0.153979,-0.285962,1.110852,0.120984,-0.252966,1.165845,103728,494216,-98,121,8226,-17,-5,-21,638
1780493822.320924,103730,494220,0x0FFF,0.351953,0.395947,-0.901880,0.285962,0.461938,-0.978870,0.252966,0.373950,-0.956873,0.252966,-0.593921,1.264832,0.098987,-0.373950,1.121851,-0.010999,-0.296960,1.297827,0.164978,0.406946,-1.033862,0.252966,0.384949,-0.824890,0.076990,0.494934,-0.923877,0.252966,-0.571924,1.022864,0.175977,-0.285962,1.110852,0.241968,-0.241968,1.176843,103728,494216,-98,121,8226,-17,-5,-21,638
1780493822.323043,103732,494222,0x0FFF,0.307959,0.230969,-0.923877,0.340955,0.472937,-0.890881,0.241968,0.263965,-0.967871,0.142981,-0.670911,1.154846,0.076990,-0.417944,1.275830,-0.076990,-0.241968,1.330823,0.208972,0.340955,-1.022864,0.230969,0.362952,-0.780896,0.131982,0.351953,-0.846887,0.142981,-0.450940,0.835889,0.131982,-0.428943,1.154846,0.153979,-0.197974,1.231836,103731,494220,-98,116,8236,-15,-1,-19,637
1780493822.325063,103733,494224,0x0FFF,0.428943,0.285962,-0.978870,0.395947,0.527930,-0.901880,0.219971,0.373950,-0.758899,0.340955,-0.549927,1.176843,0.087988,-0.439941,1.242834,-0.032996,-0.318958,1.286829,0.263965,0.230969,-0.967871,0.164978,0.406946,-0.890881,0.208972,0.461938,-0.945874,0.219971,-0.538928,1.055859,0.153979,-0.329956,1.121851,0.296960,-0.230969,1.154846,103731,494220,-98,116,8236,-15,-1,-19,637
1780493822.327087,103735,494226,0x0FFF,0.417944,0.395947,-0.956873,0.362952,0.505933,-0.901880,0.153979,0.241968,-0.923877,0.285962,-0.527930,1.253833,0.098987,-0.318958,1.209839,0.054993,-0.296960,1.264832,0.098987,0.263965,-1.044861,0.329956,0.351953,-0.813892,0.153979,0.406946,-0.857886,0.296960,-0.428943,1.022864,0.054993,-0.362952,1.132849,0.142981,-0.252966,1.198840,103734,494225,-105,123,8250,-15,-2,-22,630
1780493822.329052,103736,494228,0x0FFF,0.417944,0.318958,-0.978870,0.340955,0.549927,-0.923877,0.208972,0.351953,-0.835889,0.164978,-0.626917,1.308826,0.087988,-0.384949,1.242834,-0.076990,-0.208972,1.275830,0.164978,0.274963,-0.956873,0.131982,0.373950,-0.802893,0.153979,0.406946,-0.945874,0.252966,-0.417944,1.011865,0.098987,-0.362952,1.187842,0.230969,-0.296960,1.187842,103734,494225,-105,123,8250,-15,-2,-22,630
1780493822.331125,103737,494230,0x0FFF,0.395947,0.417944,-1.077856,0.252966,0.527930,-0.934875,0.208972,0.340955,-0.967871,0.120984,-0.494934,1.143848,0.175977,-0.373950,1.275830,0.032996,-0.329956,1.319824,0.186975,0.263965,-1.055859,0.252966,0.384949,-0.879883,0.208972,0.406946,-0.945874,0.230969,-0.505933,1.055859,0.142981,-0.230969,1.121851,0.208972,-0.197974,1.264832,103734,494225,-105,123,8250,-15,-2,-22,630
1780493822.333157,103739,494233,0x0FFF,0.373950,0.296960,-0.967871,0.285962,0.417944,-0.934875,0.197974,0.274963,-0.846887,0.329956,-0.703906,1.231836,0.043994,-0.285962,1.253833,0.010999,-0.263965,1.319824,0.241968,0.274963,-0.923877,0.142981,0.274963,-0.824890,0.131982,0.428943,-0.901880,0.153979,-0.362952,0.978870,0.120984,-0.329956,1.143848,0.164978,-0.164978,1.209839,103738,494231,-105,111,8232,-15,-3,-18,643
1780493822.335242,103740,494235,0x0FFF,0.351953,0.296960,-1.044861,0.351953,0.560925,-0.945874,0.175977,0.373950,-0.912878,0.263965,-0.549927,1.110852,0.021997,-0.406946,1.275830,0.021997,-0.340955,1.231836,0.153979,0.384949,-1.011865,0.153979,0.362952,-0.846887,0.054993,0.428943,-0.901880,0.296960,-0.494934,1.055859,0.087988,-0.384949,1.154846,0.098987,-0.208972,1.220837,103738,494231,-105,111,8232,-15,-3,-18,643
1780493822.337272,103742,494237,0x0FFF,0.461938,0.351953,-1.022864,0.274963,0.439941,-0.967871,0.197974,0.373950,-0.934875,0.208972,-0.670911,1.275830,0.142981,-0.296960,1.242834,0.043994,-0.340955,1.308826,0.208972,0.285962,-0.945874,0.131982,0.362952,-0.802893,0.142981,0.527930,-0.967871,0.186975,-0.483936,1.066858,0.175977,-0.318958,1.165845,0.109985,-0.219971,1.176843,103741,494235,-103,118,8239,-16,-5,-19,640
1780493822.339162,103743,494239,0x0FFF,0.483936,0.373950,-1.000867,0.274963,0.538928,-0.945874,0.098987,0.406946,-0.879883,0.252966,-0.670911,1.176843,0.043994,-0.351953,1.352820,0.021997,-0.285962,1.242834,0.131982,0.318958,-1.033862,0.351953,0.340955,-0.802893,0.186975,0.483936,-0.912878,0.230969,-0.417944,0.989868,0.109985,-0.296960,1.143848,0.175977,-0.197974,1.187842,103741,494235,-103,118,8239,-16,-5,-19,640
1780493822.341208,103744,494241,0x0FFF,0.406946,0.406946,-0.989868,0.329956,0.428943,-1.000867,0.175977,0.230969,-0.890881,0.351953,-0.659912,1.286829,0.021997,-0.439941,1.352820,0.087988,-0.296960,1.286829,0.329956,0.274963,-1.011865,0.230969,0.340955,-0.890881,0.153979,0.439941,-0.967871,0.153979,-0.461938,1.066858,0.120984,-0.373950,1.011865,0.241968,-0.241968,1.187842,103741,494235,-103,118,8239,-16,-5,-19,640
1780493822.343213,103746,494243,0x0FFF,0.461938,0.406946,-0.956873,0.263965,0.384949,-1.022864,0.252966,0.296960,-0.901880,0.142981,-0.560925,1.231836,0.263965,-0.362952,1.297827,0.109985,-0.340955,1.374817,0.164978,0.373950,-0.945874,0.153979,0.384949,-0.857886,0.065991,0.494934,-0.923877,0.219971,-0.505933,1.044861,0.175977,-0.285962,1.176843,0.087988,-0.296960,1.154846,103745,494241,-99,115,8249,-16,-1,-21,654
1780493822.345279,103747,494245,0x0FFF,0.450940,0.417944,-0.945874,0.340955,0.362952,-0.967871,0.230969,0.318958,-0.846887,0.219971,-0.549927,1.264832,0.120984,-0.263965,1.165845,0.065991,-0.219971,1.231836,0.208972,0.131982,-0.934875,0.186975,0.395947,-0.769897,0.197974,0.472937,-0.945874,0.274963,-0.351953,1.066858,0.065991,-0.384949,1.264832,0.153979,-0.230969,1.198840,103745,494241,-99,115,8249,-16,-1,-21,654
1780493822.347249,103749,494247,0x0FFF,0.417944,0.340955,-1.000867,0.186975,0.439941,-0.901880,0.186975,0.307959,-0.846887,0.241968,-0.637915,1.220837,0.175977,-0.274963,1.198840,0.021997,-0.296960,1.264832,0.197974,0.274963,-0.967871,0.263965,0.439941,-0.813892,0.197974,0.450940,-0.923877,0.241968,-0.439941,1.033862,0.109985,-0.395947,1.165845,0.032996,-0.230969,1.242834,103748,494245,-98,123,8233,-16,-1,-19,646
1780493822.349227,103750,494249,0x0FFF,0.351953,0.329956,-1.066858,0.296960,0.439941,-1.011865,0.230969,0.428943,-0.989868,0.274963,-0.648914,1.198840,0.098987,-0.351953,1.187842,-0.021997,-0.197974,1.209839,0.274963,0.362952,-1.055859,0.241968,0.406946,-0.758899,0.054993,0.428943,-0.868884,0.230969,-0.417944,0.956873,0.043994,-0.307959,1.132849,0.131982,-0.307959,1.253833,103748,494245,-98,123,8233,-16,-1,-19,646
1780493822.351216,103751,494251,0x0FFF,0.461938,0.307959,-0.967871,0.395947,0.472937,-0.879883,0.285962,0.472937,-0.857886,0.219971,-0.571924,1.143848,0.109985,-0.318958,1.231836,0.043994,-0.307959,1.297827,0.131982,0.307959,-1.033862,0.197974,0.417944,-0.769897,0.197974,0.461938,-0.989868,0.197974,-0.505933,1.033862,0.120984,-0.384949,1.176843,0.164978,-0.208972,1.176843,103748,494245,-98,123,8233,-16,-1,-19,646
1780493822.353326,103753,494253,0x0FFF,0.450940,0.384949,-0.989868,0.340955,0.483936,-0.901880,0.285962,0.340955,-0.890881,0.340955,-0.549927,1.187842,0.164978,-0.395947,1.231836,-0.043994,-0.208972,1.363818,0.087988,0.318958,-1.088855,0.351953,0.417944,-0.824890,0.120984,0.318958,-0.934875,0.208972,-0.461938,1.011865,0.087988,-0.241968,1.220837,0.274963,-0.153979,1.187842,103752,494252,-96,115,8240,-14,0,-16,642
1780493822.356504,103754,494255,0x0FFF,0.450940,0.329956,-0.989868,0.263965,0.527930,-0.923877,0.164978,0.340955,-0.912878,0.241968,-0.615918,1.275830,0.010999,-0.329956,1.253833,0.000000,-0.197974,1.319824,0.164978,0.318958,-1.011865,0.197974,0.351953,-0.802893,0.054993,0.439941,-0.934875,0.120984,-0.428943,0.978870,0.131982,-0.296960,1.088855,0.175977,-0.175977,1.154846,103752,494252,-96,115,8240,-14,0,-16,642
1780493822.358631,103756,494258,0x0FFF,0.461938,0.318958,-1.000867,0.285962,0.483936,-0.879883,0.274963,0.395947,-0.912878,0.241968,-0.604919,1.209839,0.065991,-0.351953,1.242834,0.065991,-0.252966,1.231836,0.296960,0.351953,-0.956873,0.087988,0.439941,-0.857886,0.098987,0.439941,-0.879883,0.142981,-0.351953,1.055859,0.131982,-0.362952,1.099854,0.164978,-0.219971,1.154846,103755,494256,-95,111,8235,-15,-2,-19,639
1780493822.360729,103757,494260,0x0FFF,0.483936,0.395947,-0.967871,0.241968,0.483936,-1.011865,0.285962,0.263965,-0.912878,0.285962,-0.626917,1.176843,0.109985,-0.373950,1.297827,-0.065991,-0.252966,1.264832,0.164978,0.384949,-0.989868,0.241968,0.428943,-0.747900,0.153979,0.428943,-0.879883,0.219971,-0.494934,1.033862,0.208972,-0.318958,1.165845,0.164978,-0.296960,1.198840,103755,494256,-95,111,8235,-15,-2,-19,639
1780493822.361567,103759,494262,0x0FFF,0.450940,0.252966,-1.055859,0.263965,0.516931,-0.835889,0.131982,0.197974,-0.857886,0.329956,-0.615918,1.264832,0.065991,-0.362952,1.374817,0.032996,-0.329956,1.473804,0.153979,0.307959,-0.956873,0.131982,0.439941,-0.835889,0.142981,0.461938,-0.934875,0.241968,-0.472937,0.956873,0.208972,-0.406946,1.198840,0.186975,-0.230969,1.110852,103758,494260,-93,112,8246,-15,-1,-22,631
1780493822.364932,103760,494264,0x0FFF,0.483936,0.296960,-1.000867,0.318958,0.516931,-0.967871,0.274963,0.340955,-0.780896,0.296960,-0.593921,1.242834,0.065991,-0.406946,1.198840,0.010999,-0.296960,1.264832,0.318958,0.274963,-0.978870,0.120984,0.285962,-0.791895,0.142981,0.395947,-0.967871,0.219971,-0.472937,0.901880,0.076990,-0.241968,1.198840,0.164978,-0.197974,1.055859,103758,494260,-93,112,8246,-15,-1,-22,631
1780493822.367058,103761,494266,0x0FFF,0.351953,0.417944,-0.923877,0.274963,0.450940,-0.923877,0.197974,0.329956,-0.791895,0.329956,-0.593921,1.242834,0.087988,-0.285962,1.143848,0.120984,-0.186975,1.352820,0.208972,0.241968,-0.989868,0.131982,0.461938,-0.725903,0.263965,0.362952,-1.000867,0.131982,-0.329956,0.967871,0.197974,-0.450940,1.143848,0.208972,-0.142981,1.132849,103758,494260,-93,112,8246,-15,-1,-22,631
1780493822.367783,103763,494268,0x0FFF,0.472937,0.384949,-1.000867,0.263965,0.549927,-0.857886,0.208972,0.351953,-0.879883,0.318958,-0.681909,1.286829,0.087988,-0.329956,1.209839,0.065991,-0.241968,1.297827,0.098987,0.351953,-0.978870,0.252966,0.362952,-0.714905,0.032996,0.406946,-0.846887,0.252966,-0.362952,1.011865,0.087988,-0.263965,1.176843,0.109985,-0.175977,1.077856,103762,494266,-95,111,8241,-15,-3,-20,632
1780493822.371061,103764,494270,0x0FFF,0.362952,0.406946,-0.923877,0.384949,0.461938,-0.868884,0.230969,0.241968,-0.934875,0.252966,-0.582922,1.209839,0.164978,-0.384949,1.231836,0.032996,-0.329956,1.231836,0.208972,0.252966,-0.923877,0.164978,0.373950,-0.846887,0.153979,0.373950,-0.824890,0.142981,-0.318958,0.923877,0.263965,-0.307959,1.099854,0.065991,-0.164978,1.275830,103762,494266,-95,111,8241,-15,-3,-20,632
1780493822.373111,103766,494272,0x0FFF,0.395947,0.461938,-1.000867,0.362952,0.395947,-0.967871,0.197974,0.296960,-0.868884,0.296960,-0.648914,1.264832,0.142981,-0.384949,1.253833,0.010999,-0.318958,1.165845,0.329956,0.263965,-0.945874,0.153979,0.340955,-0.846887,0.120984,0.439941,-0.945874,0.230969,-0.483936,1.077856,0.043994,-0.296960,1.143848,0.120984,-0.241968,1.242834,103765,494270,-83,116,8241,-18,-4,-21,641
1780493822.375163,103767,494274,0x0FFF,0.406946,0.274963,-0.978870,0.329956,0.549927,-0.857886,0.230969,0.274963,-0.890881,0.252966,-0.780896,1.253833,0.076990,-0.417944,1.275830,-0.054993,-0.252966,1.176843,0.230969,0.274963,-0.978870,0.230969,0.505933,-0.901880,0.098987,0.373950,-0.945874,0.263965,-0.450940,1.000867,0.175977,-0.252966,1.088855,0.131982,-0.219971,1.253833,103765,494270,-83,116,8241,-18,-4,-21,641
1780493822.377259,103768,494276,0x0FFF,0.494934,0.263965,-0.967871,0.329956,0.439941,-0.890881,0.307959,0.307959,-0.912878,0.307959,-0.725903,1.220837,0.076990,-0.285962,1.275830,0.076990,-0.164978,1.319824,0.197974,0.263965,-0.857886,0.197974,0.549927,-0.835889,0.120984,0.538928,-0.989868,0.230969,-0.406946,1.011865,0.175977,-0.384949,1.088855,0.131982,-0.142981,1.176843,103765,494270,-83,116,8241,-18,-4,-21,641
1780493822.379321,103770,494278,0x0FFF,0.373950,0.329956,-1.066858,0.263965,0.560925,-0.802893,0.208972,0.208972,-0.901880,0.307959,-0.626917,1.220837,0.098987,-0.373950,1.209839,0.098987,-0.186975,1.242834,0.263965,0.263965,-1.033862,0.164978,0.329956,-0.824890,0.142981,0.351953,-0.934875,0.241968,-0.494934,1.033862,0.054993,-0.307959,1.176843,0.109985,-0.241968,1.209839,103769,494277,-95,117,8237,-16,-2,-19,643
1780493822.381414,103771,494280,0x0FFF,0.417944,0.384949,-0.967871,0.307959,0.472937,-0.879883,0.241968,0.329956,-0.956873,0.219971,-0.604919,1.154846,0.065991,-0.406946,1.385815,0.021997,-0.252966,1.341821,0.230969,0.285962,-0.956873,0.109985,0.516931,-0.934875,0.153979,0.527930,-0.879883,0.142981,-0.395947,1.077856,0.175977,-0.461938,1.220837,0.164978,-0.263965,1.176843,103769,494277,-95,117,8237,-16,-2,-19,643
1780493822.383414,103773,494283,0x0FFF,0.516931,0.362952,-0.923877,0.263965,0.439941,-0.835889,0.230969,0.362952,-0.989868,0.164978,-0.571924,1.297827,0.252966,-0.340955,1.198840,-0.131982,-0.307959,1.286829,0.164978,0.329956,-1.033862,0.186975,0.428943,-0.846887,0.153979,0.472937,-0.989868,0.131982,-0.472937,1.022864,0.164978,-0.428943,1.176843,0.175977,-0.208972,1.110852,103772,494281,-100,125,8237,-15,1,-20,639
1780493822.385757,103774,494285,0x0FFF,0.395947,0.362952,-1.121851,0.329956,0.505933,-0.835889,0.307959,0.340955,-0.802893,0.197974,-0.593921,1.209839,0.087988,-0.384949,1.264832,0.120984,-0.307959,1.231836,0.109985,0.296960,-0.989868,0.131982,0.439941,-0.747900,0.197974,0.428943,-0.912878,0.197974,-0.538928,1.000867,0.087988,-0.373950,1.055859,0.197974,-0.197974,1.253833,103772,494281,-100,125,8237,-15,1,-20,639
1780493822.386502,103776,494287,0x0FFF,0.472937,0.384949,-1.022864,0.307959,0.505933,-0.868884,0.197974,0.307959,-0.956873,0.208972,-0.582922,1.308826,0.120984,-0.373950,1.154846,0.120984,-0.197974,1.231836,0.274963,0.274963,-1.066858,0.186975,0.318958,-0.714905,0.021997,0.373950,-0.923877,0.296960,-0.439941,0.956873,0.054993,-0.351953,1.253833,0.153979,-0.120984,1.099854,103775,494285,-101,112,8232,-17,-3,-18,632
1780493822.389619,103777,494289,0x0FFF,0.373950,0.373950,-1.110852,0.318958,0.472937,-0.780896,0.274963,0.351953,-0.978870,0.307959,-0.604919,1.143848,0.120984,-0.362952,1.165845,0.021997,-0.274963,1.297827,0.175977,0.318958,-1.033862,0.186975,0.450940,-0.868884,0.142981,0.472937,-0.923877,0.230969,-0.472937,0.978870,0.153979,-0.362952,1.209839,0.175977,-0.219971,1.165845,103775,494285,-101,112,8232,-17,-3,-18,632
1780493822.391607,103778,494291,0x0FFF,0.428943,0.340955,-0.945874,0.340955,0.483936,-0.901880,0.219971,0.362952,-0.989868,0.285962,-0.714905,1.264832,0.087988,-0.373950,1.242834,-0.021997,-0.274963,1.297827,0.230969,0.263965,-1.000867,0.076990,0.395947,-0.769897,-0.021997,0.461938,-1.033862,0.219971,-0.395947,1.066858,0.131982,-0.318958,1.088855,0.109985,-0.153979,1.209839,103775,494285,-101,112,8232,-17,-3,-18,632
1780493822.393623,103780,494293,0x0FFF,0.505933,0.307959,-1.077856,0.285962,0.582922,-0.890881,0.296960,0.472937,-0.934875,0.318958,-0.571924,1.209839,0.109985,-0.274963,1.242834,0.098987,-0.186975,1.275830,0.208972,0.395947,-0.978870,0.208972,0.417944,-0.725903,0.065991,0.428943,-0.945874,0.208972,-0.373950,1.044861,0.252966,-0.318958,1.187842,0.142981,-0.186975,1.121851,103779,494291,-89,104,8218,-17,-1,-21,633
1780493822.395618,103781,494295,0x0FFF,0.483936,0.395947,-1.033862,0.329956,0.439941,-0.857886,0.296960,0.340955,-0.978870,0.241968,-0.582922,1.165845,0.054993,-0.241968,1.264832,-0.032996,-0.329956,1.264832,0.263965,0.296960,-0.989868,0.120984,0.329956,-0.780896,0.087988,0.428943,-0.857886,0.197974,-0.406946,1.000867,0.164978,-0.263965,1.011865,0.065991,-0.252966,1.198840,103779,494291,-89,104,8218,-17,-1,-21,633
1780493822.397617,103783,494297,0x0FFF,0.472937,0.428943,-1.077856,0.329956,0.417944,-0.945874,0.263965,0.384949,-0.923877,0.197974,-0.659912,1.286829,0.109985,-0.318958,1.253833,-0.021997,-0.406946,1.363818,0.175977,0.351953,-0.923877,0.197974,0.439941,-0.846887,0.153979,0.384949,-0.923877,0.175977,-0.439941,0.978870,0.219971,-0.329956,1.209839,0.197974,-0.230969,1.209839,103782,494295,-98,111,8238,-18,-3,-20,633
1780493822.399527,103784,494299,0x0FFF,0.461938,0.428943,-0.901880,0.285962,0.472937,-0.901880,0.197974,0.406946,-0.901880,0.175977,-0.571924,1.242834,0.164978,-0.329956,1.209839,0.032996,-0.219971,1.319824,0.318958,0.373950,-0.923877,0.164978,0.428943,-0.780896,0.109985,0.395947,-0.967871,0.230969,-0.494934,0.989868,0.098987,-0.406946,1.066858,0.230969,-0.241968,1.154846,103782,494295,-98,111,8238,-18,-3,-20,633
1780493822.401608,103785,494301,0x0FFF,0.516931,0.241968,-1.000867,0.329956,0.615918,-0.923877,0.197974,0.219971,-0.835889,0.230969,-0.549927,1.165845,0.000000,-0.274963,1.187842,-0.054993,-0.263965,1.297827,0.230969,0.230969,-1.011865,0.208972,0.439941,-0.791895,0.164978,0.516931,-0.901880,0.230969,-0.472937,0.967871,0.087988,-0.373950,1.187842,0.087988,-0.219971,1.209839,103782,494295,-98,111,8238,-18,-3,-20,633
1780493822.403532,103787,494303,0x0FFF,0.384949,0.329956,-1.077856,0.307959,0.439941,-0.978870,0.318958,0.252966,-0.967871,0.241968,-0.681909,1.165845,0.076990,-0.340955,1.275830,-0.010999,-0.241968,1.308826,0.296960,0.296960,-1.000867,0.076990,0.307959,-0.791895,0.109985,0.494934,-0.879883,0.164978,-0.483936,1.066858,-0.010999,-0.351953,1.110852,0.142981,-0.219971,1.110852,103786,494302,-81,110,8227,-17,-3,-21,628
1780493822.405548,103788,494305,0x0FFF,0.494934,0.362952,-0.901880,0.219971,0.472937,-0.934875,0.263965,0.428943,-0.945874,0.175977,-0.714905,1.165845,0.098987,-0.340955,1.286829,-0.032996,-0.197974,1.330823,0.142981,0.274963,-0.934875,0.230969,0.461938,-0.769897,0.230969,0.472937,-0.879883,0.153979,-0.483936,1.011865,0.120984,-0.285962,1.176843,0.241968,-0.263965,1.132849,103786,494302,-81,110,8227,-17,-3,-21,628
1780493822.407483,103790,494308,0x0FFF,0.461938,0.318958,-1.022864,0.241968,0.516931,-0.835889,0.252966,0.395947,-0.923877,0.175977,-0.615918,1.165845,0.000000,-0.285962,1.253833,-0.021997,-0.208972,1.297827,0.131982,0.318958,-0.879883,0.208972,0.395947,-0.725903,0.098987,0.439941,-0.945874,0.186975,-0.439941,0.945874,0.153979,-0.483936,1.132849,0.252966,-0.131982,1.176843,103789,494306,-86,115,8242,-16,-1,-21,629
1780493822.410760,103791,494310,0x0FFF,0.428943,0.307959,-0.967871,0.296960,0.472937,-0.868884,0.241968,0.362952,-0.857886,0.241968,-0.560925,1.297827,0.131982,-0.318958,1.308826,-0.032996,-0.241968,1.330823,0.197974,0.252966,-0.956873,0.219971,0.483936,-0.901880,0.186975,0.439941,-0.989868,0.208972,-0.527930,1.011865,0.087988,-0.296960,1.286829,0.153979,-0.109985,1.176843,103789,494306,-86,115,8242,-16,-1,-21,629
1780493822.411509,103793,494312,0x0FFF,0.439941,0.318958,-0.835889,0.329956,0.571924,-0.978870,0.252966,0.362952,-0.868884,0.219971,-0.670911,1.253833,0.142981,-0.395947,1.209839,0.087988,-0.263965,1.330823,0.274963,0.340955,-0.934875,0.241968,0.340955,-0.813892,0.087988,0.329956,-0.868884,0.219971,-0.494934,0.967871,0.186975,-0.252966,1.077856,0.076990,-0.054993,1.110852,103792,494310,-94,123,8244,-13,1,-20,639
1780493822.414701,103794,494314,0x0FFF,0.571924,0.428943,-0.945874,0.296960,0.450940,-0.857886,0.285962,0.351953,-1.022864,0.274963,-0.560925,1.209839,0.043994,-0.285962,1.220837,-0.054993,-0.142981,1.462805,0.208972,0.285962,-0.945874,0.109985,0.439941,-0.813892,0.109985,0.461938,-0.967871,0.219971,-0.373950,0.978870,0.054993,-0.362952,1.187842,0.219971,-0.274963,1.110852,103792,494310,-94,123,8244,-13,1,-20,639
1780493822.416804,103795,494316,0x0FFF,0.395947,0.483936,-0.956873,0.329956,0.428943,-0.879883,0.296960,0.373950,-0.956873,0.307959,-0.703906,1.220837,0.197974,-0.241968,1.198840,0.043994,-0.208972,1.253833,0.263965,0.373950,-0.945874,0.252966,0.439941,-0.824890,0.043994,0.395947,-0.945874,0.285962,-0.362952,0.934875,0.153979,-0.307959,1.187842,0.219971,-0.263965,1.198840,103792,494310,-94,123,8244,-13,1,-20,639
1780493822.418907,103797,494318,0x0FFF,0.494934,0.439941,-0.945874,0.318958,0.373950,-0.912878,0.307959,0.340955,-0.945874,0.340955,-0.582922,1.198840,0.098987,-0.318958,1.220837,0.021997,-0.186975,1.297827,0.197974,0.351953,-1.011865,0.219971,0.351953,-0.835889,0.010999,0.439941,-0.879883,0.175977,-0.549927,0.956873,0.065991,-0.340955,1.132849,0.142981,-0.263965,1.297827,103796,494316,-97,114,8250,-17,-2,-22,637
1780493822.421027,103798,494320,0x0FFF,0.384949,0.318958,-1.033862,0.318958,0.318958,-0.912878,0.296960,0.384949,-0.989868,0.263965,-0.670911,1.429810,0.208972,-0.406946,1.242834,0.043994,-0.208972,1.220837,0.241968,0.329956,-1.033862,0.186975,0.307959,-0.714905,0.098987,0.406946,-0.923877,0.285962,-0.351953,0.912878,0.120984,-0.340955,0.967871,0.252966,-0.164978,1.099854,103796,494316,-97,114,8250,-17,-2,-22,637
1780493822.423132,103800,494322,0x0FFF,0.461938,0.395947,-0.912878,0.241968,0.439941,-0.934875,0.274963,0.296960,-0.989868,0.252966,-0.626917,1.187842,0.153979,-0.296960,1.275830,-0.098987,-0.340955,1.330823,0.197974,0.329956,-1.055859,0.175977,0.406946,-0.879883,0.000000,0.439941,-0.923877,0.175977,-0.395947,0.846887,0.109985,-0.329956,1.187842,0.153979,-0.219971,1.198840,103799,494320,-87,115,8238,-16,-1,-22,632
1780493822.425144,103801,494324,0x0FFF,0.428943,0.296960,-1.110852,0.318958,0.505933,-0.890881,0.307959,0.417944,-0.868884,0.362952,-0.560925,1.198840,0.164978,-0.329956,1.154846,-0.054993,-0.219971,1.110852,0.175977,0.307959,-1.077856,0.098987,0.329956,-0.846887,0.098987,0.395947,-0.989868,0.230969,-0.439941,1.033862,0.120984,-0.483936,1.209839,0.054993,-0.208972,1.165845,103799,494320,-87,115,8238,-16,-1,-22,632
1780493822.427284,103802,494326,0x0FFF,0.428943,0.318958,-1.022864,0.329956,0.417944,-1.011865,0.263965,0.340955,-0.923877,0.197974,-0.626917,1.220837,0.087988,-0.296960,1.231836,-0.010999,-0.263965,1.352820,0.230969,0.461938,-0.967871,0.142981,0.351953,-0.835889,0.131982,0.351953,-0.813892,0.153979,-0.494934,0.967871,0.076990,-0.329956,1.187842,0.175977,-0.208972,1.176843,103799,494320,-87,115,8238,-16,-1,-22,632
1780493822.429347,103804,494328,0x0FFF,0.527930,0.230969,-0.934875,0.241968,0.571924,-0.901880,0.241968,0.340955,-0.879883,0.285962,-0.692908,1.198840,0.098987,-0.384949,1.231836,0.000000,-0.208972,1.363818,0.208972,0.351953,-0.934875,0.175977,0.340955,-0.780896,0.153979,0.516931,-0.989868,0.329956,-0.527930,1.022864,0.087988,-0.340955,1.154846,0.274963,-0.175977,1.242834,103803,494327,-105,115,8227,-17,-3,-20,641
1780493822.431396,103805,494330,0x0FFF,0.461938,0.362952,-0.978870,0.241968,0.505933,-0.989868,0.351953,0.384949,-0.890881,0.241968,-0.659912,1.220837,0.054993,-0.373950,1.242834,-0.021997,-0.175977,1.297827,0.307959,0.186975,-0.912878,0.120984,0.351953,-0.901880,0.186975,0.428943,-0.923877,0.351953,-0.428943,0.956873,0.164978,-0.329956,1.209839,0.153979,-0.252966,1.165845,103803,494327,-105,115,8227,-17,-3,-20,641
1780493822.433476,103807,494333,0x0FFF,0.384949,0.340955,-0.956873,0.296960,0.571924,-0.967871,0.241968,0.230969,-1.000867,0.219971,-0.516931,1.165845,0.043994,-0.384949,1.330823,-0.010999,-0.219971,1.330823,0.142981,0.296960,-1.022864,0.219971,0.395947,-0.802893,0.109985,0.439941,-0.978870,0.340955,-0.472937,0.989868,0.164978,-0.307959,1.242834,0.274963,-0.219971,1.231836,103806,494331,-94,108,8229,-15,-4,-20,629
1780493822.435516,103808,494335,0x0FFF,0.417944,0.373950,-0.967871,0.307959,0.472937,-0.901880,0.296960,0.351953,-0.879883,0.230969,-0.593921,1.220837,0.076990,-0.318958,1.308826,0.043994,-0.351953,1.198840,0.087988,0.406946,-0.901880,0.109985,0.340955,-0.824890,0.186975,0.340955,-0.912878,0.131982,-0.549927,0.967871,0.032996,-0.384949,1.099854,0.241968,-0.208972,1.242834,103806,494331,-94,108,8229,-15,-4,-20,629
1780493822.437572,103810,494337,0x0FFF,0.406946,0.417944,-0.901880,0.252966,0.483936,-0.901880,0.230969,0.406946,-0.901880,0.285962,-0.648914,1.198840,0.131982,-0.439941,1.121851,-0.010999,-0.175977,1.341821,0.208972,0.340955,-0.945874,0.241968,0.461938,-0.714905,0.054993,0.406946,-0.945874,0.197974,-0.340955,1.000867,0.142981,-0.274963,1.165845,0.197974,-0.175977,1.187842,103809,494335,-88,118,8231,-16,-3,-21,633
1780493822.439471,103811,494339,0x0FFF,0.560925,0.472937,-0.978870,0.351953,0.604919,-0.967871,0.252966,0.362952,-0.956873,0.208972,-0.560925,1.242834,0.043994,-0.351953,1.242834,0.043994,-0.186975,1.297827,0.252966,0.362952,-0.978870,0.296960,0.373950,-0.890881,0.153979,0.384949,-0.835889,0.142981,-0.450940,1.033862,0.065991,-0.384949,1.242834,0.307959,-0.131982,1.165845,103809,494335,-88,118,8231,-16,-3,-21,633
1780493822.441396,103812,494341,0x0FFF,0.428943,0.186975,-0.879883,0.329956,0.516931,-0.857886,0.197974,0.340955,-0.868884,0.230969,-0.527930,1.231836,0.131982,-0.340955,1.297827,-0.065991,-0.186975,1.275830,0.186975,0.362952,-0.967871,0.164978,0.417944,-0.945874,0.153979,0.417944,-0.934875,0.208972,-0.450940,1.000867,0.109985,-0.417944,1.242834,0.252966,-0.208972,1.231836,103809,494335,-88,118,8231,-16,-3,-21,633
1780493822.443180,103814,494343,0x0FFF,0.560925,0.362952,-0.967871,0.241968,0.516931,-0.934875,0.120984,0.406946,-0.879883,0.285962,-0.582922,1.165845,0.109985,-0.274963,1.165845,0.043994,-0.373950,1.209839,0.197974,0.340955,-1.066858,0.098987,0.417944,-0.835889,0.186975,0.538928,-1.055859,0.307959,-0.406946,0.978870,0.153979,-0.351953,1.121851,0.142981,-0.241968,1.209839,103813,494341,-91,118,8230,-16,-5,-24,637
1780493822.445268,103815,494345,0x0FFF,0.384949,0.417944,-0.967871,0.384949,0.461938,-1.000867,0.241968,0.274963,-0.923877,0.241968,-0.538928,1.209839,0.087988,-0.340955,1.253833,0.054993,-0.208972,1.242834,0.120984,0.307959,-0.901880,0.142981,0.483936,-0.758899,0.098987,0.428943,-0.890881,0.329956,-0.439941,0.945874,0.175977,-0.318958,1.143848,0.142981,-0.109985,1.154846,103813,494341,-91,118,8230,-16,-5,-24,637
1780493822.447251,103817,494347,0x0FFF,0.472937,0.395947,-0.945874,0.296960,0.450940,-0.945874,0.285962,0.274963,-0.846887,0.274963,-0.571924,1.220837,0.076990,-0.362952,1.165845,0.054993,-0.153979,1.341821,0.186975,0.263965,-0.989868,0.208972,0.340955,-0.802893,0.241968,0.340955,-0.890881,0.186975,-0.406946,0.912878,0.087988,-0.307959,1.143848,0.164978,-0.142981,1.209839,103816,494345,-91,109,8236,-15,-5,-18,629
1780493822.449249,103818,494349,0x0FFF,0.406946,0.384949,-1.033862,0.274963,0.417944,-0.989868,0.340955,0.296960,-0.890881,0.274963,-0.648914,1.209839,0.175977,-0.373950,1.187842,0.065991,-0.175977,1.198840,0.120984,0.329956,-0.945874,0.186975,0.351953,-0.802893,0.175977,0.373950,-0.901880,0.153979,-0.362952,0.989868,-0.021997,-0.274963,1.165845,0.120984,-0.230969,1.154846,103816,494345,-91,109,8236,-15,-5,-18,629
1780493822.451237,103819,494351,0x0FFF,0.516931,0.450940,-1.033862,0.307959,0.560925,-0.912878,0.186975,0.362952,-0.956873,0.274963,-0.549927,1.242834,0.032996,-0.428943,1.286829,0.098987,-0.307959,1.363818,0.230969,0.439941,-0.912878,0.208972,0.406946,-0.780896,0.164978,0.395947,-0.934875,0.197974,-0.450940,1.044861,0.142981,-0.329956,1.033862,0.087988,-0.241968,1.110852,103816,494345,-91,109,8236,-15,-5,-18,629
1780493822.453353,103821,494353,0x0FFF,0.505933,0.329956,-0.978870,0.373950,0.406946,-1.000867,0.351953,0.329956,-0.879883,0.274963,-0.604919,1.154846,0.098987,-0.373950,1.176843,0.065991,-0.230969,1.264832,0.153979,0.285962,-0.956873,0.153979,0.373950,-0.890881,0.054993,0.549927,-1.000867,0.186975,-0.417944,0.934875,0.021997,-0.307959,1.220837,0.076990,-0.252966,1.132849,103820,494352,-104,110,8243,-18,-5,-21,638
1780493822.456561,103822,494355,0x0FFF,0.516931,0.362952,-1.022864,0.417944,0.483936,-1.000867,0.208972,0.384949,-0.967871,0.307959,-0.681909,1.264832,0.153979,-0.472937,1.077856,0.010999,-0.241968,1.253833,0.219971,0.296960,-0.912878,0.175977,0.384949,-0.802893,0.043994,0.472937,-0.945874,0.252966,-0.450940,1.132849,0.000000,-0.296960,1.187842,0.098987,-0.153979,1.154846,103820,494352,-104,110,8243,-18,-5,-21,638
1780493822.457310,103824,494358,0x0FFF,0.483936,0.307959,-0.978870,0.285962,0.571924,-0.945874,0.208972,0.329956,-0.857886,0.274963,-0.681909,1.220837,0.131982,-0.362952,1.253833,-0.098987,-0.252966,1.363818,0.208972,0.296960,-1.033862,0.186975,0.373950,-0.879883,0.131982,0.318958,-0.967871,0.131982,-0.549927,1.011865,0.175977,-0.351953,1.088855,0.043994,-0.164978,1.264832,103823,494356,-96,114,8239,-17,-4,-21,634
1780493822.460500,103825,494360,0x0FFF,0.494934,0.417944,-1.000867,0.208972,0.450940,-0.835889,0.263965,0.417944,-0.890881,0.263965,-0.560925,1.253833,0.010999,-0.373950,1.154846,0.087988,-0.373950,1.363818,0.142981,0.208972,-0.956873,0.175977,0.472937,-0.747900,0.164978,0.340955,-0.978870,0.230969,-0.450940,0.857886,0.120984,-0.285962,1.121851,0.197974,-0.164978,1.165845,103823,494356,-96,114,8239,-17,-4,-21,634
1780493822.462636,103827,494362,0x0FFF,0.395947,0.362952,-0.945874,0.395947,0.439941,-0.956873,0.230969,0.362952,-0.890881,0.351953,-0.626917,1.286829,0.043994,-0.307959,1.341821,0.065991,-0.230969,1.231836,0.131982,0.318958,-0.989868,0.252966,0.494934,-0.802893,0.000000,0.439941,-0.945874,0.252966,-0.461938,0.868884,0.098987,-0.340955,1.044861,0.241968,-0.252966,1.209839,103826,494360,-96,105,8248,-17,-4,-21,639
1780493822.464612,103828,494364,0x0FFF,0.461938,0.395947,-1.022864,0.252966,0.505933,-0.879883,0.285962,0.296960,-0.945874,0.197974,-0.659912,1.275830,0.098987,-0.417944,1.143848,-0.010999,-0.384949,1.220837,0.142981,0.318958,-0.945874,0.076990,0.428943,-0.791895,0.164978,0.439941,-0.978870,0.219971,-0.373950,0.857886,0.186975,-0.351953,1.132849,0.153979,-0.208972,1.187842,103826,494360,-96,105,8248,-17,-4,-21,639
1780493822.466710,103829,494366,0x0FFF,0.516931,0.329956,-0.912878,0.329956,0.450940,-0.978870,0.197974,0.373950,-0.967871,0.285962,-0.703906,1.253833,0.109985,-0.351953,1.165845,0.021997,-0.230969,1.264832,0.087988,0.318958,-0.835889,0.241968,0.351953,-0.868884,0.164978,0.384949,-0.835889,0.274963,-0.538928,1.044861,0.131982,-0.384949,1.088855,0.252966,-0.142981,1.187842,103826,494360,-96,105,8248,-17,-4,-21,639
1780493822.468796,103831,494368,0x0FFF,0.351953,0.406946,-0.945874,0.252966,0.560925,-0.923877,0.296960,0.362952,-0.912878,0.373950,-0.681909,1.231836,0.087988,-0.406946,1.264832,-0.010999,-0.362952,1.308826,0.241968,0.307959,-0.989868,0.263965,0.351953,-0.813892,0.142981,0.516931,-0.967871,0.153979,-0.483936,0.989868,0.043994,-0.296960,1.231836,0.043994,-0.208972,1.154846,103830,494366,-95,117,8235,-18,-3,-20,643
1780493822.471083,103832,494370,0x0FFF,0.461938,0.329956,-0.967871,0.274963,0.428943,-0.989868,0.241968,0.307959,-0.857886,0.318958,-0.648914,1.253833,0.098987,-0.406946,1.187842,-0.032996,-0.197974,1.264832,0.142981,0.318958,-0.989868,0.142981,0.395947,-0.857886,0.197974,0.395947,-0.956873,0.362952,-0.461938,1.000867,0.087988,-0.406946,1.110852,0.131982,-0.340955,1.154846,103830,494366,-95,117,8235,-18,-3,-20,643
1780493822.473051,103834,494372,0x0FFF,0.395947,0.373950,-0.989868,0.384949,0.472937,-1.000867,0.175977,0.318958,-0.901880,0.274963,-0.626917,1.220837,0.065991,-0.373950,1.187842,0.000000,-0.252966,1.341821,0.241968,0.318958,-1.011865,0.142981,0.417944,-0.791895,0.098987,0.395947,-0.868884,0.219971,-0.252966,0.890881,0.098987,-0.362952,1.154846,0.164978,-0.230969,1.187842,103833,494370,-97,120,8236,-16,-1,-20,634
1780493822.474769,103835,494374,0x0FFF,0.461938,0.285962,-1.011865,0.263965,0.516931,-0.923877,0.241968,0.395947,-0.890881,0.318958,-0.681909,1.253833,0.208972,-0.472937,1.275830,0.098987,-0.175977,1.319824,0.186975,0.351953,-0.923877,0.241968,0.461938,-0.769897,0.065991,0.318958,-1.044861,0.186975,-0.384949,1.077856,0.131982,-0.318958,1.176843,0.263965,-0.263965,1.275830,103833,494370,-97,120,8236,-16,-1,-20,634
1780493822.476340,103836,494376,0x0FFF,0.494934,0.395947,-0.945874,0.274963,0.505933,-0.945874,0.219971,0.417944,-0.934875,0.208972,-0.538928,1.242834,0.098987,-0.406946,1.132849,0.054993,-0.252966,1.132849,0.230969,0.340955,-0.956873,0.219971,0.439941,-0.802893,0.120984,0.417944,-0.945874,0.307959,-0.516931,1.022864,0.153979,-0.241968,1.220837,0.120984,-0.208972,1.209839,103833,494370,-97,120,8236,-16,-1,-20,634
1780493822.479036,103838,494378,0x0FFF,0.384949,0.395947,-0.978870,0.373950,0.461938,-0.923877,0.208972,0.395947,-0.956873,0.296960,-0.681909,1.198840,0.109985,-0.395947,1.297827,-0.098987,-0.362952,1.385815,0.087988,0.296960,-0.901880,0.109985,0.494934,-0.857886,0.175977,0.483936,-0.945874,0.186975,-0.494934,0.967871,0.010999,-0.351953,1.220837,0.197974,-0.186975,1.231836,103837,494377,-108,118,8227,-18,-6,-22,631
1780493822.480713,103839,494380,0x0FFF,0.461938,0.318958,-0.956873,0.285962,0.538928,-0.879883,0.175977,0.395947,-0.978870,0.241968,-0.604919,1.198840,0.109985,-0.285962,1.132849,0.109985,-0.241968,1.220837,0.241968,0.296960,-1.000867,0.131982,0.395947,-0.857886,0.230969,0.428943,-0.912878,0.131982,-0.450940,0.945874,0.197974,-0.252966,1.165845,0.175977,-0.241968,1.220837,103837,494377,-108,118,8227,-18,-6,-22,631
1780493822.482368,103841,494383,0x0FFF,0.439941,0.329956,-1.011865,0.461938,0.461938,-0.857886,0.329956,0.406946,-0.857886,0.186975,-0.626917,1.231836,0.076990,-0.340955,1.275830,-0.021997,-0.263965,1.154846,0.219971,0.351953,-1.000867,0.274963,0.362952,-0.780896,0.109985,0.439941,-0.967871,0.219971,-0.373950,0.923877,0.021997,-0.351953,1.165845,0.274963,-0.153979,1.143848,103840,494381,-104,115,8244,-18,-1,-24,636
1780493822.485201,103842,494385,0x0FFF,0.428943,0.384949,-0.956873,0.263965,0.538928,-0.978870,0.186975,0.329956,-0.945874,0.329956,-0.505933,1.165845,0.120984,-0.439941,1.330823,-0.010999,-0.208972,1.275830,0.274963,0.252966,-1.077856,0.197974,0.417944,-0.835889,0.087988,0.384949,-1.011865,0.263965,-0.417944,0.967871,0.032996,-0.307959,1.099854,0.219971,-0.197974,1.088855,103840,494381,-104,115,8244,-18,-1,-24,636
1780493822.486880,103843,494387,0x0FFF,0.450940,0.351953,-0.989868,0.274963,0.538928,-0.769897,0.197974,0.318958,-0.934875,0.307959,-0.659912,1.231836,0.131982,-0.329956,1.209839,0.021997,-0.186975,1.264832,0.186975,0.307959,-1.055859,0.164978,0.384949,-0.857886,0.230969,0.461938,-0.934875,0.175977,-0.450940,0.989868,0.175977,-0.296960,1.132849,0.208972,-0.263965,1.231836,103840,494381,-104,115,8244,-18,-1,-24,636
1780493822.488593,103845,494389,0x0FFF,0.483936,0.329956,-0.945874,0.340955,0.428943,-0.978870,0.230969,0.285962,-0.923877,0.395947,-0.648914,1.253833,0.065991,-0.285962,1.319824,0.010999,-0.296960,1.297827,0.120984,0.340955,-1.011865,0.175977,0.439941,-0.813892,0.098987,0.472937,-0.923877,0.076990,-0.428943,1.011865,0.120984,-0.241968,1.154846,0.065991,-0.186975,1.198840,103844,494387,-102,108,8232,-16,-6,-24,630
1780493822.491487,103846,494391,0x0FFF,0.472937,0.296960,-0.956873,0.296960,0.439941,-0.945874,0.197974,0.340955,-0.868884,0.219971,-0.593921,1.264832,0.087988,-0.263965,1.220837,0.000000,-0.219971,1.253833,0.208972,0.307959,-0.912878,0.274963,0.362952,-0.813892,0.054993,0.406946,-1.033862,0.164978,-0.461938,0.967871,0.230969,-0.340955,1.165845,0.087988,-0.175977,1.209839,103844,494387,-102,108,8232,-16,-6,-24,630
1780493822.493298,103848,494393,0x0FFF,0.527930,0.296960,-0.901880,0.219971,0.494934,-0.945874,0.197974,0.274963,-0.879883,0.197974,-0.571924,1.242834,0.142981,-0.351953,1.176843,0.043994,-0.296960,1.264832,0.131982,0.406946,-0.989868,0.230969,0.450940,-0.780896,0.153979,0.373950,-0.901880,0.142981,-0.505933,0.978870,0.120984,-0.373950,1.165845,0.142981,-0.186975,1.088855,103847,494391,-102,123,8234,-16,-4,-19,620
1780493822.495098,103849,494395,0x0FFF,0.395947,0.296960,-0.945874,0.318958,0.483936,-0.912878,0.197974,0.307959,-0.813892,0.274963,-0.637915,1.220837,0.065991,-0.439941,1.297827,0.021997,-0.307959,1.275830,0.263965,0.329956,-1.022864,0.241968,0.318958,-0.846887,0.109985,0.318958,-0.857886,0.230969,-0.439941,0.978870,0.142981,-0.351953,1.066858,0.208972,-0.274963,1.187842,103847,494391,-102,123,8234,-16,-4,-19,620
1780493822.496954,103851,494397,0x0FFF,0.406946,0.351953,-1.033862,0.285962,0.538928,-0.846887,0.252966,0.406946,-0.945874,0.274963,-0.736902,1.165845,0.076990,-0.296960,1.253833,0.010999,-0.307959,1.275830,0.208972,0.384949,-0.956873,0.087988,0.406946,-0.868884,0.131982,0.516931,-0.901880,0.208972,-0.285962,0.989868,0.098987,-0.263965,1.110852,0.131982,-0.252966,1.143848,103850,494395,-112,97,8231,-18,0,-20,642
1780493822.499974,103852,494399,0x0FFF,0.483936,0.318958,-0.857886,0.252966,0.527930,-1.011865,0.208972,0.351953,-0.813892,0.318958,-0.604919,1.176843,0.043994,-0.406946,1.187842,-0.120984,-0.296960,1.352820,0.131982,0.351953,-0.934875,0.142981,0.538928,-0.780896,0.263965,0.439941,-0.890881,0.274963,-0.406946,0.989868,0.076990,-0.329956,1.077856,0.131982,-0.208972,1.154846,103850,494395,-112,97,8231,-18,0,-20,642
1780493822.501924,103853,494401,0x0FFF,0.483936,0.351953,-1.055859,0.274963,0.505933,-0.967871,0.340955,0.428943,-0.989868,0.296960,-0.626917,1.187842,0.087988,-0.439941,1.231836,0.032996,-0.197974,1.330823,0.175977,0.384949,-0.978870,0.109985,0.450940,-0.791895,0.197974,0.472937,-0.967871,0.186975,-0.472937,0.978870,0.076990,-0.340955,1.198840,0.131982,-0.208972,1.143848,103850,494395,-112,97,8231,-18,0,-20,642
1780493822.503662,103855,494403,0x0FFF,0.439941,0.274963,-1.011865,0.384949,0.516931,-0.956873,0.175977,0.296960,-0.857886,0.285962,-0.637915,1.297827,0.021997,-0.417944,1.198840,0.120984,-0.230969,1.396814,0.175977,0.406946,-1.044861,0.164978,0.362952,-0.857886,0.120984,0.450940,-0.989868,0.230969,-0.494934,0.945874,0.098987,-0.450940,1.220837,0.142981,-0.186975,1.088855,103854,494402,-100,111,8236,-17,-3,-26,638
1780493822.505425,103856,494405,0x0FFF,0.461938,0.307959,-0.846887,0.351953,0.472937,-1.000867,0.285962,0.406946,-0.923877,0.219971,-0.604919,1.165845,0.109985,-0.230969,1.187842,0.021997,-0.230969,1.297827,0.186975,0.329956,-1.011865,0.032996,0.417944,-0.802893,0.087988,0.340955,-0.890881,0.230969,-0.461938,0.978870,0.120984,-0.340955,1.176843,0.230969,-0.164978,1.154846,103854,494402,-100,111,8236,-17,-3,-26,638
1780493822.508262,103858,494408,0x0FFF,0.483936,0.340955,-0.956873,0.197974,0.406946,-0.846887,0.197974,0.329956,-0.824890,0.186975,-0.538928,1.330823,0.054993,-0.362952,1.341821,-0.054993,-0.175977,1.209839,0.230969,0.263965,-0.934875,0.153979,0.362952,-0.934875,0.043994,0.362952,-0.857886,0.219971,-0.384949,1.099854,0.043994,-0.307959,1.066858,0.142981,-0.219971,1.066858,103857,494406,-101,117,8238,-14,-3,-20,641
1780493822.510032,103859,494410,0x0FFF,0.461938,0.384949,-0.989868,0.285962,0.494934,-0.890881,0.274963,0.406946,-0.923877,0.296960,-0.725903,1.264832,0.131982,-0.329956,1.286829,0.043994,-0.186975,1.110852,0.296960,0.329956,-0.934875,0.263965,0.395947,-0.835889,0.153979,0.428943,-0.945874,0.186975,-0.439941,0.967871,0.120984,-0.208972,1.110852,0.120984,-0.307959,1.187842,103857,494406,-101,117,8238,-14,-3,-20,641
1780493822.511852,103860,494412,0x0FFF,0.406946,0.395947,-1.011865,0.263965,0.428943,-0.835889,0.186975,0.252966,-0.967871,0.142981,-0.593921,1.165845,0.131982,-0.351953,1.253833,0.000000,-0.230969,1.308826,0.208972,0.362952,-1.121851,0.109985,0.428943,-0.890881,0.175977,0.406946,-0.934875,0.351953,-0.406946,0.956873,0.164978,-0.351953,1.121851,0.219971,-0.175977,1.187842,103857,494406,-101,117,8238,-14,-3,-20,641
1780493822.513686,103862,494414,0x0FFF,0.406946,0.351953,-0.967871,0.362952,0.472937,-0.890881,0.307959,0.285962,-0.813892,0.351953,-0.593921,1.319824,0.175977,-0.285962,1.264832,-0.010999,-0.340955,1.220837,0.219971,0.329956,-1.088855,0.186975,0.395947,-0.725903,0.175977,0.450940,-1.055859,0.208972,-0.494934,0.934875,0.043994,-0.263965,1.143848,0.153979,-0.109985,1.253833,103861,494412,-91,116,8231,-16,-3,-20,632
1780493822.516666,103863,494416,0x0FFF,0.505933,0.373950,-0.890881,0.296960,0.450940,-0.912878,0.263965,0.362952,-0.901880,0.219971,-0.593921,1.253833,0.098987,-0.318958,1.220837,0.076990,-0.329956,1.275830,0.142981,0.329956,-0.912878,0.120984,0.472937,-0.824890,-0.032996,0.560925,-0.890881,0.252966,-0.417944,0.989868,0.109985,-0.362952,1.088855,0.120984,-0.098987,1.198840,103861,494412,-91,116,8231,-16,-3,-20,632
1780493822.518600,103865,494418,0x0FFF,0.395947,0.439941,-1.022864,0.274963,0.384949,-0.912878,0.329956,0.219971,-0.923877,0.263965,-0.560925,1.165845,0.076990,-0.384949,1.198840,0.087988,-0.274963,1.275830,0.219971,0.307959,-1.099854,0.098987,0.362952,-0.780896,0.142981,0.384949,-0.978870,0.175977,-0.373950,0.956873,0.186975,-0.362952,1.143848,0.263965,-0.241968,1.209839,103864,494416,-103,114,8252,-16,-2,-22,634
1780493822.520653,103866,494420,0x0FFF,0.483936,0.384949,-0.868884,0.406946,0.505933,-0.901880,0.208972,0.340955,-0.967871,0.296960,-0.670911,1.253833,0.087988,-0.329956,1.198840,0.010999,-0.395947,1.209839,0.208972,0.395947,-1.044861,0.098987,0.340955,-0.890881,0.076990,0.439941,-0.813892,0.263965,-0.439941,0.967871,0.164978,-0.219971,1.165845,0.131982,-0.274963,1.297827,103864,494416,-103,114,8252,-16,-2,-22,634
1780493822.523473,103868,494422,0x0FFF,0.516931,0.263965,-0.901880,0.263965,0.439941,-0.967871,0.252966,0.252966,-0.857886,0.164978,-0.670911,1.209839,0.142981,-0.362952,1.187842,-0.010999,-0.230969,1.220837,0.318958,0.274963,-0.934875,0.153979,0.406946,-0.813892,0.153979,0.450940,-0.901880,0.230969,-0.516931,1.066858,0.164978,-0.384949,1.264832,0.186975,-0.164978,1.176843,103867,494420,-93,110,8240,-17,0,-22,636
1780493822.524401,103869,494424,0x0FFF,0.395947,0.340955,-0.934875,0.362952,0.571924,-0.934875,0.219971,0.450940,-0.967871,0.175977,-0.692908,1.176843,0.043994,-0.384949,1.297827,0.120984,-0.219971,1.297827,0.252966,0.329956,-0.978870,0.087988,0.406946,-0.769897,0.252966,0.439941,-0.967871,0.197974,-0.483936,0.989868,0.098987,-0.406946,1.066858,0.230969,-0.153979,1.187842,103867,494420,-93,110,8240,-17,0,-22,636
1780493822.526626,103870,494426,0x0FFF,0.395947,0.472937,-1.022864,0.318958,0.494934,-0.857886,0.197974,0.384949,-0.945874,0.230969,-0.714905,1.253833,0.186975,-0.362952,1.187842,0.054993,-0.252966,1.319824,0.219971,0.373950,-1.088855,0.153979,0.373950,-0.890881,0.098987,0.450940,-0.912878,0.186975,-0.505933,0.956873,0.109985,-0.351953,1.143848,0.230969,-0.230969,1.220837,103867,494420,-93,110,8240,-17,0,-22,636
1780493822.528857,103872,494428,0x0FFF,0.439941,0.285962,-1.022864,0.186975,0.483936,-0.956873,0.219971,0.417944,-0.857886,0.296960,-0.648914,1.198840,0.109985,-0.230969,1.066858,0.065991,-0.252966,1.286829,0.252966,0.296960,-0.978870,0.164978,0.351953,-0.868884,0.131982,0.428943,-0.989868,0.142981,-0.494934,1.022864,0.153979,-0.285962,1.220837,0.263965,-0.208972,1.231836,103871,494427,-100,111,8243,-15,-1,-19,625
1780493822.531178,103873,494430,0x0FFF,0.428943,0.329956,-1.033862,0.252966,0.461938,-0.934875,0.230969,0.417944,-0.824890,0.219971,-0.670911,1.242834,0.131982,-0.373950,1.330823,-0.098987,-0.241968,1.264832,0.274963,0.263965,-0.835889,0.230969,0.461938,-0.868884,0.109985,0.450940,-0.912878,0.285962,-0.461938,0.956873,0.098987,-0.274963,1.176843,0.109985,-0.197974,1.088855,103871,494427,-100,111,8243,-15,-1,-19,625
1780493822.533390,103875,494433,0x0FFF,0.560925,0.340955,-0.956873,0.307959,0.417944,-0.890881,0.197974,0.428943,-0.890881,0.351953,-0.604919,1.209839,0.142981,-0.417944,1.330823,0.032996,-0.230969,1.198840,0.230969,0.362952,-0.934875,0.175977,0.428943,-0.758899,0.142981,0.395947,-0.791895,0.307959,-0.417944,0.945874,-0.032996,-0.274963,1.165845,0.065991,-0.208972,1.319824,103874,494431,-104,126,8232,-17,-2,-19,640
1780493822.535514,103876,494435,0x0FFF,0.439941,0.395947,-0.978870,0.307959,0.527930,-0.901880,0.186975,0.230969,-0.813892,0.164978,-0.560925,1.198840,0.142981,-0.362952,1.187842,-0.043994,-0.252966,1.264832,0.230969,0.384949,-0.978870,0.208972,0.329956,-0.802893,0.054993,0.450940,-1.011865,0.252966,-0.494934,0.934875,0.098987,-0.340955,1.154846,0.131982,-0.164978,1.154846,103874,494431,-104,126,8232,-17,-2,-19,640
1780493822.537697,103877,494437,0x0FFF,0.494934,0.219971,-1.121851,0.241968,0.461938,-0.989868,0.274963,0.362952,-0.978870,0.263965,-0.648914,1.264832,0.043994,-0.307959,1.253833,-0.010999,-0.230969,1.330823,0.274963,0.340955,-1.000867,0.186975,0.362952,-0.890881,0.153979,0.472937,-0.978870,0.241968,-0.428943,1.022864,0.131982,-0.318958,1.176843,0.208972,-0.153979,1.110852,103874,494431,-104,126,8232,-17,-2,-19,640
1780493822.539861,103879,494439,0x0FFF,0.384949,0.340955,-1.066858,0.318958,0.593921,-0.945874,0.351953,0.241968,-0.846887,0.285962,-0.626917,1.198840,0.000000,-0.318958,1.286829,0.000000,-0.329956,1.220837,0.131982,0.351953,-1.011865,0.197974,0.340955,-0.714905,0.263965,0.439941,-0.978870,0.142981,-0.461938,0.945874,0.087988,-0.329956,1.231836,0.153979,-0.164978,1.209839,103878,494437,-99,114,8239,-15,-3,-23,640
1780493822.542132,103880,494441,0x0FFF,0.439941,0.395947,-1.033862,0.307959,0.527930,-1.044861,0.252966,0.351953,-0.901880,0.142981,-0.604919,1.231836,0.098987,-0.329956,1.198840,0.087988,-0.175977,1.308826,0.098987,0.307959,-1.011865,0.175977,0.439941,-0.791895,0.120984,0.307959,-0.934875,0.230969,-0.285962,0.934875,0.120984,-0.307959,1.242834,0.131982,-0.153979,1.242834,103878,494437,-99,114,8239,-15,-3,-23,640
1780493822.543274,103882,494443,0x0FFF,0.406946,0.307959,-1.033862,0.373950,0.505933,-0.890881,0.252966,0.351953,-0.813892,0.296960,-0.659912,1.231836,0.043994,-0.263965,1.242834,0.032996,-0.219971,1.363818,0.252966,0.428943,-1.000867,0.186975,0.296960,-0.802893,0.142981,0.549927,-0.923877,0.153979,-0.329956,1.011865,0.043994,-0.274963,1.143848,0.164978,-0.208972,1.077856,103881,494441,-112,112,8240,-16,-2,-19,627
1780493822.545584,103883,494445,0x0FFF,0.373950,0.461938,-1.055859,0.274963,0.450940,-0.846887,0.241968,0.351953,-0.912878,0.230969,-0.582922,1.154846,0.131982,-0.329956,1.088855,0.010999,-0.230969,1.407812,0.252966,0.384949,-0.912878,0.230969,0.395947,-0.802893,0.164978,0.384949,-0.967871,0.241968,-0.450940,0.967871,0.098987,-0.340955,1.132849,0.153979,-0.208972,1.286829,103881,494441,-112,112,8240,-16,-2,-19,627
1780493822.547754,103885,494447,0x0FFF,0.494934,0.307959,-1.011865,0.252966,0.439941,-0.934875,0.175977,0.318958,-0.879883,0.307959,-0.615918,1.121851,0.197974,-0.395947,1.088855,0.021997,-0.307959,1.297827,0.131982,0.219971,-0.945874,0.131982,0.494934,-0.813892,0.087988,0.461938,-1.000867,0.263965,-0.395947,0.967871,0.142981,-0.384949,1.165845,0.263965,-0.197974,1.099854,103884,494445,-101,111,8220,-16,-1,-23,639
1780493822.549833,103886,494449,0x0FFF,0.505933,0.362952,-1.011865,0.373950,0.516931,-0.857886,0.252966,0.373950,-0.956873,0.263965,-0.692908,1.264832,0.032996,-0.208972,1.176843,0.054993,-0.285962,1.264832,0.241968,0.263965,-0.978870,0.076990,0.373950,-0.813892,0.098987,0.417944,-0.901880,0.241968,-0.373950,0.945874,0.087988,-0.417944,1.209839,0.098987,-0.230969,1.231836,103884,494445,-101,111,8220,-16,-1,-23,639
1780493822.552022,103887,494451,0x0FFF,0.483936,0.395947,-0.967871,0.208972,0.373950,-0.846887,0.285962,0.241968,-0.923877,0.241968,-0.582922,1.143848,0.054993,-0.274963,1.209839,0.054993,-0.241968,1.319824,0.175977,0.362952,-0.956873,0.197974,0.395947,-0.890881,0.153979,0.417944,-0.923877,0.263965,-0.428943,0.956873,0.098987,-0.417944,1.286829,0.208972,-0.252966,1.187842,103884,494445,-101,111,8220,-16,-1,-23,639
1780493822.554180,103889,494453,0x0FFF,0.527930,0.395947,-0.868884,0.362952,0.505933,-0.945874,0.186975,0.406946,-0.945874,0.230969,-0.527930,1.187842,0.142981,-0.340955,1.220837,0.109985,-0.208972,1.275830,0.153979,0.208972,-0.989868,0.076990,0.461938,-0.824890,0.153979,0.285962,-0.923877,0.274963,-0.450940,0.912878,0.153979,-0.329956,1.099854,0.142981,-0.197974,1.209839,103888,494452,-87,118,8236,-15,-2,-21,639
1780493822.556346,103890,494455,0x0FFF,0.505933,0.406946,-0.945874,0.318958,0.428943,-0.846887,0.186975,0.406946,-0.780896,0.241968,-0.582922,1.363818,0.197974,-0.395947,1.220837,0.032996,-0.252966,1.264832,0.153979,0.318958,-0.978870,0.164978,0.384949,-0.901880,0.263965,0.384949,-0.901880,0.285962,-0.450940,1.000867,0.120984,-0.450940,1.077856,0.120984,-0.186975,1.187842,103888,494452,-87,118,8236,-15,-2,-21,639
1780493822.558421,103892,494458,0x0FFF,0.461938,0.340955,-0.934875,0.318958,0.483936,-0.956873,0.252966,0.296960,-0.890881,0.340955,-0.571924,1.154846,0.000000,-0.263965,1.187842,0.098987,-0.197974,1.341821,0.186975,0.285962,-0.868884,0.208972,0.406946,-0.824890,0.054993,0.417944,-0.923877,0.230969,-0.362952,0.901880,0.109985,-0.296960,1.165845,0.153979,-0.351953,1.066858,103891,494456,-103,113,8235,-18,-3,-22,631
1780493822.560583,103893,494460,0x0FFF,0.549927,0.406946,-0.967871,0.384949,0.494934,-0.989868,0.296960,0.307959,-0.890881,0.318958,-0.659912,1.154846,0.021997,-0.318958,1.231836,-0.065991,-0.186975,1.308826,0.219971,0.318958,-0.967871,0.186975,0.384949,-0.868884,0.208972,0.439941,-0.890881,0.153979,-0.516931,0.901880,0.120984,-0.318958,1.077856,0.252966,-0.186975,1.231836,103891,494456,-103,113,8235,-18,-3,-22,631
1780493822.562645,103894,494462,0x0FFF,0.483936,0.417944,-0.945874,0.384949,0.483936,-0.824890,0.340955,0.307959,-0.912878,0.241968,-0.582922,1.143848,0.032996,-0.263965,1.264832,0.021997,-0.186975,1.231836,0.186975,0.329956,-1.011865,0.241968,0.395947,-0.769897,0.065991,0.461938,-0.780896,0.153979,-0.384949,1.055859,0.065991,-0.307959,1.165845,0.175977,-0.186975,1.209839,103891,494456,-103,113,8235,-18,-3,-22,631
1780493822.564699,103896,494464,0x0FFF,0.428943,0.428943,-0.945874,0.362952,0.450940,-0.912878,0.296960,0.439941,-0.945874,0.296960,-0.714905,1.187842,0.087988,-0.318958,1.319824,0.010999,-0.219971,1.242834,0.164978,0.340955,-0.945874,0.087988,0.406946,-0.802893,0.076990,0.417944,-0.868884,0.131982,-0.461938,1.000867,0.076990,-0.274963,1.088855,0.285962,-0.219971,1.198840,103895,494462,-102,112,8236,-17,-2,-21,636
1780493822.566761,103897,494466,0x0FFF,0.329956,0.340955,-1.055859,0.395947,0.439941,-0.967871,0.230969,0.219971,-0.879883,0.197974,-0.648914,1.242834,0.208972,-0.494934,1.275830,0.087988,-0.340955,1.275830,0.318958,0.340955,-1.044861,0.263965,0.329956,-0.835889,0.120984,0.461938,-0.945874,0.186975,-0.472937,0.989868,0.021997,-0.329956,1.220837,0.109985,-0.197974,1.187842,103895,494462,-102,112,8236,-17,-2,-21,636
1780493822.568780,103899,494468,0x0FFF,0.461938,0.406946,-0.945874,0.307959,0.428943,-0.890881,0.285962,0.340955,-0.967871,0.351953,-0.593921,1.286829,0.054993,-0.384949,1.275830,-0.087988,-0.230969,1.242834,0.142981,0.373950,-0.956873,0.197974,0.461938,-0.824890,0.098987,0.384949,-0.879883,0.318958,-0.450940,1.044861,0.197974,-0.263965,1.253833,0.153979,-0.241968,1.253833,103898,494466,-94,106,8238,-15,-2,-23,637
1780493822.570823,103900,494470,0x0FFF,0.439941,0.351953,-1.022864,0.362952,0.560925,-0.945874,0.296960,0.340955,-0.912878,0.285962,-0.626917,1.220837,-0.054993,-0.329956,1.308826,0.032996,-0.252966,1.352820,0.274963,0.340955,-0.879883,0.175977,0.428943,-0.802893,0.197974,0.450940,-0.945874,0.274963,-0.461938,0.956873,0.175977,-0.241968,1.121851,0.120984,-0.230969,1.264832,103898,494466,-94,106,8238,-15,-2,-23,637
1780493822.572838,103902,494472,0x0FFF,0.340955,0.428943,-1.165845,0.395947,0.395947,-0.846887,0.208972,0.296960,-0.945874,0.274963,-0.615918,1.242834,0.098987,-0.373950,1.286829,0.076990,-0.274963,1.231836,0.186975,0.329956,-1.000867,0.208972,0.373950,-0.824890,0.109985,0.439941,-0.967871,0.230969,-0.461938,0.912878,0.120984,-0.318958,1.242834,0.230969,-0.153979,1.286829,103901,494471,-91,107,8223,-14,-3,-19,642
1780493822.574788,103903,494474,0x0FFF,0.417944,0.351953,-0.945874,0.340955,0.549927,-0.879883,0.164978,0.274963,-0.802893,0.241968,-0.670911,1.275830,0.000000,-0.406946,1.286829,0.043994,-0.263965,1.231836,0.230969,0.263965,-0.956873,0.230969,0.395947,-0.813892,0.109985,0.384949,-0.780896,0.153979,-0.428943,1.011865,0.087988,-0.373950,1.132849,0.142981,-0.186975,1.198840,103901,494471,-91,107,8223,-14,-3,-19,642
1780493822.576791,103904,494476,0x0FFF,0.439941,0.428943,-0.978870,0.274963,0.494934,-0.769897,0.208972,0.241968,-0.989868,0.131982,-0.626917,1.132849,0.032996,-0.450940,1.275830,-0.010999,-0.307959,1.242834,0.164978,0.384949,-0.934875,0.164978,0.351953,-0.824890,0.197974,0.384949,-1.066858,0.131982,-0.362952,0.978870,0.120984,-0.384949,1.077856,0.098987,-0.219971,1.187842,103901,494471,-91,107,8223,-14,-3,-19,642
1780493822.578907,103906,494478,0x0FFF,0.516931,0.318958,-0.945874,0.395947,0.494934,-0.901880,0.164978,0.351953,-0.846887,0.252966,-0.681909,1.011865,0.076990,-0.439941,1.253833,-0.076990,-0.252966,1.275830,0.208972,0.241968,-1.000867,0.153979,0.450940,-0.703906,0.076990,0.505933,-0.857886,0.153979,-0.527930,1.044861,0.076990,-0.329956,1.198840,0.043994,-0.186975,1.253833,103905,494477,-92,108,8241,-16,-1,-20,632
1780493822.580905,103907,494480,0x0FFF,0.505933,0.351953,-1.011865,0.351953,0.494934,-0.978870,0.296960,0.384949,-0.967871,0.329956,-0.626917,1.198840,0.054993,-0.340955,1.176843,0.076990,-0.285962,1.308826,0.208972,0.307959,-1.022864,0.131982,0.406946,-0.824890,0.098987,0.461938,-1.011865,0.307959,-0.483936,1.121851,0.120984,-0.329956,1.088855,0.153979,-0.208972,1.088855,103905,494477,-92,108,8241,-16,-1,-20,632
1780493822.582876,103909,494483,0x0FFF,0.494934,0.252966,-1.055859,0.307959,0.472937,-0.978870,0.153979,0.296960,-0.956873,0.175977,-0.659912,1.220837,0.054993,-0.428943,1.154846,-0.010999,-0.241968,1.297827,0.329956,0.362952,-0.890881,0.131982,0.417944,-0.835889,0.076990,0.472937,-0.956873,0.219971,-0.318958,1.000867,0.186975,-0.351953,1.198840,0.131982,-0.230969,1.132849,103908,494481,-92,107,8241,-14,-3,-23,617
1780493822.584801,103910,494485,0x0FFF,0.505933,0.208972,-0.989868,0.285962,0.472937,-0.989868,0.175977,0.340955,-0.967871,0.329956,-0.538928,1.209839,0.175977,-0.340955,1.209839,-0.065991,-0.252966,1.264832,0.274963,0.340955,-0.945874,0.175977,0.560925,-0.813892,0.164978,0.417944,-0.824890,0.241968,-0.373950,0.912878,0.142981,-0.241968,1.165845,0.296960,-0.219971,1.242834,103908,494481,-92,107,8241,-14,-3,-23,617
1780493822.586746,103911,494487,0x0FFF,0.560925,0.307959,-0.956873,0.373950,0.373950,-0.868884,0.362952,0.340955,-0.956873,0.263965,-0.648914,1.253833,0.098987,-0.351953,1.077856,-0.065991,-0.219971,1.165845,0.252966,0.362952,-1.022864,0.186975,0.340955,-0.813892,0.065991,0.439941,-0.934875,0.340955,-0.318958,1.055859,0.120984,-0.219971,1.132849,0.230969,-0.164978,1.231836,103908,494481,-92,107,8241,-14,-3,-23,617
1780493822.588793,103913,494489,0x0FFF,0.505933,0.318958,-0.956873,0.340955,0.428943,-0.989868,0.263965,0.329956,-0.835889,0.164978,-0.648914,1.286829,0.021997,-0.417944,1.231836,0.032996,-0.252966,1.242834,0.175977,0.318958,-1.011865,0.197974,0.417944,-0.813892,0.142981,0.450940,-0.901880,0.241968,-0.406946,0.956873,0.065991,-0.362952,1.099854,0.186975,-0.186975,1.088855,103912,494487,-92,112,8240,-15,-2,-22,633
1780493822.591887,103914,494491,0x0FFF,0.494934,0.373950,-0.967871,0.340955,0.384949,-0.879883,0.186975,0.395947,-0.890881,0.109985,-0.648914,1.198840,0.164978,-0.340955,1.275830,0.000000,-0.263965,1.264832,0.252966,0.219971,-1.066858,0.197974,0.472937,-0.736902,0.164978,0.373950,-0.956873,0.296960,-0.615918,1.000867,0.142981,-0.406946,1.110852,0.208972,-0.307959,1.198840,103912,494487,-92,112,8240,-15,-2,-22,633
1780493822.593977,103916,494493,0x0FFF,0.483936,0.318958,-0.945874,0.296960,0.538928,-0.857886,0.230969,0.329956,-0.857886,0.164978,-0.681909,1.198840,0.087988,-0.417944,1.297827,-0.032996,-0.340955,1.209839,0.197974,0.241968,-1.099854,0.241968,0.340955,-0.890881,0.043994,0.395947,-1.000867,0.142981,-0.395947,1.011865,0.010999,-0.318958,1.165845,0.274963,-0.296960,1.220837,103915,494491,-102,101,8228,-16,-2,-21,640
1780493822.596045,103917,494495,0x0FFF,0.461938,0.406946,-1.077856,0.241968,0.494934,-0.879883,0.252966,0.384949,-0.967871,0.373950,-0.681909,1.242834,0.164978,-0.373950,1.231836,0.021997,-0.296960,1.308826,0.164978,0.450940,-1.022864,0.131982,0.450940,-0.868884,0.109985,0.351953,-1.000867,0.329956,-0.417944,1.033862,0.109985,-0.285962,1.198840,0.197974,-0.142981,1.187842,103915,494491,-102,101,8228,-16,-2,-21,640
1780493822.598092,103919,494497,0x0FFF,0.483936,0.384949,-1.033862,0.274963,0.494934,-0.945874,0.252966,0.395947,-0.890881,0.252966,-0.582922,1.176843,0.087988,-0.318958,1.176843,-0.032996,-0.252966,1.253833,0.208972,0.439941,-0.934875,0.219971,0.428943,-0.769897,0.142981,0.406946,-0.901880,0.208972,-0.494934,0.912878,0.131982,-0.351953,1.066858,0.274963,-0.296960,1.176843,103918,494496,-87,108,8224,-17,-6,-20,634
1780493822.600154,103920,494499,0x0FFF,0.450940,0.362952,-0.923877,0.329956,0.505933,-0.846887,0.285962,0.351953,-0.868884,0.263965,-0.505933,1.242834,0.043994,-0.406946,1.242834,0.065991,-0.230969,1.297827,0.252966,0.384949,-0.967871,0.241968,0.406946,-0.670911,0.120984,0.417944,-0.967871,0.197974,-0.450940,0.967871,0.098987,-0.362952,1.198840,0.120984,-0.219971,1.099854,103918,494496,-87,108,8224,-17,-6,-20,634
1780493822.602204,103921,494501,0x0FFF,0.373950,0.318958,-1.055859,0.296960,0.483936,-0.967871,0.384949,0.373950,-0.868884,0.197974,-0.626917,1.253833,0.098987,-0.340955,1.231836,0.043994,-0.263965,1.286829,0.164978,0.208972,-0.923877,0.098987,0.483936,-0.769897,0.153979,0.439941,-0.967871,0.230969,-0.384949,1.022864,0.032996,-0.263965,1.154846,0.098987,-0.307959,1.209839,103918,494496,-87,108,8224,-17,-6,-20,634
1780493822.604240,103923,494503,0x0FFF,0.373950,0.395947,-1.033862,0.362952,0.494934,-0.934875,0.186975,0.384949,-0.978870,0.164978,-0.659912,1.154846,0.109985,-0.395947,1.198840,0.000000,-0.219971,1.264832,0.197974,0.241968,-1.055859,0.175977,0.483936,-0.681909,0.109985,0.417944,-0.846887,0.208972,-0.549927,1.099854,0.065991,-0.263965,1.077856,0.230969,-0.120984,1.143848,103922,494502,-89,110,8230,-18,-2,-19,649
1780493822.606269,103924,494505,0x0FFF,0.384949,0.362952,-0.857886,0.219971,0.538928,-0.923877,0.164978,0.340955,-0.978870,0.241968,-0.692908,1.187842,0.153979,-0.285962,1.341821,-0.010999,-0.241968,1.231836,0.131982,0.230969,-1.011865,0.186975,0.439941,-0.802893,0.043994,0.417944,-0.934875,0.186975,-0.373950,0.989868,0.076990,-0.406946,1.132849,0.175977,-0.131982,1.055859,103922,494502,-89,110,8230,-18,-2,-19,649
1780493822.608283,103926,494508,0x0FFF,0.417944,0.351953,-1.132849,0.296960,0.428943,-0.945874,0.230969,0.329956,-0.956873,0.263965,-0.670911,1.242834,0.197974,-0.384949,1.143848,0.065991,-0.263965,1.242834,0.175977,0.274963,-0.901880,0.263965,0.505933,-0.890881,0.098987,0.417944,-0.945874,0.219971,-0.395947,0.989868,0.076990,-0.439941,1.011865,0.252966,-0.219971,1.209839,103925,494506,-102,120,8227,-17,-3,-22,634
1780493822.610210,103927,494510,0x0FFF,0.428943,0.307959,-1.022864,0.362952,0.439941,-0.890881,0.175977,0.340955,-0.857886,0.340955,-0.648914,1.308826,0.098987,-0.274963,1.187842,0.000000,-0.351953,1.253833,0.208972,0.384949,-0.923877,0.164978,0.384949,-0.725903,0.098987,0.406946,-0.967871,0.164978,-0.406946,1.000867,0.131982,-0.252966,1.088855,0.263965,-0.175977,1.275830,103925,494506,-102,120,8227,-17,-3,-22,634
1780493822.612206,103928,494512,0x0FFF,0.483936,0.439941,-1.055859,0.263965,0.406946,-0.945874,0.252966,0.417944,-0.857886,0.351953,-0.604919,1.110852,0.098987,-0.417944,1.209839,0.010999,-0.384949,1.297827,0.153979,0.241968,-0.989868,0.274963,0.362952,-0.846887,0.153979,0.439941,-0.835889,0.263965,-0.395947,0.945874,0.131982,-0.384949,1.121851,0.164978,-0.252966,1.220837,103925,494506,-102,120,8227,-17,-3,-22,634
1780493822.614209,103930,494514,0x0FFF,0.318958,0.252966,-0.923877,0.230969,0.461938,-0.868884,0.197974,0.384949,-0.989868,0.263965,-0.615918,1.242834,0.098987,-0.351953,1.231836,0.032996,-0.340955,1.308826,0.186975,0.307959,-1.000867,0.197974,0.395947,-0.824890,0.131982,0.351953,-0.868884,0.175977,-0.461938,1.000867,0.120984,-0.329956,1.154846,0.164978,-0.296960,1.253833,103929,494512,-107,114,8232,-16,-2,-20,635
1780493822.616219,103931,494516,0x0FFF,0.417944,0.494934,-0.923877,0.263965,0.461938,-0.890881,0.219971,0.274963,-0.901880,0.296960,-0.637915,1.165845,0.098987,-0.395947,1.132849,0.010999,-0.274963,1.308826,0.153979,0.384949,-0.956873,0.274963,0.263965,-0.747900,0.109985,0.461938,-0.923877,0.241968,-0.505933,1.011865,0.142981,-0.395947,1.154846,0.120984,-0.219971,1.253833,103929,494512,-107,114,8232,-16,-2,-20,635
1780493822.618184,103933,494518,0x0FFF,0.472937,0.406946,-0.923877,0.318958,0.384949,-0.923877,0.208972,0.351953,-0.890881,0.252966,-0.648914,1.242834,0.142981,-0.373950,1.143848,-0.010999,-0.197974,1.330823,0.164978,0.384949,-0.967871,0.219971,0.406946,-0.769897,0.065991,0.516931,-0.890881,0.197974,-0.439941,0.868884,0.120984,-0.395947,1.066858,0.120984,-0.274963,1.176843,103932,494516,-97,124,8247,-15,-4,-22,643
1780493822.620099,103934,494520,0x0FFF,0.417944,0.285962,-0.967871,0.252966,0.571924,-0.879883,0.307959,0.329956,-0.912878,0.230969,-0.571924,1.176843,0.120984,-0.307959,1.143848,0.065991,-0.241968,1.330823,0.142981,0.329956,-1.099854,0.274963,0.384949,-0.846887,0.120984,0.516931,-0.978870,0.208972,-0.428943,0.989868,0.109985,-0.285962,1.066858,0.285962,-0.208972,1.187842,103932,494516,-97,124,8247,-15,-4,-22,643
1780493822.622036,103935,494522,0x0FFF,0.483936,0.362952,-0.923877,0.384949,0.461938,-0.890881,0.263965,0.362952,-0.890881,0.274963,-0.582922,1.209839,0.186975,-0.252966,1.264832,0.043994,-0.186975,1.220837,0.142981,0.274963,-0.934875,0.142981,0.483936,-0.725903,0.186975,0.384949,-0.912878,0.098987,-0.538928,1.011865,0.120984,-0.428943,1.176843,0.208972,-0.208972,1.121851,103932,494516,-97,124,8247,-15,-4,-22,643
1780493822.624115,103937,494524,0x0FFF,0.395947,0.417944,-0.967871,0.307959,0.450940,-0.901880,0.219971,0.274963,-0.868884,0.208972,-0.593921,1.220837,0.109985,-0.252966,1.154846,-0.032996,-0.285962,1.297827,0.153979,0.307959,-0.967871,0.230969,0.395947,-0.802893,0.175977,0.428943,-0.901880,0.076990,-0.417944,1.022864,0.109985,-0.362952,1.143848,0.208972,-0.230969,1.165845,103936,494522,-100,119,8241,-17,-2,-22,638
1780493822.627224,103938,494526,0x0FFF,0.461938,0.373950,-0.890881,0.241968,0.384949,-1.011865,0.241968,0.329956,-0.978870,0.263965,-0.626917,1.253833,0.043994,-0.362952,1.176843,-0.032996,-0.252966,1.209839,0.197974,0.219971,-1.110852,0.153979,0.384949,-0.846887,0.153979,0.417944,-0.923877,0.219971,-0.384949,0.967871,0.164978,-0.241968,1.165845,0.153979,-0.197974,1.110852,103936,494522,-100,119,8241,-17,-2,-22,638
1780493822.629276,103940,494528,0x0FFF,0.362952,0.406946,-0.978870,0.318958,0.307959,-0.945874,0.318958,0.296960,-0.978870,0.318958,-0.582922,1.308826,0.164978,-0.395947,1.264832,0.021997,-0.263965,1.242834,0.285962,0.263965,-0.879883,0.153979,0.450940,-0.813892,0.131982,0.461938,-0.945874,0.164978,-0.439941,0.978870,0.043994,-0.285962,1.154846,0.186975,-0.230969,1.220837,103939,494527,-90,98,8235,-18,-2,-23,633
1780493822.631573,103941,494530,0x0FFF,0.450940,0.318958,-0.934875,0.307959,0.483936,-0.857886,0.373950,0.329956,-0.879883,0.307959,-0.516931,1.286829,0.109985,-0.241968,1.286829,0.054993,-0.263965,1.385815,0.197974,0.274963,-1.055859,0.252966,0.406946,-0.791895,0.208972,0.494934,-0.890881,0.241968,-0.395947,0.989868,0.120984,-0.351953,0.989868,0.142981,-0.230969,1.154846,103939,494527,-90,98,8235,-18,-2,-23,633
1780493822.632524,103943,494533,0x0FFF,0.395947,0.373950,-0.956873,0.296960,0.472937,-0.945874,0.208972,0.296960,-0.901880,0.241968,-0.703906,1.220837,0.175977,-0.274963,1.220837,-0.054993,-0.274963,1.176843,0.131982,0.395947,-0.934875,0.219971,0.384949,-0.791895,0.098987,0.439941,-0.780896,0.241968,-0.505933,1.033862,0.175977,-0.307959,1.198840,0.241968,-0.120984,1.066858,103942,494531,-95,105,8233,-17,-1,-20,638
1780493822.635591,103944,494535,0x0FFF,0.483936,0.505933,-0.978870,0.252966,0.549927,-0.978870,0.208972,0.340955,-0.846887,0.164978,-0.582922,1.165845,0.153979,-0.329956,1.165845,0.054993,-0.230969,1.242834,0.153979,0.274963,-0.978870,0.120984,0.450940,-0.945874,0.065991,0.351953,-0.912878,0.230969,-0.483936,0.978870,0.054993,-0.395947,1.209839,0.142981,-0.241968,1.165845,103942,494531,-95,105,8233,-17,-1,-20,638
1780493822.637652,103945,494537,0x0FFF,0.560925,0.428943,-1.011865,0.307959,0.406946,-0.934875,0.307959,0.406946,-0.890881,0.340955,-0.593921,1.154846,0.142981,-0.395947,1.154846,0.043994,-0.186975,1.220837,0.263965,0.285962,-1.022864,0.208972,0.472937,-0.857886,0.109985,0.450940,-0.989868,0.197974,-0.450940,1.044861,0.098987,-0.395947,1.099854,0.285962,-0.142981,1.187842,103942,494531,-95,105,8233,-17,-1,-20,638
1780493822.639759,103947,494539,0x0FFF,0.461938,0.406946,-0.978870,0.252966,0.461938,-0.846887,0.263965,0.318958,-0.835889,0.318958,-0.681909,1.308826,0.153979,-0.296960,1.319824,-0.043994,-0.274963,1.308826,0.241968,0.329956,-1.055859,0.252966,0.417944,-0.879883,0.252966,0.472937,-0.989868,0.241968,-0.417944,1.066858,0.109985,-0.351953,1.121851,0.186975,-0.186975,1.264832,103946,494537,-92,118,8232,-17,1,-15,637
1780493822.641747,103948,494541,0x0FFF,0.329956,0.395947,-0.945874,0.307959,0.549927,-0.879883,0.329956,0.362952,-0.857886,0.307959,-0.648914,1.165845,0.131982,-0.318958,1.165845,0.043994,-0.340955,1.198840,0.208972,0.230969,-1.066858,0.175977,0.395947,-0.813892,0.197974,0.395947,-0.967871,0.208972,-0.307959,0.989868,0.043994,-0.274963,1.077856,0.153979,-0.241968,1.143848,103946,494537,-92,118,8232,-17,1,-15,637
1780493822.643716,103950,494543,0x0FFF,0.494934,0.406946,-1.000867,0.230969,0.538928,-0.967871,0.219971,0.230969,-0.890881,0.241968,-0.593921,1.143848,0.131982,-0.362952,1.330823,0.098987,-0.164978,1.341821,0.054993,0.274963,-0.945874,0.109985,0.307959,-0.879883,0.175977,0.450940,-0.945874,0.263965,-0.351953,1.055859,0.087988,-0.307959,1.121851,0.164978,-0.208972,1.110852,103949,494541,-96,121,8231,-14,-3,-23,643
1780493822.645603,103951,494545,0x0FFF,0.406946,0.307959,-0.934875,0.296960,0.461938,-0.934875,0.285962,0.351953,-1.000867,0.241968,-0.615918,1.231836,0.175977,-0.373950,1.297827,0.054993,-0.208972,1.242834,0.164978,0.351953,-0.967871,0.131982,0.428943,-0.868884,0.208972,0.472937,-0.846887,0.263965,-0.406946,0.868884,0.098987,-0.373950,1.220837,0.164978,-0.241968,1.264832,103949,494541,-96,121,8231,-14,-3,-23,643
1780493822.647593,103952,494547,0x0FFF,0.494934,0.252966,-0.978870,0.252966,0.560925,-0.934875,0.307959,0.263965,-0.901880,0.241968,-0.670911,1.220837,0.241968,-0.351953,1.363818,0.010999,-0.384949,1.154846,0.252966,0.329956,-0.923877,0.252966,0.472937,-0.780896,0.120984,0.406946,-0.923877,0.230969,-0.351953,0.989868,0.164978,-0.318958,1.154846,0.120984,-0.197974,1.209839,103949,494541,-96,121,8231,-14,-3,-23,643
1780493822.649593,103954,494549,0x0FFF,0.373950,0.274963,-0.912878,0.307959,0.450940,-0.978870,0.131982,0.197974,-1.011865,0.274963,-0.681909,1.132849,0.120984,-0.384949,1.176843,0.021997,-0.373950,1.275830,0.197974,0.274963,-0.989868,0.208972,0.483936,-0.692908,0.197974,0.329956,-0.945874,0.208972,-0.450940,1.077856,0.197974,-0.351953,1.099854,0.120984,-0.186975,1.231836,103953,494547,-87,123,8227,-16,-2,-23,632
1780493822.651603,103955,494551,0x0FFF,0.461938,0.428943,-1.110852,0.252966,0.494934,-0.934875,0.219971,0.362952,-0.868884,0.241968,-0.538928,1.154846,0.087988,-0.263965,1.209839,-0.054993,-0.274963,1.275830,0.230969,0.296960,-0.989868,0.274963,0.406946,-0.868884,0.142981,0.362952,-0.868884,0.285962,-0.362952,0.989868,0.054993,-0.274963,1.121851,0.197974,-0.098987,1.209839,103953,494547,-87,123,8227,-16,-2,-23,632
1780493822.653621,103957,494553,0x0FFF,0.538928,0.263965,-0.967871,0.318958,0.516931,-0.934875,0.307959,0.395947,-0.890881,0.296960,-0.648914,1.253833,0.164978,-0.373950,1.165845,0.076990,-0.131982,1.363818,0.263965,0.351953,-1.011865,0.153979,0.494934,-0.791895,0.131982,0.483936,-1.000867,0.252966,-0.461938,0.923877,0.175977,-0.329956,1.066858,0.197974,-0.208972,1.242834,103956,494552,-99,110,8235,-15,-6,-21,637
1780493822.655597,103959,494555,0x0FFF,0.417944,0.318958,-1.022864,0.318958,0.406946,-0.857886,0.241968,0.362952,-0.857886,0.186975,-0.681909,1.165845,0.109985,-0.362952,1.264832,-0.010999,-0.296960,1.231836,0.252966,0.351953,-0.934875,0.296960,0.439941,-0.956873,0.164978,0.428943,-0.967871,0.186975,-0.527930,1.000867,0.186975,-0.351953,1.110852,0.274963,-0.241968,1.154846,103956,494552,-99,110,8235,-15,-6,-21,637
1780493822.657559,103961,494558,0x0FFF,0.505933,0.340955,-0.945874,0.219971,0.472937,-0.956873,0.208972,0.296960,-0.901880,0.142981,-0.626917,1.297827,0.109985,-0.395947,1.209839,0.010999,-0.340955,1.341821,0.186975,0.263965,-0.989868,0.241968,0.472937,-0.824890,0.142981,0.439941,-0.923877,0.274963,-0.494934,1.066858,0.065991,-0.494934,1.176843,0.197974,-0.241968,1.231836,103960,494556,-101,118,8242,-17,-3,-22,637
1780493822.660585,103962,494560,0x0FFF,0.362952,0.307959,-1.011865,0.307959,0.615918,-0.912878,0.230969,0.362952,-0.879883,0.219971,-0.637915,1.264832,0.109985,-0.329956,1.242834,0.021997,-0.175977,1.429810,0.153979,0.318958,-0.945874,0.197974,0.450940,-0.813892,0.076990,0.417944,-0.879883,0.098987,-0.395947,0.912878,0.032996,-0.219971,1.165845,0.175977,-0.087988,1.231836,103960,494556,-101,118,8242,-17,-3,-22,637
1780493822.662681,103963,494562,0x0FFF,0.384949,0.351953,-1.033862,0.329956,0.538928,-0.989868,0.285962,0.373950,-0.890881,0.263965,-0.681909,1.319824,0.065991,-0.362952,1.154846,0.076990,-0.120984,1.363818,0.120984,0.307959,-1.011865,0.142981,0.373950,-0.824890,0.065991,0.208972,-0.989868,0.186975,-0.472937,1.033862,0.098987,-0.318958,1.132849,0.164978,-0.274963,1.198840,103960,494556,-101,118,8242,-17,-3,-22,637
1780493822.664713,103965,494564,0x0FFF,0.538928,0.307959,-0.879883,0.406946,0.527930,-1.011865,0.340955,0.329956,-0.868884,0.274963,-0.692908,1.286829,0.186975,-0.373950,1.319824,0.021997,-0.307959,1.319824,0.120984,0.351953,-1.022864,0.197974,0.318958,-0.758899,0.241968,0.384949,-0.901880,0.263965,-0.417944,0.978870,0.065991,-0.252966,1.165845,0.065991,-0.164978,1.286829,103964,494562,-103,112,8226,-16,-1,-21,627
1780493822.666791,103966,494566,0x0FFF,0.494934,0.395947,-1.022864,0.274963,0.417944,-0.923877,0.208972,0.219971,-0.835889,0.252966,-0.560925,1.209839,0.054993,-0.252966,1.176843,0.076990,-0.340955,1.220837,0.318958,0.461938,-0.945874,0.197974,0.395947,-0.890881,0.164978,0.483936,-0.945874,0.197974,-0.428943,1.044861,0.054993,-0.285962,1.220837,0.131982,-0.230969,1.143848,103964,494562,-103,112,8226,-16,-1,-21,627
1780493822.668804,103968,494568,0x0FFF,0.417944,0.296960,-1.000867,0.362952,0.417944,-1.022864,0.208972,0.340955,-1.000867,0.340955,-0.648914,1.253833,0.087988,-0.318958,1.198840,0.087988,-0.351953,1.385815,0.252966,0.329956,-0.978870,0.241968,0.318958,-0.824890,0.142981,0.494934,-0.846887,0.186975,-0.417944,1.099854,0.164978,-0.329956,1.121851,0.153979,-0.219971,1.121851,103967,494566,-97,108,8237,-16,-1,-22,636
1780493822.670767,103969,494570,0x0FFF,0.472937,0.307959,-1.000867,0.329956,0.461938,-0.956873,0.230969,0.296960,-0.923877,0.219971,-0.626917,1.187842,0.164978,-0.307959,1.209839,0.010999,-0.274963,1.231836,0.186975,0.307959,-1.044861,0.098987,0.351953,-0.747900,0.186975,0.472937,-0.923877,0.164978,-0.582922,1.044861,0.109985,-0.351953,1.143848,0.208972,-0.197974,1.275830,103967,494566,-97,108,8237,-16,-1,-22,636
1780493822.672845,103970,494572,0x0FFF,0.516931,0.395947,-0.956873,0.307959,0.549927,-0.835889,0.230969,0.329956,-0.835889,0.241968,-0.604919,1.264832,0.087988,-0.351953,1.319824,0.076990,-0.208972,1.363818,0.197974,0.329956,-0.835889,0.197974,0.450940,-0.714905,0.076990,0.318958,-0.824890,0.175977,-0.428943,0.967871,0.087988,-0.340955,1.286829,0.109985,-0.274963,1.209839,103967,494566,-97,108,8237,-16,-1,-22,636
1780493822.674861,103972,494574,0x0FFF,0.395947,0.340955,-0.934875,0.318958,0.340955,-1.066858,0.197974,0.351953,-0.824890,0.296960,-0.549927,1.330823,0.065991,-0.285962,1.242834,0.109985,-0.197974,1.253833,0.208972,0.362952,-1.055859,0.142981,0.395947,-0.868884,0.197974,0.373950,-0.901880,0.340955,-0.450940,1.000867,0.109985,-0.329956,1.099854,0.175977,-0.329956,1.077856,103971,494572,-89,110,8237,-16,-1,-23,637
1780493822.676900,103973,494576,0x0FFF,0.472937,0.406946,-0.890881,0.296960,0.384949,-0.890881,0.208972,0.340955,-0.857886,0.186975,-0.626917,1.286829,0.120984,-0.296960,1.143848,-0.054993,-0.318958,1.352820,0.208972,0.296960,-1.022864,0.164978,0.373950,-0.769897,0.241968,0.483936,-0.813892,0.307959,-0.395947,0.956873,0.164978,-0.252966,1.121851,0.153979,-0.274963,1.088855,103971,494572,-89,110,8237,-16,-1,-23,637
1780493822.679004,103975,494578,0x0FFF,0.439941,0.384949,-0.879883,0.296960,0.494934,-0.912878,0.263965,0.384949,-0.780896,0.296960,-0.571924,1.198840,0.164978,-0.362952,1.264832,-0.043994,-0.219971,1.209839,0.208972,0.307959,-1.022864,0.263965,0.395947,-0.857886,0.109985,0.461938,-1.033862,0.241968,-0.472937,0.989868,0.142981,-0.373950,1.165845,0.153979,-0.197974,1.275830,103974,494577,-99,117,8236,-17,-4,-21,632
1780493822.680988,103976,494580,0x0FFF,0.461938,0.373950,-0.956873,0.351953,0.450940,-0.978870,0.175977,0.263965,-0.956873,0.263965,-0.560925,1.154846,0.120984,-0.362952,1.198840,0.087988,-0.164978,1.253833,0.263965,0.307959,-0.978870,0.175977,0.274963,-0.890881,0.087988,0.384949,-0.802893,0.164978,-0.461938,1.044861,0.120984,-0.373950,1.044861,0.219971,-0.142981,1.176843,103974,494577,-99,117,8236,-17,-4,-21,632
1780493822.682994,103978,494583,0x0FFF,0.351953,0.406946,-1.044861,0.263965,0.439941,-0.912878,0.208972,0.384949,-0.890881,0.241968,-0.538928,1.253833,0.175977,-0.373950,1.187842,0.109985,-0.252966,1.286829,0.230969,0.274963,-0.901880,0.164978,0.329956,-0.912878,0.153979,0.472937,-0.923877,0.219971,-0.483936,0.945874,0.186975,-0.351953,1.165845,0.120984,-0.263965,1.077856,103977,494581,-98,109,8225,-17,-3,-20,641
1780493822.684911,103979,494585,0x0FFF,0.549927,0.285962,-0.912878,0.296960,0.483936,-0.934875,0.252966,0.351953,-0.879883,0.164978,-0.604919,1.187842,0.032996,-0.307959,1.275830,0.087988,-0.241968,1.319824,0.153979,0.406946,-1.022864,0.142981,0.461938,-0.901880,0.076990,0.395947,-0.835889,0.219971,-0.527930,0.890881,0.175977,-0.373950,1.253833,0.175977,-0.153979,1.143848,103977,494581,-98,109,8225,-17,-3,-20,641
1780493822.686924,103980,494587,0x0FFF,0.483936,0.351953,-1.110852,0.373950,0.461938,-0.923877,0.186975,0.373950,-1.033862,0.142981,-0.571924,1.352820,0.197974,-0.428943,1.220837,-0.010999,-0.241968,1.253833,0.197974,0.274963,-0.956873,0.131982,0.428943,-0.780896,0.098987,0.428943,-0.879883,0.175977,-0.373950,1.022864,0.109985,-0.285962,1.154846,0.197974,-0.208972,1.231836,103977,494581,-98,109,8225,-17,-3,-20,641
1780493822.688890,103982,494589,0x0FFF,0.351953,0.384949,-0.901880,0.329956,0.472937,-0.846887,0.285962,0.307959,-0.901880,0.296960,-0.637915,1.176843,0.098987,-0.329956,1.132849,0.032996,-0.274963,1.220837,0.098987,0.351953,-0.978870,0.197974,0.252966,-0.758899,0.109985,0.340955,-0.923877,0.263965,-0.450940,0.956873,0.219971,-0.362952,1.055859,0.131982,-0.197974,1.253833,103981,494587,-97,110,8239,-14,-5,-18,627
1780493822.692004,103983,494591,0x0FFF,0.538928,0.362952,-1.022864,0.296960,0.450940,-0.868884,0.197974,0.472937,-0.901880,0.197974,-0.604919,1.220837,0.131982,-0.406946,1.198840,0.065991,-0.296960,1.253833,0.164978,0.439941,-1.055859,0.219971,0.439941,-0.780896,0.208972,0.494934,-0.901880,0.153979,-0.494934,0.967871,0.032996,-0.362952,1.143848,0.153979,-0.142981,1.231836,103981,494587,-97,110,8239,-14,-5,-18,627
1780493822.692924,103985,494593,0x0FFF,0.494934,0.296960,-1.055859,0.197974,0.538928,-0.945874,0.109985,0.362952,-1.044861,0.252966,-0.648914,1.209839,0.076990,-0.340955,1.275830,0.032996,-0.285962,1.253833,0.153979,0.219971,-0.978870,0.230969,0.373950,-0.758899,0.098987,0.439941,-1.011865,0.109985,-0.395947,1.022864,0.164978,-0.186975,1.154846,0.208972,-0.241968,1.110852,103984,494591,-95,112,8244,-15,1,-22,631
1780493822.695942,103986,494595,0x0FFF,0.483936,0.384949,-1.011865,0.307959,0.428943,-0.923877,0.208972,0.307959,-0.956873,0.241968,-0.659912,1.297827,0.021997,-0.307959,1.341821,0.087988,-0.208972,1.286829,0.186975,0.285962,-1.011865,0.175977,0.439941,-0.824890,0.109985,0.318958,-1.022864,0.186975,-0.461938,1.044861,0.087988,-0.428943,1.022864,0.153979,-0.208972,1.165845,103984,494591,-95,112,8244,-15,1,-22,631
1780493822.697991,103987,494597,0x0FFF,0.483936,0.340955,-1.055859,0.219971,0.516931,-0.857886,0.175977,0.340955,-0.912878,0.362952,-0.582922,1.264832,0.076990,-0.351953,1.154846,0.054993,-0.241968,1.286829,0.208972,0.428943,-0.989868,0.142981,0.395947,-0.813892,0.175977,0.483936,-0.879883,0.164978,-0.395947,1.011865,0.164978,-0.406946,1.121851,0.285962,-0.230969,1.242834,103984,494591,-95,112,8244,-15,1,-22,631
1780493822.700028,103989,494599,0x0FFF,0.505933,0.329956,-0.978870,0.318958,0.439941,-0.956873,0.175977,0.340955,-1.000867,0.296960,-0.648914,1.165845,0.142981,-0.483936,1.253833,0.043994,-0.164978,1.308826,0.131982,0.439941,-0.901880,0.131982,0.450940,-0.835889,0.098987,0.439941,-0.890881,0.263965,-0.461938,0.956873,0.131982,-0.373950,1.187842,0.175977,-0.329956,1.187842,103988,494597,-93,97,8242,-14,-1,-21,640
1780493822.702108,103990,494601,0x0FFF,0.527930,0.384949,-0.978870,0.285962,0.461938,-0.989868,0.252966,0.395947,-0.813892,0.351953,-0.648914,1.253833,0.021997,-0.384949,1.220837,-0.032996,-0.362952,1.297827,0.208972,0.318958,-1.000867,0.197974,0.395947,-0.813892,0.120984,0.395947,-0.890881,0.164978,-0.560925,0.923877,0.109985,-0.340955,1.154846,0.043994,-0.186975,1.077856,103988,494597,-93,97,8242,-14,-1,-21,640
1780493822.704125,103992,494603,0x0FFF,0.439941,0.450940,-0.945874,0.296960,0.527930,-0.857886,0.230969,0.406946,-0.912878,0.296960,-0.604919,1.220837,0.186975,-0.395947,1.110852,0.131982,-0.219971,1.341821,0.274963,0.285962,-0.956873,0.197974,0.362952,-0.769897,0.186975,0.494934,-0.868884,0.274963,-0.362952,1.033862,0.109985,-0.263965,1.231836,0.175977,-0.208972,1.187842,103991,494602,-100,93,8240,-15,-2,-17,641
1780493822.706178,103993,494605,0x0FFF,0.472937,0.296960,-0.945874,0.307959,0.461938,-0.912878,0.109985,0.439941,-1.000867,0.142981,-0.604919,1.253833,0.142981,-0.417944,1.198840,0.032996,-0.329956,1.264832,0.197974,0.340955,-0.945874,0.252966,0.406946,-0.802893,0.120984,0.428943,-1.000867,0.318958,-0.472937,1.000867,0.098987,-0.340955,1.055859,0.098987,-0.087988,1.110852,103991,494602,-100,93,8240,-15,-2,-17,641
1780493822.708246,103995,494608,0x0FFF,0.461938,0.395947,-0.901880,0.285962,0.538928,-0.989868,0.285962,0.351953,-0.901880,0.219971,-0.681909,1.242834,0.032996,-0.395947,1.231836,0.054993,-0.241968,1.275830,0.285962,0.351953,-0.956873,0.208972,0.406946,-0.802893,0.076990,0.384949,-0.901880,0.252966,-0.461938,0.956873,0.175977,-0.307959,1.231836,0.164978,-0.307959,1.209839,103994,494606,-95,110,8233,-17,-5,-20,633
1780493822.710238,103996,494610,0x0FFF,0.417944,0.340955,-0.945874,0.263965,0.549927,-0.945874,0.219971,0.351953,-0.868884,0.362952,-0.604919,1.132849,0.087988,-0.296960,1.275830,0.065991,-0.263965,1.264832,0.340955,0.296960,-0.901880,0.120984,0.373950,-0.857886,0.142981,0.439941,-0.890881,0.296960,-0.406946,1.077856,0.153979,-0.329956,1.165845,0.186975,-0.230969,1.143848,103994,494606,-95,110,8233,-17,-5,-20,633
1780493822.712263,103997,494612,0x0FFF,0.527930,0.395947,-0.934875,0.197974,0.516931,-0.934875,0.307959,0.384949,-0.989868,0.274963,-0.582922,1.220837,0.021997,-0.406946,1.220837,0.021997,-0.197974,1.209839,0.241968,0.296960,-0.978870,0.230969,0.362952,-0.824890,0.142981,0.483936,-0.934875,0.241968,-0.461938,0.956873,0.164978,-0.329956,1.187842,0.197974,-0.241968,1.121851,103994,494606,-95,110,8233,-17,-5,-20,633
1780493822.714264,103999,494614,0x0FFF,0.472937,0.395947,-0.978870,0.296960,0.582922,-0.868884,0.362952,0.329956,-0.934875,0.274963,-0.659912,1.253833,0.076990,-0.296960,1.220837,0.076990,-0.274963,1.264832,0.274963,0.296960,-1.022864,0.197974,0.461938,-0.747900,0.120984,0.461938,-0.835889,0.109985,-0.406946,0.978870,-0.021997,-0.340955,1.209839,0.274963,-0.164978,1.231836,103998,494612,-91,107,8243,-17,-3,-20,645
1780493822.716320,104000,494616,0x0FFF,0.538928,0.351953,-1.011865,0.329956,0.494934,-0.934875,0.241968,0.351953,-0.879883,0.252966,-0.637915,1.220837,0.175977,-0.318958,1.253833,0.054993,-0.406946,1.308826,0.175977,0.329956,-0.945874,0.230969,0.362952,-0.835889,0.164978,0.472937,-0.956873,0.274963,-0.395947,0.945874,0.087988,-0.362952,1.165845,0.175977,-0.252966,1.198840,103998,494612,-91,107,8243,-17,-3,-20,645
1780493822.718453,104002,494618,0x0FFF,0.483936,0.505933,-0.989868,0.263965,0.395947,-0.901880,0.208972,0.373950,-0.846887,0.296960,-0.659912,1.264832,0.142981,-0.428943,1.330823,0.021997,-0.252966,1.242834,0.164978,0.318958,-1.022864,0.230969,0.406946,-0.868884,0.208972,0.560925,-0.989868,0.175977,-0.395947,1.033862,0.109985,-0.417944,1.143848,0.175977,-0.208972,1.220837,104001,494616,-97,119,8245,-17,-4,-21,644
1780493822.720397,104003,494620,0x0FFF,0.505933,0.428943,-0.945874,0.230969,0.593921,-0.802893,0.274963,0.241968,-0.846887,0.296960,-0.670911,1.176843,0.175977,-0.219971,1.363818,0.021997,-0.285962,1.242834,0.230969,0.362952,-0.912878,0.219971,0.439941,-0.813892,0.153979,0.461938,-0.978870,0.219971,-0.461938,1.066858,0.043994,-0.329956,1.187842,0.098987,-0.241968,1.209839,104001,494616,-97,119,8245,-17,-4,-21,644
1780493822.722456,104004,494622,0x0FFF,0.494934,0.296960,-0.956873,0.274963,0.527930,-1.121851,0.307959,0.373950,-0.912878,0.252966,-0.670911,1.121851,0.120984,-0.351953,1.275830,0.032996,-0.296960,1.253833,0.197974,0.340955,-0.978870,0.197974,0.450940,-0.835889,0.065991,0.516931,-0.901880,0.219971,-0.505933,1.000867,0.120984,-0.274963,1.198840,0.175977,-0.087988,1.264832,104001,494616,-97,119,8245,-17,-4,-21,644
1780493822.724448,104006,494624,0x0FFF,0.593921,0.329956,-0.945874,0.197974,0.428943,-0.967871,0.197974,0.340955,-0.967871,0.285962,-0.604919,1.220837,0.131982,-0.318958,1.187842,0.010999,-0.263965,1.209839,0.230969,0.395947,-0.923877,0.263965,0.428943,-0.802893,0.175977,0.483936,-0.956873,0.142981,-0.494934,0.857886,0.010999,-0.252966,1.154846,0.241968,-0.208972,1.209839,104005,494622,-98,108,8233,-18,-3,-24,624
1780493822.726879,104007,494626,0x0FFF,0.373950,0.351953,-0.956873,0.296960,0.527930,-0.934875,0.197974,0.274963,-0.923877,0.263965,-0.692908,1.220837,-0.010999,-0.384949,1.165845,0.000000,-0.241968,1.264832,0.241968,0.274963,-0.934875,0.252966,0.362952,-0.791895,0.120984,0.516931,-0.923877,0.241968,-0.351953,0.912878,0.142981,-0.340955,1.253833,0.252966,-0.153979,1.154846,104005,494622,-98,108,8233,-18,-3,-24,624
1780493822.728968,104009,494628,0x0FFF,0.406946,0.252966,-1.044861,0.208972,0.483936,-1.022864,0.208972,0.395947,-0.912878,0.164978,-0.670911,1.132849,0.186975,-0.406946,1.176843,0.043994,-0.252966,1.220837,0.230969,0.307959,-1.077856,0.142981,0.351953,-0.901880,0.087988,0.307959,-0.901880,0.263965,-0.450940,1.011865,0.175977,-0.296960,1.165845,0.186975,-0.065991,1.187842,104008,494627,-106,112,8235,-15,1,-20,637
1780493822.730785,104010,494630,0x0FFF,0.516931,0.285962,-0.923877,0.307959,0.472937,-0.879883,0.153979,0.417944,-0.923877,0.230969,-0.659912,1.176843,0.153979,-0.307959,1.220837,0.000000,-0.219971,1.308826,0.241968,0.307959,-0.879883,0.197974,0.395947,-0.747900,0.153979,0.373950,-0.923877,0.208972,-0.516931,0.934875,0.076990,-0.329956,1.110852,0.208972,-0.153979,1.154846,104008,494627,-106,112,8235,-15,1,-20,637
1780493822.732617,104011,494633,0x0FFF,0.417944,0.373950,-1.077856,0.175977,0.428943,-0.945874,0.252966,0.318958,-0.912878,0.208972,-0.637915,1.220837,0.120984,-0.296960,1.275830,0.010999,-0.219971,1.385815,0.164978,0.296960,-0.945874,0.241968,0.428943,-0.890881,0.186975,0.472937,-0.857886,0.142981,-0.395947,1.011865,0.032996,-0.384949,1.187842,0.197974,-0.054993,1.110852,104008,494627,-106,112,8235,-15,1,-20,637
1780493822.734463,104013,494635,0x0FFF,0.428943,0.318958,-0.989868,0.219971,0.362952,-0.890881,0.197974,0.373950,-0.956873,0.241968,-0.560925,1.209839,0.142981,-0.351953,1.275830,-0.032996,-0.230969,1.341821,0.197974,0.340955,-0.945874,0.164978,0.329956,-0.890881,0.131982,0.428943,-0.956873,0.197974,-0.428943,1.033862,0.076990,-0.384949,1.198840,0.120984,-0.142981,1.209839,104012,494633,-111,116,8230,-14,-2,-23,643
1780493822.737473,104014,494637,0x0FFF,0.472937,0.329956,-1.077856,0.384949,0.428943,-1.055859,0.153979,0.307959,-0.879883,0.164978,-0.604919,1.275830,0.032996,-0.472937,1.231836,0.043994,-0.296960,1.363818,0.351953,0.296960,-0.945874,0.186975,0.340955,-0.791895,0.109985,0.450940,-0.835889,0.208972,-0.417944,0.846887,0.142981,-0.296960,1.110852,0.208972,-0.274963,1.264832,104012,494633,-111,116,8230,-14,-2,-23,643
1780493822.739403,104016,494639,0x0FFF,0.472937,0.318958,-1.022864,0.373950,0.505933,-0.901880,0.120984,0.274963,-0.923877,0.219971,-0.648914,1.209839,0.208972,-0.318958,1.264832,0.043994,-0.241968,1.341821,0.285962,0.450940,-0.967871,0.208972,0.395947,-0.670911,0.109985,0.472937,-0.846887,0.164978,-0.362952,0.879883,0.120984,-0.263965,1.187842,0.000000,-0.186975,1.253833,104015,494637,-107,111,8246,-15,-3,-19,637
1780493822.741360,104017,494641,0x0FFF,0.439941,0.373950,-1.044861,0.362952,0.450940,-0.956873,0.340955,0.285962,-0.857886,0.263965,-0.472937,1.264832,0.186975,-0.417944,1.264832,0.021997,-0.340955,1.297827,0.153979,0.307959,-1.000867,0.153979,0.351953,-0.846887,0.142981,0.483936,-0.945874,0.241968,-0.472937,1.033862,0.164978,-0.395947,1.143848,0.098987,-0.131982,1.187842,104015,494637,-107,111,8246,-15,-3,-19,637
1780493822.743269,104019,494643,0x0FFF,0.450940,0.351953,-1.022864,0.219971,0.450940,-0.901880,0.208972,0.395947,-0.945874,0.263965,-0.703906,1.275830,0.109985,-0.384949,1.143848,0.000000,-0.197974,1.253833,0.252966,0.384949,-0.923877,0.186975,0.351953,-0.835889,0.175977,0.461938,-0.868884,0.197974,-0.417944,0.912878,0.076990,-0.241968,1.121851,0.230969,-0.131982,1.132849,104018,494641,-97,101,8237,-15,-3,-20,640
1780493822.745149,104020,494645,0x0FFF,0.428943,0.373950,-0.989868,0.285962,0.516931,-0.824890,0.208972,0.208972,-0.912878,0.340955,-0.604919,1.154846,0.065991,-0.340955,1.264832,-0.120984,-0.285962,1.330823,0.208972,0.274963,-0.956873,0.285962,0.406946,-0.824890,0.109985,0.417944,-0.956873,0.230969,-0.472937,1.011865,0.098987,-0.417944,1.143848,0.175977,-0.296960,1.220837,104018,494641,-97,101,8237,-15,-3,-20,640
1780493822.747071,104021,494647,0x0FFF,0.406946,0.351953,-0.989868,0.208972,0.439941,-0.956873,0.263965,0.340955,-0.945874,0.252966,-0.626917,1.220837,0.021997,-0.417944,1.176843,0.000000,-0.252966,1.242834,0.285962,0.340955,-1.033862,0.219971,0.252966,-0.824890,0.065991,0.417944,-0.978870,0.285962,-0.593921,1.022864,0.208972,-0.340955,1.220837,0.120984,-0.109985,1.143848,104018,494641,-97,101,8237,-15,-3,-20,640
1780493822.749125,104023,494649,0x0FFF,0.450940,0.351953,-0.978870,0.252966,0.417944,-0.934875,0.208972,0.285962,-0.912878,0.241968,-0.615918,1.198840,0.120984,-0.362952,1.297827,-0.065991,-0.263965,1.297827,0.219971,0.428943,-0.901880,0.153979,0.494934,-0.747900,0.109985,0.461938,-0.824890,0.285962,-0.472937,0.923877,0.120984,-0.274963,1.121851,0.098987,-0.175977,1.264832,104022,494647,-98,123,8237,-17,-3,-20,637
1780493822.752244,104024,494651,0x0FFF,0.384949,0.318958,-0.934875,0.296960,0.483936,-0.956873,0.274963,0.351953,-0.868884,0.186975,-0.560925,1.154846,0.164978,-0.428943,1.352820,0.098987,-0.186975,1.297827,0.186975,0.340955,-0.846887,0.164978,0.439941,-0.857886,0.175977,0.494934,-0.923877,0.340955,-0.494934,1.033862,0.208972,-0.208972,1.143848,0.164978,-0.175977,1.242834,104022,494647,-98,123,8237,-17,-3,-20,637
1780493822.754277,104026,494653,0x0FFF,0.483936,0.296960,-0.978870,0.285962,0.428943,-0.945874,0.175977,0.329956,-0.967871,0.164978,-0.626917,1.143848,0.098987,-0.373950,1.275830,0.032996,-0.230969,1.275830,0.340955,0.329956,-0.989868,0.087988,0.472937,-0.813892,0.120984,0.395947,-0.879883,0.175977,-0.417944,1.000867,0.175977,-0.395947,1.132849,0.197974,-0.164978,1.253833,104025,494652,-101,97,8240,-18,0,-20,638
1780493822.756255,104027,494655,0x0FFF,0.461938,0.318958,-0.967871,0.373950,0.472937,-0.879883,0.274963,0.318958,-0.945874,0.252966,-0.582922,1.099854,0.021997,-0.318958,1.198840,-0.021997,-0.450940,1.297827,0.186975,0.219971,-1.044861,0.120984,0.351953,-0.890881,0.142981,0.428943,-0.846887,0.208972,-0.307959,1.000867,0.186975,-0.285962,1.099854,0.175977,-0.142981,1.220837,104025,494652,-101,97,8240,-18,0,-20,638
1780493822.758419,104028,494658,0x0FFF,0.340955,0.340955,-1.044861,0.362952,0.406946,-0.857886,0.307959,0.329956,-0.879883,0.285962,-0.659912,1.209839,0.032996,-0.417944,1.231836,0.076990,-0.263965,1.275830,0.175977,0.285962,-1.044861,0.186975,0.395947,-0.758899,0.219971,0.439941,-0.956873,0.219971,-0.406946,0.956873,0.230969,-0.285962,1.143848,0.241968,-0.230969,1.231836,104025,494652,-101,97,8240,-18,0,-20,638
1780493822.760456,104030,494660,0x0FFF,0.494934,0.417944,-0.967871,0.384949,0.461938,-1.022864,0.241968,0.395947,-0.901880,0.208972,-0.681909,1.253833,0.065991,-0.373950,1.143848,-0.076990,-0.230969,1.308826,0.285962,0.406946,-1.000867,0.230969,0.351953,-0.791895,0.164978,0.406946,-0.923877,0.230969,-0.373950,0.956873,0.065991,-0.252966,1.242834,0.175977,-0.109985,1.220837,104029,494658,-95,119,8239,-17,-2,-19,632
1780493822.762594,104031,494662,0x0FFF,0.505933,0.395947,-0.912878,0.318958,0.527930,-0.945874,0.219971,0.296960,-0.901880,0.285962,-0.571924,1.275830,0.021997,-0.219971,1.363818,-0.021997,-0.285962,1.275830,0.219971,0.285962,-1.077856,0.230969,0.494934,-0.835889,0.076990,0.494934,-0.890881,0.120984,-0.450940,0.956873,0.043994,-0.296960,1.143848,0.142981,-0.263965,1.209839,104029,494658,-95,119,8239,-17,-2,-19,632
1780493822.764582,104033,494664,0x0FFF,0.417944,0.362952,-0.934875,0.296960,0.505933,-0.846887,0.285962,0.351953,-1.000867,0.252966,-0.582922,1.220837,0.186975,-0.362952,1.209839,0.054993,-0.329956,1.352820,0.197974,0.252966,-1.011865,0.175977,0.450940,-0.802893,0.164978,0.516931,-0.923877,0.241968,-0.494934,1.033862,0.076990,-0.274963,1.209839,0.219971,-0.439941,1.242834,104032,494662,-93,113,8249,-18,-4,-20,643
1780493822.766585,104034,494666,0x0FFF,0.395947,0.417944,-1.000867,0.307959,0.461938,-1.044861,0.175977,0.285962,-0.967871,0.285962,-0.604919,1.297827,0.087988,-0.384949,1.165845,-0.043994,-0.296960,1.198840,0.274963,0.285962,-0.978870,0.197974,0.406946,-0.857886,0.054993,0.373950,-0.879883,0.186975,-0.417944,0.967871,0.120984,-0.208972,1.220837,0.098987,-0.109985,1.253833,104032,494662,-93,113,8249,-18,-4,-20,643
1780493822.768564,104036,494668,0x0FFF,0.571924,0.494934,-0.835889,0.197974,0.461938,-0.879883,0.175977,0.373950,-0.846887,0.230969,-0.560925,1.209839,0.054993,-0.417944,1.209839,0.076990,-0.230969,1.165845,0.285962,0.296960,-0.945874,0.065991,0.384949,-0.901880,0.153979,0.384949,-0.868884,0.164978,-0.395947,1.011865,0.109985,-0.307959,1.176843,0.230969,-0.296960,1.319824,104035,494666,-94,119,8238,-19,-2,-22,639
1780493822.770488,104037,494670,0x0FFF,0.439941,0.406946,-1.022864,0.307959,0.494934,-0.956873,0.230969,0.351953,-0.923877,0.285962,-0.648914,1.198840,0.087988,-0.395947,1.253833,-0.087988,-0.296960,1.308826,0.120984,0.274963,-0.945874,0.197974,0.384949,-0.802893,0.054993,0.527930,-0.967871,0.219971,-0.395947,1.033862,0.010999,-0.197974,1.176843,0.054993,-0.296960,1.187842,104035,494666,-94,119,8238,-19,-2,-22,639
1780493822.772480,104038,494672,0x0FFF,0.461938,0.472937,-0.967871,0.274963,0.472937,-1.011865,0.318958,0.373950,-0.912878,0.307959,-0.626917,1.275830,0.076990,-0.340955,1.176843,-0.010999,-0.351953,1.286829,0.219971,0.340955,-0.835889,0.186975,0.373950,-0.802893,0.153979,0.406946,-0.890881,0.252966,-0.439941,0.857886,0.109985,-0.219971,1.198840,0.142981,-0.153979,1.176843,104035,494666,-94,119,8238,-19,-2,-22,639
1780493822.774482,104040,494674,0x0FFF,0.494934,0.362952,-1.044861,0.252966,0.505933,-0.879883,0.131982,0.241968,-0.824890,0.307959,-0.637915,1.055859,0.120984,-0.285962,1.253833,-0.043994,-0.241968,1.187842,0.076990,0.318958,-1.033862,0.186975,0.384949,-0.692908,0.098987,0.428943,-0.934875,0.153979,-0.494934,0.912878,0.164978,-0.395947,1.044861,0.087988,-0.263965,1.231836,104039,494672,-97,117,8230,-16,-2,-21,649
1780493822.776473,104041,494676,0x0FFF,0.472937,0.384949,-1.055859,0.351953,0.571924,-0.978870,0.274963,0.373950,-1.011865,0.274963,-0.549927,1.143848,0.021997,-0.417944,1.297827,0.054993,-0.252966,1.253833,0.186975,0.362952,-0.967871,0.186975,0.450940,-0.791895,0.076990,0.439941,-0.890881,0.274963,-0.318958,1.055859,0.098987,-0.384949,1.110852,0.142981,-0.197974,1.110852,104039,494672,-97,117,8230,-16,-2,-21,649
1780493822.778457,104043,494678,0x0FFF,0.472937,0.296960,-0.923877,0.318958,0.406946,-0.989868,0.395947,0.318958,-0.956873,0.241968,-0.670911,1.220837,0.087988,-0.274963,1.143848,-0.021997,-0.087988,1.297827,0.274963,0.362952,-0.934875,0.219971,0.450940,-0.857886,0.120984,0.428943,-0.912878,0.241968,-0.417944,1.033862,0.076990,-0.318958,1.209839,0.175977,-0.307959,1.176843,104042,494677,-95,119,8225,-13,-3,-19,641
1780493822.780433,104044,494680,0x0FFF,0.428943,0.351953,-0.945874,0.230969,0.538928,-0.978870,0.384949,0.450940,-0.835889,0.285962,-0.648914,1.220837,0.219971,-0.329956,1.220837,0.021997,-0.285962,1.286829,0.241968,0.340955,-1.022864,0.186975,0.285962,-0.835889,0.175977,0.384949,-1.022864,0.263965,-0.439941,0.956873,0.186975,-0.263965,1.220837,0.175977,-0.186975,1.176843,104042,494677,-95,119,8225,-13,-3,-19,641
1780493822.783598,104045,494683,0x0FFF,0.483936,0.285962,-1.000867,0.219971,0.417944,-0.978870,0.296960,0.373950,-0.802893,0.186975,-0.593921,1.275830,0.109985,-0.307959,1.242834,0.021997,-0.395947,1.242834,0.230969,0.296960,-0.923877,0.186975,0.428943,-0.846887,0.120984,0.384949,-0.967871,0.252966,-0.461938,0.945874,0.164978,-0.318958,1.077856,0.219971,-0.241968,1.275830,104042,494677,-95,119,8225,-13,-3,-19,641
1780493822.784540,104047,494685,0x0FFF,0.285962,0.219971,-1.000867,0.373950,0.439941,-0.956873,0.274963,0.373950,-0.923877,0.241968,-0.659912,1.286829,0.021997,-0.219971,1.209839,0.076990,-0.252966,1.286829,0.274963,0.230969,-0.978870,0.285962,0.406946,-0.791895,0.120984,0.406946,-0.923877,0.208972,-0.439941,0.857886,0.076990,-0.252966,1.198840,0.219971,-0.252966,1.165845,104046,494683,-105,124,8242,-15,-2,-23,629
1780493822.787665,104048,494687,0x0FFF,0.362952,0.274963,-0.945874,0.329956,0.505933,-0.824890,0.274963,0.296960,-0.912878,0.142981,-0.692908,1.264832,0.021997,-0.307959,1.209839,-0.098987,-0.241968,1.275830,0.274963,0.263965,-1.000867,0.285962,0.450940,-0.824890,0.164978,0.439941,-0.956873,0.164978,-0.417944,1.022864,0.230969,-0.362952,1.077856,0.087988,-0.263965,1.286829,104046,494683,-105,124,8242,-15,-2,-23,629
1780493822.789685,104050,494689,0x0FFF,0.505933,0.329956,-1.033862,0.351953,0.450940,-1.011865,0.230969,0.274963,-0.879883,0.197974,-0.582922,1.220837,0.120984,-0.406946,1.176843,0.000000,-0.175977,1.352820,0.230969,0.285962,-1.088855,0.153979,0.428943,-0.956873,0.142981,0.351953,-0.956873,0.109985,-0.351953,0.989868,0.021997,-0.395947,1.154846,0.153979,-0.131982,1.220837,104049,494687,-98,100,8233,-16,-6,-20,640
1780493822.791749,104051,494691,0x0FFF,0.461938,0.318958,-0.923877,0.362952,0.494934,-0.912878,0.329956,0.406946,-0.846887,0.153979,-0.681909,1.176843,0.197974,-0.318958,1.220837,0.043994,-0.164978,1.253833,0.230969,0.340955,-0.989868,0.153979,0.450940,-0.725903,0.120984,0.373950,-0.890881,0.208972,-0.406946,1.143848,0.120984,-0.373950,1.055859,0.285962,-0.274963,1.297827,104049,494687,-98,100,8233,-16,-6,-20,640
1780493822.793786,104053,494693,0x0FFF,0.428943,0.318958,-1.077856,0.329956,0.439941,-0.846887,0.197974,0.296960,-0.824890,0.219971,-0.615918,1.209839,0.087988,-0.351953,1.220837,0.032996,-0.175977,1.220837,0.274963,0.439941,-1.022864,0.219971,0.351953,-0.945874,0.186975,0.406946,-0.824890,0.241968,-0.483936,1.099854,0.109985,-0.241968,1.088855,0.208972,-0.230969,1.110852,104052,494691,-93,107,8240,-15,-5,-17,635
1780493822.795757,104054,494695,0x0FFF,0.428943,0.384949,-1.033862,0.285962,0.461938,-0.857886,0.263965,0.527930,-0.912878,0.373950,-0.626917,1.330823,0.120984,-0.263965,1.198840,-0.010999,-0.296960,1.374817,0.120984,0.307959,-1.132849,0.164978,0.461938,-0.923877,0.065991,0.406946,-0.956873,0.120984,-0.505933,0.934875,0.076990,-0.406946,1.099854,0.131982,-0.208972,1.253833,104052,494691,-93,107,8240,-15,-5,-17,635
1780493822.797906,104055,494697,0x0FFF,0.461938,0.329956,-1.132849,0.296960,0.494934,-0.868884,0.274963,0.406946,-0.813892,0.153979,-0.648914,1.132849,0.153979,-0.362952,1.198840,-0.010999,-0.263965,1.385815,0.186975,0.351953,-1.066858,0.120984,0.450940,-0.769897,0.098987,0.549927,-0.912878,0.219971,-0.406946,0.923877,0.065991,-0.318958,1.066858,0.197974,-0.219971,1.209839,104052,494691,-93,107,8240,-15,-5,-17,635
1780493822.799916,104057,494699,0x0FFF,0.384949,0.362952,-0.978870,0.263965,0.417944,-0.989868,0.318958,0.351953,-0.912878,0.186975,-0.494934,1.253833,0.021997,-0.307959,1.253833,-0.087988,-0.252966,1.330823,0.285962,0.274963,-1.044861,0.087988,0.406946,-0.857886,0.098987,0.362952,-0.890881,0.318958,-0.428943,0.901880,0.087988,-0.208972,1.099854,0.153979,-0.241968,1.286829,104056,494697,-96,102,8229,-16,-6,-19,635
1780493822.801939,104058,494701,0x0FFF,0.461938,0.395947,-1.110852,0.351953,0.296960,-1.000867,0.197974,0.329956,-0.945874,0.186975,-0.670911,1.088855,0.153979,-0.318958,1.165845,-0.021997,-0.197974,1.341821,0.175977,0.329956,-0.901880,0.175977,0.450940,-0.868884,0.032996,0.395947,-0.890881,0.219971,-0.450940,1.011865,0.109985,-0.274963,1.110852,0.230969,-0.230969,1.165845,104056,494697,-96,102,8229,-16,-6,-19,635
1780493822.803913,104060,494703,0x0FFF,0.428943,0.472937,-0.901880,0.274963,0.450940,-0.923877,0.307959,0.307959,-0.813892,0.230969,-0.582922,1.176843,0.087988,-0.230969,1.231836,0.098987,-0.274963,1.374817,0.329956,0.307959,-0.901880,0.175977,0.450940,-0.736902,0.098987,0.406946,-0.857886,0.296960,-0.461938,0.978870,0.087988,-0.241968,1.066858,0.252966,-0.307959,1.297827,104059,494702,-100,105,8225,-14,-1,-21,644
1780493822.805841,104061,494705,0x0FFF,0.483936,0.318958,-1.000867,0.252966,0.527930,-0.879883,0.274963,0.241968,-0.868884,0.230969,-0.637915,1.220837,0.065991,-0.340955,1.165845,0.000000,-0.274963,1.286829,0.164978,0.362952,-1.033862,0.120984,0.406946,-0.758899,0.175977,0.439941,-0.846887,0.274963,-0.384949,0.967871,0.087988,-0.318958,1.143848,0.208972,-0.131982,1.209839,104059,494702,-100,105,8225,-14,-1,-21,644
1780493822.807866,104062,494708,0x0FFF,0.472937,0.417944,-1.088855,0.351953,0.472937,-0.989868,0.252966,0.406946,-0.912878,0.307959,-0.560925,1.231836,0.098987,-0.373950,1.220837,0.043994,-0.197974,1.220837,0.186975,0.252966,-1.022864,0.186975,0.450940,-0.824890,0.087988,0.450940,-1.066858,0.109985,-0.494934,1.055859,0.131982,-0.351953,1.066858,0.109985,-0.230969,1.198840,104059,494702,-100,105,8225,-14,-1,-21,644
1780493822.809844,104064,494710,0x0FFF,0.505933,0.395947,-0.989868,0.175977,0.527930,-0.912878,0.263965,0.285962,-0.923877,0.263965,-0.670911,1.242834,0.043994,-0.351953,1.165845,0.010999,-0.263965,1.297827,0.186975,0.384949,-0.956873,0.175977,0.406946,-0.791895,0.131982,0.373950,-0.923877,0.208972,-0.428943,0.989868,0.021997,-0.318958,1.220837,0.065991,-0.252966,1.242834,104063,494708,-103,125,8233,-14,0,-19,621
1780493822.811785,104065,494712,0x0FFF,0.395947,0.285962,-0.945874,0.263965,0.439941,-0.868884,0.186975,0.285962,-0.846887,0.164978,-0.714905,1.209839,0.120984,-0.428943,1.286829,0.087988,-0.241968,1.330823,0.076990,0.373950,-1.033862,0.175977,0.439941,-0.802893,0.098987,0.351953,-0.846887,0.285962,-0.428943,0.945874,0.087988,-0.362952,1.099854,0.186975,-0.153979,1.286829,104063,494708,-103,125,8233,-14,0,-19,621
1780493822.813955,104067,494714,0x0FFF,0.505933,0.296960,-1.022864,0.428943,0.461938,-0.879883,0.263965,0.362952,-0.989868,0.263965,-0.604919,1.319824,0.032996,-0.318958,1.275830,0.000000,-0.362952,1.253833,0.197974,0.285962,-0.945874,0.120984,0.395947,-0.813892,0.153979,0.406946,-0.846887,0.197974,-0.384949,1.044861,0.065991,-0.384949,1.209839,0.076990,-0.208972,1.242834,104066,494712,-95,113,8239,-15,-3,-21,638
1780493822.815916,104068,494716,0x0FFF,0.340955,0.252966,-0.989868,0.307959,0.472937,-1.033862,0.175977,0.384949,-0.868884,0.219971,-0.648914,1.198840,0.021997,-0.351953,1.308826,0.054993,-0.274963,1.275830,0.208972,0.384949,-0.923877,0.219971,0.351953,-0.857886,0.043994,0.494934,-0.956873,0.208972,-0.439941,0.901880,0.153979,-0.373950,1.176843,0.175977,-0.197974,1.209839,104066,494712,-95,113,8239,-15,-3,-21,638
1780493822.818188,104070,494718,0x0FFF,0.461938,0.417944,-0.857886,0.373950,0.461938,-0.857886,0.208972,0.340955,-0.890881,0.362952,-0.615918,1.220837,0.109985,-0.362952,1.264832,0.054993,-0.296960,1.330823,0.219971,0.285962,-1.011865,0.340955,0.373950,-0.780896,0.175977,0.351953,-0.923877,0.208972,-0.450940,0.967871,0.098987,-0.263965,1.121851,0.186975,-0.164978,1.275830,104069,494716,-104,111,8230,-15,-2,-20,644
1780493822.820109,104071,494720,0x0FFF,0.472937,0.318958,-0.923877,0.285962,0.373950,-0.890881,0.318958,0.351953,-0.868884,0.285962,-0.648914,1.220837,0.076990,-0.362952,1.220837,0.010999,-0.307959,1.374817,0.153979,0.340955,-1.000867,0.197974,0.549927,-0.813892,0.098987,0.538928,-0.868884,0.252966,-0.395947,0.934875,0.186975,-0.417944,1.110852,0.175977,-0.230969,1.099854,104069,494716,-104,111,8230,-15,-2,-20,644
1780493822.822108,104072,494722,0x0FFF,0.516931,0.307959,-1.011865,0.252966,0.527930,-0.835889,0.241968,0.450940,-0.890881,0.263965,-0.637915,1.308826,0.109985,-0.428943,1.143848,0.065991,-0.285962,1.253833,0.208972,0.285962,-1.033862,0.153979,0.384949,-0.802893,0.065991,0.450940,-0.923877,0.186975,-0.571924,1.022864,0.087988,-0.307959,1.055859,0.131982,-0.109985,1.154846,104069,494716,-104,111,8230,-15,-2,-20,644
1780493822.824145,104074,494724,0x0FFF,0.373950,0.417944,-0.901880,0.241968,0.571924,-0.934875,0.186975,0.351953,-0.901880,0.175977,-0.604919,1.209839,0.065991,-0.296960,1.231836,-0.087988,-0.274963,1.275830,0.296960,0.230969,-0.967871,0.164978,0.439941,-0.868884,0.197974,0.417944,-0.978870,0.296960,-0.406946,1.099854,0.142981,-0.307959,1.077856,0.175977,-0.230969,1.242834,104073,494722,-83,115,8233,-17,-5,-20,626
1780493822.827289,104075,494726,0x0FFF,0.483936,0.406946,-0.978870,0.131982,0.505933,-0.857886,0.175977,0.450940,-0.890881,0.186975,-0.560925,1.286829,0.065991,-0.318958,1.176843,0.021997,-0.219971,1.297827,0.263965,0.241968,-0.967871,0.109985,0.373950,-0.868884,0.164978,0.461938,-0.824890,0.197974,-0.428943,0.956873,0.164978,-0.285962,1.143848,0.208972,-0.274963,1.231836,104073,494722,-83,115,8233,-17,-5,-20,626
1780493822.829326,104077,494728,0x0FFF,0.494934,0.362952,-1.011865,0.307959,0.417944,-0.912878,0.263965,0.373950,-1.044861,0.230969,-0.670911,1.297827,0.076990,-0.296960,1.341821,0.032996,-0.296960,1.209839,0.175977,0.252966,-0.934875,0.153979,0.318958,-0.791895,0.109985,0.428943,-0.967871,0.252966,-0.549927,1.055859,0.109985,-0.340955,1.143848,0.120984,-0.208972,1.110852,104076,494727,-95,108,8234,-17,-3,-20,618
1780493822.831292,104078,494730,0x0FFF,0.516931,0.384949,-1.011865,0.329956,0.516931,-0.956873,0.241968,0.307959,-0.890881,0.241968,-0.736902,1.231836,0.142981,-0.428943,1.154846,-0.021997,-0.197974,1.264832,0.197974,0.318958,-0.923877,0.230969,0.384949,-0.780896,0.087988,0.417944,-0.989868,0.175977,-0.417944,0.978870,0.186975,-0.296960,1.176843,0.186975,-0.318958,1.242834,104076,494727,-95,108,8234,-17,-3,-20,618
1780493822.833389,104079,494733,0x0FFF,0.505933,0.318958,-0.989868,0.307959,0.483936,-0.901880,0.186975,0.428943,-0.956873,0.219971,-0.681909,1.220837,0.109985,-0.362952,1.209839,-0.153979,-0.318958,1.352820,0.329956,0.296960,-0.912878,0.307959,0.329956,-0.824890,0.120984,0.406946,-0.835889,0.208972,-0.472937,0.923877,0.164978,-0.285962,1.242834,0.274963,-0.142981,1.143848,104076,494727,-95,108,8234,-17,-3,-20,618
1780493822.835435,104081,494735,0x0FFF,0.461938,0.373950,-1.044861,0.329956,0.340955,-0.912878,0.208972,0.384949,-1.022864,0.373950,-0.527930,1.253833,0.076990,-0.362952,1.220837,0.054993,-0.241968,1.363818,0.175977,0.296960,-1.000867,0.186975,0.417944,-0.835889,0.043994,0.461938,-1.044861,0.241968,-0.472937,0.978870,0.142981,-0.351953,1.110852,0.098987,-0.076990,1.154846,104080,494733,-104,117,8238,-17,-1,-20,636
1780493822.837562,104082,494737,0x0FFF,0.384949,0.384949,-1.011865,0.351953,0.505933,-0.857886,0.164978,0.296960,-0.835889,0.285962,-0.527930,1.253833,0.120984,-0.318958,1.319824,-0.010999,-0.307959,1.253833,0.175977,0.417944,-0.934875,0.274963,0.384949,-0.791895,0.087988,0.428943,-0.956873,0.197974,-0.439941,0.890881,0.032996,-0.241968,1.066858,0.230969,-0.241968,1.154846,104080,494733,-104,117,8238,-17,-1,-20,636
1780493822.839542,104084,494739,0x0FFF,0.505933,0.307959,-0.967871,0.329956,0.538928,-1.000867,0.142981,0.274963,-0.912878,0.263965,-0.549927,1.242834,0.010999,-0.373950,1.165845,-0.010999,-0.230969,1.253833,0.263965,0.351953,-1.022864,0.131982,0.340955,-0.780896,0.186975,0.417944,-0.934875,0.164978,-0.439941,0.934875,0.186975,-0.252966,1.088855,0.263965,-0.164978,1.143848,104083,494737,-98,105,8237,-17,-1,-21,633
1780493822.841604,104085,494741,0x0FFF,0.494934,0.296960,-0.978870,0.263965,0.450940,-0.923877,0.318958,0.241968,-0.791895,0.197974,-0.659912,1.341821,0.032996,-0.318958,1.253833,-0.021997,-0.219971,1.275830,0.274963,0.340955,-0.945874,0.153979,0.406946,-0.813892,0.076990,0.472937,-1.000867,0.296960,-0.373950,0.890881,0.087988,-0.384949,1.143848,0.186975,-0.109985,1.264832,104083,494737,-98,105,8237,-17,-1,-21,633
1780493822.843592,104087,494743,0x0FFF,0.439941,0.252966,-0.945874,0.230969,0.505933,-0.934875,0.208972,0.351953,-0.945874,0.219971,-0.692908,1.143848,0.010999,-0.362952,1.264832,0.098987,-0.285962,1.275830,0.164978,0.384949,-1.033862,0.186975,0.472937,-0.846887,0.219971,0.571924,-0.879883,0.219971,-0.384949,1.033862,0.109985,-0.296960,1.275830,0.109985,-0.197974,1.209839,104086,494741,-99,112,8247,-16,-2,-18,625
1780493822.845520,104088,494745,0x0FFF,0.626917,0.274963,-1.088855,0.252966,0.483936,-0.945874,0.263965,0.296960,-0.813892,0.263965,-0.615918,1.209839,0.175977,-0.406946,1.220837,0.010999,-0.164978,1.330823,0.131982,0.406946,-0.978870,0.197974,0.285962,-0.835889,0.208972,0.450940,-0.934875,0.252966,-0.428943,0.967871,0.087988,-0.318958,1.132849,0.230969,-0.208972,1.187842,104086,494741,-99,112,8247,-16,-2,-18,625
1780493822.847528,104089,494747,0x0FFF,0.406946,0.318958,-0.923877,0.307959,0.549927,-0.923877,0.153979,0.384949,-0.901880,0.142981,-0.538928,1.242834,0.120984,-0.296960,1.187842,0.000000,-0.208972,1.297827,0.219971,0.263965,-1.033862,0.175977,0.417944,-0.791895,0.065991,0.395947,-0.912878,0.285962,-0.439941,0.956873,0.043994,-0.285962,1.055859,0.208972,-0.175977,1.143848,104086,494741,-99,112,8247,-16,-2,-18,625
1780493822.849510,104091,494749,0x0FFF,0.406946,0.373950,-1.022864,0.197974,0.428943,-0.978870,0.208972,0.362952,-0.978870,0.208972,-0.494934,1.165845,0.087988,-0.318958,1.198840,-0.054993,-0.175977,1.253833,0.263965,0.406946,-0.967871,0.197974,0.351953,-0.890881,0.120984,0.450940,-1.000867,0.186975,-0.472937,0.934875,0.087988,-0.340955,1.110852,0.219971,-0.252966,1.121851,104090,494747,-96,112,8220,-15,-6,-20,640
1780493822.851520,104092,494751,0x0FFF,0.384949,0.417944,-0.978870,0.219971,0.494934,-1.000867,0.219971,0.274963,-0.857886,0.307959,-0.593921,1.242834,0.065991,-0.318958,1.154846,0.010999,-0.252966,1.242834,0.307959,0.307959,-0.989868,0.164978,0.373950,-0.725903,0.208972,0.428943,-1.011865,0.164978,-0.428943,1.011865,0.230969,-0.307959,1.088855,0.285962,-0.142981,1.231836,104090,494747,-96,112,8220,-15,-6,-20,640
1780493822.853502,104094,494753,0x0FFF,0.494934,0.296960,-0.879883,0.285962,0.428943,-0.967871,0.208972,0.406946,-0.846887,0.219971,-0.604919,1.209839,0.043994,-0.340955,1.319824,-0.043994,-0.340955,1.352820,0.208972,0.318958,-1.022864,0.153979,0.439941,-0.956873,0.164978,0.439941,-0.923877,0.186975,-0.329956,1.044861,0.021997,-0.362952,1.143848,0.208972,-0.252966,1.275830,104093,494752,-96,111,8242,-18,-2,-20,633
1780493822.856580,104095,494755,0x0FFF,0.428943,0.373950,-0.967871,0.241968,0.472937,-1.011865,0.274963,0.351953,-0.956873,0.274963,-0.615918,1.242834,0.043994,-0.329956,1.198840,0.032996,-0.285962,1.242834,0.274963,0.351953,-0.868884,0.142981,0.428943,-0.769897,0.142981,0.351953,-1.022864,0.230969,-0.428943,0.978870,0.142981,-0.406946,1.121851,0.142981,-0.087988,1.275830,104093,494752,-96,111,8242,-18,-2,-20,633
1780493822.857514,104096,494758,0x0FFF,0.483936,0.351953,-0.945874,0.274963,0.505933,-0.802893,0.186975,0.373950,-0.934875,0.153979,-0.615918,1.209839,0.087988,-0.351953,1.154846,0.054993,-0.296960,1.242834,0.153979,0.384949,-1.011865,0.131982,0.428943,-0.703906,0.087988,0.494934,-0.879883,0.219971,-0.406946,1.033862,0.142981,-0.274963,1.132849,0.153979,-0.186975,1.209839,104093,494752,-96,111,8242,-18,-2,-20,633
1780493822.859576,104098,494760,0x0FFF,0.472937,0.406946,-0.967871,0.362952,0.417944,-0.956873,0.219971,0.406946,-0.945874,0.153979,-0.505933,1.209839,0.120984,-0.230969,1.187842,-0.186975,-0.274963,1.363818,0.153979,0.340955,-1.000867,0.197974,0.340955,-0.989868,0.120984,0.428943,-0.813892,0.164978,-0.406946,0.978870,0.065991,-0.252966,1.121851,0.131982,-0.208972,1.209839,104097,494758,-91,109,8239,-15,3,-19,638
1780493822.862730,104099,494762,0x0FFF,0.428943,0.384949,-0.934875,0.340955,0.428943,-0.879883,0.285962,0.329956,-0.912878,0.208972,-0.604919,1.198840,0.087988,-0.428943,1.297827,0.010999,-0.186975,1.286829,0.164978,0.329956,-0.934875,0.142981,0.395947,-0.780896,0.120984,0.329956,-1.033862,0.230969,-0.450940,1.022864,0.120984,-0.296960,1.242834,0.131982,-0.175977,1.242834,104097,494758,-91,109,8239,-15,3,-19,638
1780493822.864763,104101,494764,0x0FFF,0.373950,0.406946,-0.901880,0.318958,0.582922,-0.967871,0.197974,0.417944,-0.978870,0.219971,-0.648914,1.286829,0.197974,-0.285962,1.231836,0.109985,-0.263965,1.286829,0.153979,0.274963,-0.912878,0.109985,0.417944,-0.802893,0.142981,0.406946,-0.945874,0.208972,-0.450940,1.000867,0.120984,-0.318958,1.176843,0.252966,-0.175977,1.231836,104100,494762,-101,108,8246,-16,-3,-20,630
1780493822.866755,104102,494766,0x0FFF,0.406946,0.373950,-1.055859,0.340955,0.461938,-0.868884,0.307959,0.351953,-0.967871,0.362952,-0.648914,1.286829,0.021997,-0.329956,1.242834,0.098987,-0.252966,1.286829,0.087988,0.329956,-0.901880,0.197974,0.428943,-0.813892,0.076990,0.461938,-1.011865,0.208972,-0.395947,1.011865,0.175977,-0.241968,1.066858,0.131982,-0.219971,1.154846,104100,494762,-101,108,8246,-16,-3,-20,630
1780493822.868817,104103,494768,0x0FFF,0.450940,0.340955,-1.011865,0.362952,0.439941,-0.868884,0.274963,0.384949,-0.879883,0.263965,-0.626917,1.187842,0.153979,-0.340955,1.253833,-0.032996,-0.274963,1.187842,0.208972,0.197974,-0.956873,0.120984,0.461938,-0.846887,0.087988,0.483936,-0.890881,0.296960,-0.417944,1.066858,0.142981,-0.263965,1.110852,0.307959,-0.230969,1.209839,104100,494762,-101,108,8246,-16,-3,-20,630
1780493822.870846,104105,494770,0x0FFF,0.329956,0.351953,-1.033862,0.307959,0.472937,-0.978870,0.318958,0.230969,-0.846887,0.340955,-0.692908,1.275830,0.197974,-0.340955,1.198840,0.032996,-0.274963,1.352820,0.186975,0.307959,-0.956873,0.263965,0.285962,-0.813892,0.098987,0.307959,-0.758899,0.285962,-0.439941,0.967871,0.054993,-0.274963,1.099854,0.164978,-0.219971,1.286829,104104,494768,-97,118,8245,-13,-2,-21,632
1780493822.872903,104106,494772,0x0FFF,0.494934,0.208972,-0.879883,0.373950,0.516931,-0.901880,0.164978,0.307959,-0.989868,0.263965,-0.604919,1.176843,0.131982,-0.274963,1.176843,-0.043994,-0.241968,1.330823,0.263965,0.351953,-1.022864,0.197974,0.318958,-0.769897,0.142981,0.351953,-0.934875,0.219971,-0.472937,0.901880,0.153979,-0.329956,1.220837,0.252966,-0.142981,1.209839,104104,494768,-97,118,8245,-13,-2,-21,632
1780493822.874949,104108,494774,0x0FFF,0.538928,0.307959,-1.022864,0.296960,0.461938,-0.857886,0.219971,0.428943,-0.989868,0.307959,-0.527930,1.198840,0.043994,-0.351953,1.242834,0.120984,-0.384949,1.330823,0.241968,0.318958,-0.978870,0.087988,0.428943,-0.769897,0.098987,0.428943,-0.923877,0.263965,-0.549927,0.923877,0.164978,-0.340955,1.198840,0.252966,-0.175977,1.187842,104107,494772,-103,123,8249,-17,-4,-21,628
1780493822.877099,104109,494776,0x0FFF,0.527930,0.318958,-1.011865,0.362952,0.483936,-1.022864,0.307959,0.351953,-0.912878,0.208972,-0.648914,1.187842,0.010999,-0.340955,1.220837,0.098987,-0.208972,1.330823,0.208972,0.241968,-0.967871,0.098987,0.384949,-0.791895,0.098987,0.417944,-0.890881,0.197974,-0.483936,0.956873,0.142981,-0.384949,1.231836,0.131982,-0.219971,1.187842,104107,494772,-103,123,8249,-17,-4,-21,628
1780493822.879110,104111,494778,0x0FFF,0.373950,0.252966,-1.011865,0.329956,0.560925,-1.022864,0.219971,0.373950,-0.846887,0.208972,-0.560925,1.154846,0.120984,-0.329956,1.253833,0.010999,-0.164978,1.308826,0.131982,0.428943,-0.912878,0.252966,0.373950,-0.758899,0.098987,0.428943,-0.945874,0.285962,-0.450940,0.857886,-0.021997,-0.263965,1.132849,0.208972,-0.252966,1.231836,104110,494777,-93,127,8230,-16,-4,-24,636
1780493822.881063,104112,494780,0x0FFF,0.439941,0.428943,-0.978870,0.208972,0.538928,-0.923877,0.274963,0.384949,-0.901880,0.252966,-0.626917,1.088855,0.175977,-0.406946,1.099854,0.076990,-0.230969,1.220837,0.252966,0.252966,-1.022864,0.219971,0.417944,-0.780896,0.109985,0.472937,-0.923877,0.164978,-0.450940,0.989868,0.164978,-0.406946,1.055859,0.131982,-0.109985,1.297827,104110,494777,-93,127,8230,-16,-4,-24,636
1780493822.883102,104113,494783,0x0FFF,0.428943,0.274963,-0.934875,0.230969,0.417944,-0.868884,0.175977,0.406946,-0.780896,0.241968,-0.604919,1.253833,-0.021997,-0.417944,1.275830,0.032996,-0.208972,1.253833,0.197974,0.417944,-0.945874,0.208972,0.373950,-0.868884,0.219971,0.450940,-1.033862,0.153979,-0.362952,0.967871,0.120984,-0.219971,1.121851,0.197974,-0.087988,1.220837,104110,494777,-93,127,8230,-16,-4,-24,636
1780493822.885130,104115,494785,0x0FFF,0.450940,0.274963,-0.901880,0.230969,0.472937,-0.978870,0.186975,0.406946,-0.879883,0.230969,-0.615918,1.198840,0.021997,-0.461938,1.297827,0.054993,-0.274963,1.264832,0.219971,0.362952,-0.934875,0.142981,0.373950,-0.780896,0.142981,0.384949,-0.857886,0.219971,-0.428943,1.022864,0.043994,-0.329956,1.099854,0.153979,-0.252966,1.088855,104114,494783,-101,113,8237,-16,-3,-21,636
1780493822.887260,104116,494787,0x0FFF,0.307959,0.318958,-1.000867,0.296960,0.461938,-0.989868,0.285962,0.329956,-0.945874,0.252966,-0.681909,1.341821,0.120984,-0.384949,1.341821,-0.076990,-0.230969,1.297827,0.186975,0.329956,-1.011865,0.142981,0.461938,-0.681909,0.131982,0.494934,-0.890881,0.252966,-0.494934,1.011865,0.087988,-0.285962,1.099854,0.076990,-0.285962,1.198840,104114,494783,-101,113,8237,-16,-3,-21,636
1780493822.889288,104118,494789,0x0FFF,0.527930,0.428943,-0.890881,0.351953,0.439941,-0.989868,0.318958,0.307959,-0.879883,0.186975,-0.703906,1.176843,0.087988,-0.340955,1.286829,0.000000,-0.263965,1.385815,0.142981,0.274963,-1.000867,0.186975,0.406946,-0.780896,0.109985,0.417944,-0.989868,0.263965,-0.439941,1.000867,0.109985,-0.219971,1.220837,0.153979,-0.208972,1.154846,104117,494787,-97,109,8236,-16,-1,-21,640
1780493822.891181,104119,494791,0x0FFF,0.505933,0.395947,-0.934875,0.406946,0.494934,-0.868884,0.186975,0.340955,-0.879883,0.252966,-0.571924,1.275830,0.032996,-0.296960,1.198840,0.032996,-0.307959,1.253833,0.230969,0.274963,-0.967871,0.208972,0.439941,-0.835889,0.175977,0.362952,-0.978870,0.208972,-0.406946,0.901880,0.120984,-0.307959,1.165845,0.197974,-0.208972,1.176843,104117,494787,-97,109,8236,-16,-1,-21,640
1780493822.893187,104120,494793,0x0FFF,0.428943,0.373950,-0.967871,0.230969,0.538928,-0.923877,0.197974,0.340955,-0.890881,0.340955,-0.670911,1.198840,0.219971,-0.329956,1.253833,0.065991,-0.175977,1.286829,0.252966,0.285962,-0.934875,0.241968,0.461938,-0.780896,0.208972,0.505933,-0.879883,0.219971,-0.373950,0.956873,0.087988,-0.406946,1.088855,0.186975,-0.186975,1.176843,104117,494787,-97,109,8236,-16,-1,-21,640
1780493822.895197,104122,494795,0x0FFF,0.461938,0.362952,-0.901880,0.340955,0.571924,-0.923877,0.252966,0.329956,-0.923877,0.362952,-0.725903,1.165845,-0.043994,-0.307959,1.242834,-0.076990,-0.307959,1.242834,0.142981,0.428943,-0.978870,0.109985,0.428943,-0.758899,0.164978,0.417944,-0.857886,0.241968,-0.461938,1.055859,0.076990,-0.318958,1.055859,0.087988,-0.219971,1.187842,104121,494793,-98,109,8236,-18,-4,-21,637
1780493822.897136,104123,494797,0x0FFF,0.472937,0.428943,-0.923877,0.406946,0.384949,-0.802893,0.285962,0.373950,-0.879883,0.406946,-0.516931,1.231836,0.153979,-0.384949,1.264832,0.186975,-0.230969,1.297827,0.230969,0.406946,-1.022864,0.175977,0.395947,-0.813892,0.164978,0.406946,-0.967871,0.153979,-0.483936,1.110852,0.087988,-0.428943,1.154846,0.208972,-0.241968,1.187842,104121,494793,-98,109,8236,-18,-4,-21,637
1780493822.899148,104125,494799,0x0FFF,0.494934,0.263965,-0.989868,0.307959,0.461938,-0.835889,0.197974,0.373950,-0.923877,0.208972,-0.626917,1.176843,0.065991,-0.340955,1.264832,0.131982,-0.230969,1.440808,0.307959,0.263965,-0.934875,0.340955,0.428943,-0.890881,0.010999,0.428943,-0.967871,0.164978,-0.505933,1.033862,0.098987,-0.329956,1.187842,0.131982,-0.230969,1.198840,104124,494797,-97,104,8230,-16,-2,-22,627
1780493822.902279,104126,494801,0x0FFF,0.384949,0.362952,-1.044861,0.373950,0.549927,-0.989868,0.219971,0.362952,-1.000867,0.186975,-0.703906,1.198840,0.186975,-0.318958,1.286829,0.065991,-0.285962,1.286829,0.164978,0.373950,-0.901880,0.208972,0.351953,-0.758899,0.120984,0.373950,-0.879883,0.230969,-0.428943,1.011865,0.120984,-0.318958,1.143848,0.230969,-0.296960,1.187842,104124,494797,-97,104,8230,-16,-2,-22,627
1780493822.904329,104128,494803,0x0FFF,0.516931,0.329956,-0.912878,0.384949,0.505933,-0.791895,0.208972,0.362952,-0.868884,0.208972,-0.615918,1.176843,0.032996,-0.329956,1.209839,0.043994,-0.296960,1.297827,0.230969,0.307959,-0.978870,0.186975,0.450940,-0.934875,0.131982,0.494934,-0.923877,0.164978,-0.439941,0.989868,0.120984,-0.428943,1.143848,0.208972,-0.153979,1.297827,104127,494802,-92,109,8238,-17,-1,-21,636
1780493822.906298,104129,494805,0x0FFF,0.461938,0.285962,-0.967871,0.307959,0.571924,-0.934875,0.274963,0.296960,-0.835889,0.164978,-0.692908,1.209839,0.032996,-0.318958,1.220837,-0.076990,-0.241968,1.143848,0.153979,0.230969,-0.923877,0.142981,0.428943,-0.802893,0.186975,0.450940,-1.000867,0.285962,-0.527930,1.000867,0.021997,-0.274963,1.154846,0.208972,-0.208972,1.220837,104127,494802,-92,109,8238,-17,-1,-21,636
1780493822.908391,104130,494808,0x0FFF,0.428943,0.351953,-0.857886,0.219971,0.604919,-0.978870,0.208972,0.384949,-0.901880,0.307959,-0.582922,1.220837,0.131982,-0.307959,1.231836,-0.065991,-0.186975,1.308826,0.153979,0.230969,-0.967871,0.164978,0.461938,-0.747900,0.164978,0.494934,-0.923877,0.307959,-0.417944,0.989868,0.065991,-0.439941,1.143848,0.197974,-0.120984,1.154846,104127,494802,-92,109,8238,-17,-1,-21,636
1780493822.910435,104132,494810,0x0FFF,0.461938,0.362952,-0.956873,0.417944,0.428943,-0.989868,0.230969,0.461938,-0.967871,0.186975,-0.670911,1.319824,0.010999,-0.373950,1.209839,0.000000,-0.296960,1.363818,0.307959,0.318958,-0.912878,0.164978,0.384949,-0.879883,0.109985,0.538928,-0.989868,0.120984,-0.439941,1.055859,0.098987,-0.340955,1.055859,0.131982,-0.153979,1.242834,104131,494808,-105,117,8222,-15,-4,-23,621
1780493822.912467,104133,494812,0x0FFF,0.472937,0.373950,-1.000867,0.296960,0.461938,-0.978870,0.263965,0.362952,-0.945874,0.252966,-0.604919,1.242834,0.142981,-0.307959,1.275830,0.043994,-0.208972,1.253833,0.164978,0.384949,-0.912878,0.186975,0.318958,-0.824890,0.153979,0.351953,-0.879883,0.197974,-0.439941,0.967871,0.065991,-0.274963,1.132849,0.164978,-0.197974,1.187842,104131,494808,-105,117,8222,-15,-4,-23,621
1780493822.914508,104135,494814,0x0FFF,0.560925,0.428943,-0.934875,0.340955,0.516931,-1.011865,0.142981,0.241968,-1.000867,0.340955,-0.681909,1.198840,0.076990,-0.274963,1.154846,0.032996,-0.274963,1.264832,0.241968,0.351953,-0.978870,0.230969,0.373950,-0.780896,0.153979,0.439941,-0.934875,0.186975,-0.340955,0.923877,0.131982,-0.340955,1.044861,0.208972,-0.197974,1.176843,104134,494812,-105,110,8236,-16,1,-23,636
1780493822.916557,104136,494816,0x0FFF,0.494934,0.373950,-1.055859,0.241968,0.549927,-0.923877,0.263965,0.362952,-0.890881,0.263965,-0.527930,1.253833,0.032996,-0.395947,1.286829,0.010999,-0.241968,1.297827,0.219971,0.307959,-1.033862,0.109985,0.318958,-0.648914,0.208972,0.494934,-0.934875,0.296960,-0.406946,1.044861,0.087988,-0.274963,1.121851,0.274963,-0.230969,1.231836,104134,494812,-105,110,8236,-16,1,-23,636
1780493822.918604,104137,494818,0x0FFF,0.417944,0.318958,-1.033862,0.296960,0.483936,-0.868884,0.340955,0.329956,-0.879883,0.219971,-0.648914,1.198840,0.120984,-0.351953,1.209839,-0.076990,-0.307959,1.242834,0.252966,0.318958,-0.967871,0.164978,0.483936,-0.769897,0.131982,0.439941,-0.978870,0.120984,-0.417944,0.989868,0.164978,-0.318958,1.099854,0.120984,-0.263965,1.209839,104134,494812,-105,110,8236,-16,1,-23,636
1780493822.920597,104139,494820,0x0FFF,0.461938,0.373950,-0.989868,0.274963,0.439941,-0.868884,0.230969,0.197974,-0.857886,0.208972,-0.670911,1.242834,0.065991,-0.406946,1.297827,0.021997,-0.175977,1.231836,0.164978,0.307959,-0.923877,0.065991,0.362952,-0.791895,0.175977,0.406946,-0.890881,0.087988,-0.516931,1.044861,0.120984,-0.362952,1.110852,0.087988,-0.219971,1.198840,104138,494818,-89,126,8230,-12,-1,-24,640
1780493822.922636,104140,494822,0x0FFF,0.340955,0.428943,-0.967871,0.285962,0.494934,-0.901880,0.318958,0.351953,-0.890881,0.285962,-0.637915,1.154846,0.043994,-0.296960,1.264832,0.010999,-0.142981,1.231836,0.142981,0.274963,-0.945874,0.186975,0.351953,-0.868884,0.098987,0.417944,-0.912878,0.263965,-0.428943,1.077856,0.208972,-0.340955,1.077856,0.142981,-0.252966,1.209839,104138,494818,-89,126,8230,-12,-1,-24,640
1780493822.924635,104142,494824,0x0FFF,0.439941,0.340955,-1.011865,0.307959,0.340955,-0.912878,0.230969,0.461938,-0.846887,0.120984,-0.582922,1.209839,0.142981,-0.252966,1.165845,-0.021997,-0.252966,1.308826,0.208972,0.241968,-0.945874,0.164978,0.406946,-0.824890,0.164978,0.494934,-1.000867,0.241968,-0.461938,0.967871,0.120984,-0.263965,1.187842,0.142981,-0.241968,1.176843,104141,494822,-98,113,8232,-16,-1,-16,639
1780493822.926759,104143,494826,0x0FFF,0.406946,0.406946,-0.912878,0.307959,0.461938,-0.956873,0.230969,0.219971,-0.890881,0.120984,-0.582922,1.275830,0.043994,-0.362952,1.231836,0.032996,-0.296960,1.275830,0.318958,0.329956,-0.901880,0.252966,0.428943,-0.912878,0.065991,0.285962,-0.967871,0.219971,-0.450940,1.000867,0.098987,-0.340955,1.187842,0.230969,-0.208972,1.044861,104141,494822,-98,113,8232,-16,-1,-16,639
1780493822.928750,104145,494828,0x0FFF,0.406946,0.362952,-0.934875,0.329956,0.505933,-1.044861,0.351953,0.428943,-0.846887,0.274963,-0.615918,1.121851,0.120984,-0.351953,1.231836,-0.065991,-0.263965,1.286829,0.142981,0.274963,-1.000867,0.296960,0.439941,-0.912878,0.164978,0.450940,-0.989868,0.175977,-0.406946,1.077856,0.120984,-0.329956,1.077856,0.098987,-0.263965,1.077856,104144,494827,-92,112,8225,-16,-2,-18,639
1780493822.930587,104146,494830,0x0FFF,0.439941,0.461938,-0.989868,0.296960,0.527930,-0.934875,0.406946,0.296960,-1.022864,0.219971,-0.659912,1.297827,0.120984,-0.351953,1.308826,0.000000,-0.230969,1.231836,0.329956,0.252966,-1.022864,0.153979,0.450940,-0.659912,0.230969,0.527930,-0.857886,0.274963,-0.373950,1.000867,0.208972,-0.329956,1.198840,0.142981,-0.098987,1.198840,104144,494827,-92,112,8225,-16,-2,-18,639
1780493822.932485,104147,494833,0x0FFF,0.417944,0.417944,-0.989868,0.263965,0.494934,-0.945874,0.252966,0.450940,-0.967871,0.307959,-0.648914,1.220837,0.076990,-0.241968,1.176843,0.065991,-0.285962,1.286829,0.087988,0.274963,-0.956873,0.285962,0.362952,-0.846887,0.109985,0.417944,-0.967871,0.153979,-0.428943,1.099854,0.054993,-0.340955,1.143848,0.164978,-0.197974,1.165845,104144,494827,-92,112,8225,-16,-2,-18,639
1780493822.934487,104149,494835,0x0FFF,0.439941,0.428943,-1.077856,0.307959,0.505933,-0.923877,0.329956,0.417944,-0.857886,0.296960,-0.659912,1.275830,0.208972,-0.274963,1.275830,0.043994,-0.274963,1.297827,0.329956,0.241968,-0.945874,0.153979,0.439941,-0.791895,0.098987,0.384949,-0.945874,0.318958,-0.450940,0.967871,0.164978,-0.318958,1.176843,0.296960,-0.197974,1.286829,104148,494833,-91,125,8233,-17,-7,-19,645
1780493822.937550,104150,494837,0x0FFF,0.505933,0.483936,-0.912878,0.340955,0.406946,-0.967871,0.296960,0.274963,-0.923877,0.241968,-0.505933,1.220837,0.131982,-0.307959,1.231836,0.098987,-0.252966,1.275830,0.241968,0.329956,-0.879883,0.109985,0.296960,-0.879883,0.098987,0.428943,-0.813892,0.098987,-0.439941,1.077856,0.076990,-0.285962,1.121851,0.197974,-0.241968,1.143848,104148,494833,-91,125,8233,-17,-7,-19,645
1780493822.939509,104152,494839,0x0FFF,0.505933,0.296960,-0.923877,0.373950,0.428943,-0.967871,0.241968,0.406946,-0.923877,0.197974,-0.571924,1.077856,0.043994,-0.406946,1.330823,0.065991,-0.219971,1.297827,0.219971,0.384949,-0.967871,0.164978,0.406946,-0.857886,0.054993,0.483936,-0.945874,0.263965,-0.483936,0.989868,0.098987,-0.384949,1.187842,0.241968,-0.186975,1.143848,104151,494837,-89,113,8242,-18,-5,-23,643
1780493822.941395,104153,494841,0x0FFF,0.439941,0.307959,-0.956873,0.373950,0.472937,-1.011865,0.307959,0.417944,-0.978870,0.131982,-0.637915,1.253833,0.076990,-0.406946,1.143848,-0.065991,-0.285962,1.286829,0.285962,0.362952,-1.011865,0.131982,0.472937,-0.835889,0.109985,0.439941,-0.912878,0.219971,-0.296960,1.000867,0.109985,-0.428943,1.198840,0.208972,-0.164978,1.154846,104151,494837,-89,113,8242,-18,-5,-23,643
1780493822.943411,104154,494843,0x0FFF,0.406946,0.318958,-0.978870,0.263965,0.472937,-0.945874,0.230969,0.296960,-0.813892,0.307959,-0.714905,1.198840,0.065991,-0.362952,1.187842,-0.065991,-0.219971,1.330823,0.208972,0.307959,-0.945874,0.175977,0.428943,-0.769897,0.087988,0.318958,-0.868884,0.175977,-0.373950,1.044861,0.098987,-0.329956,1.253833,0.175977,-0.208972,1.231836,104151,494837,-89,113,8242,-18,-5,-23,643
1780493822.945362,104156,494845,0x0FFF,0.516931,0.384949,-1.033862,0.274963,0.549927,-0.923877,0.197974,0.384949,-0.868884,0.263965,-0.593921,1.286829,0.076990,-0.296960,1.242834,0.000000,-0.208972,1.297827,0.252966,0.285962,-0.934875,0.153979,0.340955,-0.714905,0.142981,0.428943,-0.912878,0.252966,-0.527930,0.967871,0.076990,-0.428943,1.077856,0.109985,-0.142981,1.231836,104155,494843,-92,107,8240,-16,0,-22,635
1780493822.947333,104157,494847,0x0FFF,0.505933,0.406946,-1.033862,0.285962,0.538928,-0.912878,0.274963,0.351953,-0.890881,0.230969,-0.725903,1.209839,0.153979,-0.340955,1.286829,-0.098987,-0.175977,1.220837,0.252966,0.362952,-0.945874,0.252966,0.428943,-0.835889,0.087988,0.406946,-0.989868,0.175977,-0.516931,0.978870,0.131982,-0.285962,1.198840,0.164978,-0.186975,1.132849,104155,494843,-92,107,8240,-16,0,-22,635
1780493822.949308,104159,494849,0x0FFF,0.417944,0.384949,-0.923877,0.296960,0.549927,-0.934875,0.329956,0.329956,-0.879883,0.307959,-0.527930,1.176843,0.043994,-0.384949,1.220837,-0.021997,-0.153979,1.242834,0.384949,0.384949,-0.912878,0.131982,0.472937,-0.802893,0.098987,0.527930,-0.923877,0.241968,-0.406946,0.967871,0.153979,-0.362952,1.044861,0.175977,-0.197974,1.220837,104158,494847,-106,112,8259,-15,-3,-20,638
1780493822.951243,104160,494851,0x0FFF,0.538928,0.362952,-1.066858,0.230969,0.527930,-0.945874,0.142981,0.318958,-1.099854,0.274963,-0.604919,1.242834,0.054993,-0.285962,1.209839,0.142981,-0.274963,1.242834,0.241968,0.340955,-1.022864,0.219971,0.373950,-0.857886,0.076990,0.494934,-0.956873,0.285962,-0.560925,0.945874,0.087988,-0.384949,1.099854,0.076990,-0.208972,1.209839,104158,494847,-106,112,8259,-15,-3,-20,638
1780493822.953857,104162,494853,0x0FFF,0.417944,0.417944,-1.000867,0.307959,0.571924,-0.945874,0.274963,0.384949,-0.868884,0.186975,-0.516931,1.253833,0.131982,-0.329956,1.176843,0.021997,-0.263965,1.407812,0.175977,0.384949,-0.978870,0.186975,0.395947,-0.846887,0.076990,0.384949,-0.967871,0.175977,-0.516931,0.967871,0.153979,-0.285962,1.132849,0.175977,-0.274963,1.220837,104161,494852,-95,110,8229,-19,-2,-21,637
1780493822.956276,104163,494855,0x0FFF,0.395947,0.329956,-0.879883,0.329956,0.439941,-0.901880,0.318958,0.351953,-0.923877,0.230969,-0.670911,1.220837,0.142981,-0.219971,1.209839,0.021997,-0.263965,1.220837,0.241968,0.362952,-0.879883,0.175977,0.373950,-0.736902,0.076990,0.373950,-1.000867,0.164978,-0.395947,0.978870,0.153979,-0.395947,1.165845,0.208972,-0.120984,1.198840,104161,494852,-95,110,8229,-19,-2,-21,637
1780493822.958619,104164,494858,0x0FFF,0.439941,0.285962,-1.000867,0.263965,0.406946,-0.791895,0.131982,0.362952,-0.890881,0.241968,-0.637915,1.198840,0.153979,-0.362952,1.176843,-0.043994,-0.274963,1.209839,0.252966,0.230969,-1.000867,0.219971,0.307959,-0.791895,0.087988,0.296960,-0.967871,0.230969,-0.417944,0.956873,0.142981,-0.329956,1.165845,0.120984,-0.142981,1.077856,104161,494852,-95,110,8229,-19,-2,-21,637
1780493822.959833,104166,494860,0x0FFF,0.516931,0.274963,-1.044861,0.263965,0.593921,-0.956873,0.296960,0.395947,-0.824890,0.230969,-0.637915,1.143848,0.021997,-0.351953,1.264832,-0.076990,-0.296960,1.297827,0.175977,0.285962,-0.868884,0.263965,0.329956,-0.835889,0.153979,0.318958,-0.846887,0.241968,-0.505933,0.956873,0.131982,-0.296960,1.132849,0.186975,-0.153979,1.209839,104165,494858,-94,107,8229,-16,-1,-21,641
1780493822.962239,104167,494862,0x0FFF,0.505933,0.340955,-0.956873,0.362952,0.527930,-0.923877,0.120984,0.329956,-0.846887,0.197974,-0.670911,1.330823,0.087988,-0.351953,1.330823,-0.109985,-0.142981,1.275830,0.241968,0.340955,-0.912878,0.164978,0.340955,-0.802893,0.043994,0.373950,-1.022864,0.175977,-0.395947,1.110852,0.120984,-0.263965,1.088855,0.219971,-0.230969,1.242834,104165,494858,-94,107,8229,-16,-1,-21,641
1780493822.964792,104169,494864,0x0FFF,0.450940,0.340955,-0.978870,0.252966,0.593921,-0.791895,0.252966,0.329956,-0.846887,0.230969,-0.516931,1.330823,0.164978,-0.362952,1.176843,-0.021997,-0.263965,1.297827,0.098987,0.307959,-0.967871,0.175977,0.373950,-0.813892,0.142981,0.428943,-1.022864,0.164978,-0.384949,1.022864,0.164978,-0.362952,1.099854,0.120984,-0.186975,1.297827,104168,494862,-98,109,8229,-16,-1,-24,640
1780493822.966954,104170,494866,0x0FFF,0.505933,0.307959,-0.890881,0.252966,0.505933,-0.835889,0.208972,0.296960,-0.802893,0.230969,-0.604919,1.220837,0.087988,-0.318958,1.253833,-0.021997,-0.252966,1.220837,0.164978,0.362952,-1.011865,0.076990,0.483936,-0.879883,0.153979,0.373950,-0.934875,0.274963,-0.483936,1.000867,0.010999,-0.351953,1.209839,0.142981,-0.197974,1.231836,104168,494862,-98,109,8229,-16,-1,-24,640
1780493822.969141,104171,494868,0x0FFF,0.417944,0.296960,-0.978870,0.417944,0.406946,-0.802893,0.329956,0.351953,-0.989868,0.274963,-0.670911,1.286829,0.109985,-0.406946,1.187842,0.076990,-0.186975,1.242834,0.142981,0.450940,-1.044861,0.153979,0.395947,-0.857886,0.087988,0.461938,-0.912878,0.340955,-0.395947,1.000867,0.076990,-0.274963,1.231836,0.175977,-0.186975,1.187842,104168,494862,-98,109,8229,-16,-1,-24,640
1780493822.970253,104173,494870,0x0FFF,0.395947,0.450940,-1.066858,0.329956,0.439941,-0.890881,0.252966,0.395947,-0.912878,0.263965,-0.604919,1.330823,0.142981,-0.395947,1.264832,0.065991,-0.318958,1.330823,0.186975,0.340955,-0.890881,0.230969,0.373950,-0.879883,0.153979,0.351953,-0.945874,0.208972,-0.483936,0.989868,0.131982,-0.307959,1.165845,0.098987,-0.098987,1.165845,104172,494868,-96,122,8227,-16,-2,-22,635
1780493822.972481,104174,494872,0x0FFF,0.450940,0.263965,-0.978870,0.208972,0.549927,-0.901880,0.263965,0.373950,-0.868884,0.241968,-0.648914,1.242834,0.142981,-0.406946,1.242834,-0.065991,-0.241968,1.341821,0.197974,0.307959,-0.945874,0.274963,0.505933,-0.747900,0.120984,0.483936,-0.989868,0.197974,-0.472937,0.945874,0.043994,-0.340955,1.055859,0.186975,-0.153979,1.220837,104172,494868,-96,122,8227,-16,-2,-22,635
1780493822.974773,104176,494874,0x0FFF,0.406946,0.329956,-0.978870,0.296960,0.571924,-0.791895,0.197974,0.351953,-0.879883,0.153979,-0.626917,1.209839,0.065991,-0.329956,1.286829,-0.032996,-0.318958,1.275830,0.208972,0.340955,-1.044861,0.197974,0.318958,-0.901880,0.175977,0.428943,-0.956873,0.164978,-0.439941,0.989868,0.109985,-0.516931,1.110852,0.164978,-0.186975,1.187842,104175,494872,-95,109,8249,-15,-1,-23,635
1780493822.977053,104177,494876,0x0FFF,0.472937,0.362952,-0.967871,0.252966,0.472937,-0.890881,0.252966,0.351953,-0.934875,0.351953,-0.637915,1.297827,0.153979,-0.428943,1.231836,0.010999,-0.252966,1.253833,0.241968,0.252966,-1.000867,0.131982,0.417944,-0.835889,0.109985,0.384949,-0.967871,0.208972,-0.406946,1.077856,0.142981,-0.329956,1.110852,0.219971,-0.208972,1.187842,104175,494872,-95,109,8249,-15,-1,-23,635
1780493822.979350,104178,494878,0x0FFF,0.505933,0.395947,-0.978870,0.296960,0.340955,-0.967871,0.318958,0.362952,-0.835889,0.263965,-0.648914,1.231836,0.109985,-0.296960,1.275830,0.087988,-0.186975,1.341821,0.274963,0.318958,-0.945874,0.219971,0.296960,-0.868884,0.131982,0.406946,-0.934875,0.307959,-0.406946,1.022864,0.087988,-0.362952,1.220837,-0.032996,-0.230969,1.231836,104175,494872,-95,109,8249,-15,-1,-23,635
1780493822.980891,104180,494880,0x0FFF,0.439941,0.351953,-1.022864,0.318958,0.516931,-0.945874,0.252966,0.395947,-0.912878,0.296960,-0.571924,1.176843,0.109985,-0.296960,1.242834,0.109985,-0.285962,1.275830,0.252966,0.252966,-1.055859,0.241968,0.296960,-0.791895,0.175977,0.406946,-1.022864,0.197974,-0.406946,1.011865,0.021997,-0.285962,1.088855,0.164978,-0.252966,1.253833,104179,494879,-107,104,8234,-15,-5,-21,638
1780493822.982175,104181,494883,0x0FFF,0.461938,0.263965,-0.956873,0.296960,0.483936,-0.934875,0.241968,0.340955,-0.868884,0.274963,-0.648914,1.209839,0.098987,-0.384949,1.154846,0.010999,-0.252966,1.187842,0.131982,0.329956,-1.000867,0.164978,0.395947,-0.835889,0.131982,0.417944,-0.868884,0.230969,-0.472937,0.923877,0.098987,-0.373950,1.143848,0.164978,-0.307959,1.198840,104179,494879,-107,104,8234,-15,-5,-21,638
1780493822.985353,104183,494885,0x0FFF,0.549927,0.373950,-1.022864,0.252966,0.472937,-0.857886,0.164978,0.230969,-0.857886,0.252966,-0.560925,1.275830,0.142981,-0.285962,1.253833,0.000000,-0.329956,1.286829,0.219971,0.373950,-1.000867,0.241968,0.428943,-0.802893,0.197974,0.351953,-0.868884,0.109985,-0.461938,0.978870,0.142981,-0.373950,1.132849,0.252966,-0.219971,1.198840,104182,494883,-100,108,8238,-16,-3,-20,639
1780493822.987761,104184,494887,0x0FFF,0.406946,0.296960,-0.868884,0.340955,0.472937,-0.945874,0.362952,0.373950,-0.945874,0.252966,-0.637915,1.154846,0.076990,-0.285962,1.231836,0.065991,-0.285962,1.187842,0.175977,0.329956,-0.912878,0.175977,0.329956,-0.835889,0.153979,0.406946,-0.879883,0.252966,-0.428943,0.912878,0.230969,-0.252966,1.242834,0.142981,-0.186975,1.209839,104182,494883,-100,108,8238,-16,-3,-20,639
1780493822.988911,104186,494889,0x0FFF,0.538928,0.373950,-1.033862,0.362952,0.461938,-0.901880,0.252966,0.329956,-0.956873,0.252966,-0.637915,1.154846,0.197974,-0.252966,1.297827,0.032996,-0.318958,1.264832,0.241968,0.362952,-0.956873,0.219971,0.384949,-0.824890,0.087988,0.483936,-0.868884,0.142981,-0.450940,0.923877,0.175977,-0.285962,1.011865,0.164978,-0.285962,1.165845,104185,494887,-101,112,8228,-18,-2,-22,635
1780493822.991422,104187,494891,0x0FFF,0.373950,0.252966,-0.956873,0.296960,0.373950,-0.989868,0.164978,0.351953,-0.868884,0.186975,-0.593921,1.231836,0.032996,-0.351953,1.198840,-0.098987,-0.274963,1.264832,0.186975,0.329956,-1.022864,0.076990,0.395947,-0.824890,0.153979,0.439941,-0.956873,0.109985,-0.406946,1.011865,0.186975,-0.351953,1.077856,0.197974,-0.252966,1.297827,104185,494887,-101,112,8228,-18,-2,-22,635
1780493822.994216,104188,494893,0x0FFF,0.450940,0.362952,-1.044861,0.263965,0.505933,-0.890881,0.175977,0.362952,-0.890881,0.230969,-0.604919,1.242834,0.164978,-0.340955,1.242834,-0.043994,-0.285962,1.253833,0.109985,0.329956,-0.890881,0.120984,0.351953,-0.901880,0.109985,0.494934,-0.901880,0.241968,-0.362952,0.956873,-0.043994,-0.395947,1.110852,0.076990,-0.252966,1.231836,104185,494887,-101,112,8228,-18,-2,-22,635
1780493822.995582,104190,494895,0x0FFF,0.571924,0.351953,-1.055859,0.307959,0.560925,-0.978870,0.208972,0.373950,-0.956873,0.285962,-0.571924,1.308826,0.186975,-0.362952,1.264832,-0.076990,-0.252966,1.330823,0.186975,0.384949,-0.989868,0.230969,0.516931,-0.758899,0.098987,0.461938,-0.934875,0.285962,-0.549927,0.945874,0.109985,-0.373950,1.110852,0.208972,-0.219971,1.253833,104189,494893,-98,111,8239,-16,-3,-21,633
1780493822.997802,104191,494897,0x0FFF,0.417944,0.307959,-0.901880,0.318958,0.461938,-0.934875,0.175977,0.296960,-0.857886,0.219971,-0.725903,1.143848,0.065991,-0.329956,1.286829,-0.043994,-0.186975,1.209839,0.263965,0.318958,-1.132849,0.175977,0.384949,-0.835889,0.065991,0.417944,-0.945874,0.186975,-0.428943,0.912878,0.175977,-0.351953,1.187842,0.208972,-0.208972,1.264832,104189,494893,-98,111,8239,-16,-3,-21,633
1780493823.000037,104193,494899,0x0FFF,0.329956,0.351953,-1.044861,0.307959,0.439941,-0.912878,0.142981,0.384949,-0.923877,0.307959,-0.692908,1.286829,0.065991,-0.285962,1.308826,0.043994,-0.318958,1.275830,0.186975,0.296960,-0.846887,0.164978,0.329956,-0.835889,0.109985,0.384949,-0.956873,0.175977,-0.549927,1.044861,0.098987,-0.230969,1.121851,0.285962,-0.197974,1.143848,104192,494897,-92,103,8230,-17,-3,-19,629
1780493823.002144,104194,494901,0x0FFF,0.538928,0.428943,-0.956873,0.296960,0.439941,-0.824890,0.274963,0.450940,-0.813892,0.296960,-0.714905,1.187842,0.087988,-0.340955,1.253833,0.120984,-0.252966,1.275830,0.131982,0.406946,-1.055859,0.197974,0.296960,-0.912878,0.109985,0.439941,-0.945874,0.230969,-0.439941,0.923877,0.109985,-0.296960,1.143848,0.087988,-0.175977,1.176843,104192,494897,-92,103,8230,-17,-3,-19,629
1780493823.004364,104195,494903,0x0FFF,0.384949,0.395947,-0.956873,0.340955,0.483936,-0.923877,0.164978,0.307959,-0.879883,0.318958,-0.472937,1.231836,0.109985,-0.274963,1.209839,0.010999,-0.208972,1.363818,0.175977,0.406946,-0.901880,0.109985,0.406946,-0.780896,0.043994,0.505933,-0.956873,0.208972,-0.406946,1.055859,0.120984,-0.318958,1.231836,0.076990,-0.186975,1.220837,104192,494897,-92,103,8230,-17,-3,-19,629
1780493823.006586,104197,494905,0x0FFF,0.494934,0.285962,-1.000867,0.351953,0.461938,-0.934875,0.241968,0.395947,-0.879883,0.230969,-0.582922,1.198840,0.109985,-0.296960,1.198840,0.054993,-0.252966,1.330823,0.098987,0.307959,-0.923877,0.186975,0.450940,-0.846887,0.076990,0.351953,-0.890881,0.109985,-0.406946,0.912878,0.054993,-0.263965,1.165845,0.186975,-0.241968,1.220837,104196,494904,-93,109,8241,-16,-1,-20,640
1780493823.007512,104198,494908,0x0FFF,0.472937,0.307959,-0.934875,0.384949,0.483936,-0.978870,0.362952,0.329956,-0.802893,0.285962,-0.824890,1.220837,0.076990,-0.285962,1.308826,-0.043994,-0.197974,1.264832,0.263965,0.373950,-0.967871,0.208972,0.406946,-0.846887,0.043994,0.285962,-0.868884,0.219971,-0.461938,0.923877,0.131982,-0.296960,1.132849,0.142981,-0.175977,1.220837,104196,494904,-93,109,8241,-16,-1,-20,640
1780493823.009598,104200,494910,0x0FFF,0.483936,0.329956,-0.857886,0.296960,0.516931,-0.945874,0.219971,0.274963,-0.912878,0.109985,-0.604919,1.242834,0.010999,-0.274963,1.176843,-0.087988,-0.307959,1.308826,0.164978,0.373950,-0.989868,0.263965,0.428943,-0.835889,0.241968,0.494934,-0.978870,0.230969,-0.417944,1.044861,0.087988,-0.373950,1.066858,0.098987,-0.241968,1.165845,104199,494908,-100,110,8243,-15,-3,-19,634
1780493823.012787,104201,494912,0x0FFF,0.505933,0.373950,-0.934875,0.307959,0.538928,-0.901880,0.131982,0.197974,-0.945874,0.230969,-0.604919,1.264832,0.109985,-0.296960,1.253833,-0.054993,-0.208972,1.297827,0.153979,0.219971,-1.055859,0.164978,0.384949,-0.846887,0.087988,0.285962,-1.000867,0.230969,-0.538928,0.923877,0.131982,-0.241968,1.055859,0.142981,-0.263965,1.187842,104199,494908,-100,110,8243,-15,-3,-19,634
1780493823.013806,104203,494914,0x0FFF,0.406946,0.384949,-0.989868,0.307959,0.483936,-0.912878,0.186975,0.395947,-0.923877,0.241968,-0.637915,1.231836,0.076990,-0.318958,1.253833,0.065991,-0.296960,1.220837,0.175977,0.428943,-0.945874,0.230969,0.472937,-0.813892,0.142981,0.439941,-0.835889,0.153979,-0.340955,0.967871,0.054993,-0.263965,1.132849,0.318958,-0.307959,1.220837,104202,494912,-94,123,8242,-15,-2,-20,638
1780493823.016897,104204,494916,0x0FFF,0.483936,0.329956,-0.978870,0.417944,0.472937,-0.923877,0.307959,0.428943,-0.879883,0.274963,-0.648914,1.187842,0.098987,-0.318958,1.187842,0.000000,-0.164978,1.242834,0.318958,0.395947,-0.934875,0.230969,0.472937,-0.725903,0.164978,0.362952,-0.791895,0.307959,-0.428943,0.923877,0.109985,-0.395947,1.143848,0.120984,-0.208972,1.198840,104202,494912,-94,123,8242,-15,-2,-20,638
1780493823.019015,104205,494918,0x0FFF,0.494934,0.340955,-1.110852,0.329956,0.417944,-0.846887,0.307959,0.351953,-0.890881,0.274963,-0.681909,1.165845,0.098987,-0.329956,1.297827,-0.010999,-0.219971,1.220837,0.241968,0.285962,-0.967871,0.241968,0.318958,-0.791895,0.153979,0.384949,-0.912878,0.208972,-0.329956,0.945874,0.208972,-0.395947,1.143848,0.153979,-0.329956,1.308826,104202,494912,-94,123,8242,-15,-2,-20,638
1780493823.019948,104207,494920,0x0FFF,0.494934,0.340955,-0.901880,0.263965,0.549927,-0.945874,0.230969,0.373950,-0.879883,0.329956,-0.648914,1.308826,0.076990,-0.395947,1.209839,-0.032996,-0.263965,1.341821,0.263965,0.340955,-0.989868,0.197974,0.395947,-0.912878,0.175977,0.461938,-0.945874,0.186975,-0.395947,1.033862,0.142981,-0.351953,1.165845,0.153979,-0.175977,1.209839,104206,494918,-94,111,8241,-19,-2,-20,631
1780493823.023086,104208,494922,0x0FFF,0.527930,0.362952,-1.033862,0.285962,0.516931,-0.802893,0.263965,0.274963,-0.890881,0.274963,-0.659912,1.143848,0.142981,-0.406946,1.187842,-0.043994,-0.252966,1.231836,0.274963,0.351953,-0.945874,0.219971,0.439941,-0.934875,0.109985,0.340955,-0.923877,0.230969,-0.461938,0.945874,0.109985,-0.329956,1.077856,0.164978,-0.087988,1.220837,104206,494918,-94,111,8241,-19,-2,-20,631
1780493823.025123,104210,494924,0x0FFF,0.373950,0.439941,-1.000867,0.241968,0.450940,-0.857886,0.175977,0.384949,-0.868884,0.351953,-0.582922,1.297827,0.142981,-0.274963,1.077856,0.032996,-0.274963,1.363818,0.241968,0.296960,-0.945874,0.285962,0.483936,-0.835889,0.186975,0.373950,-0.890881,0.274963,-0.362952,0.934875,0.164978,-0.417944,1.077856,0.197974,-0.219971,1.187842,104209,494922,-79,116,8236,-16,-3,-21,634
1780493823.027161,104211,494926,0x0FFF,0.362952,0.439941,-1.110852,0.340955,0.494934,-0.868884,0.219971,0.285962,-0.802893,0.109985,-0.549927,1.209839,0.000000,-0.318958,1.286829,0.043994,-0.274963,1.341821,0.307959,0.340955,-0.978870,0.142981,0.483936,-0.791895,0.164978,0.384949,-0.934875,0.329956,-0.450940,1.000867,0.054993,-0.340955,1.143848,0.087988,-0.241968,1.165845,104209,494922,-79,116,8236,-16,-3,-21,634
1780493823.029207,104212,494928,0x0FFF,0.406946,0.406946,-1.011865,0.340955,0.483936,-0.890881,0.395947,0.329956,-0.813892,0.219971,-0.615918,1.143848,0.120984,-0.373950,1.099854,-0.087988,-0.186975,1.319824,0.230969,0.274963,-1.000867,0.164978,0.417944,-0.846887,0.153979,0.450940,-0.978870,0.175977,-0.516931,0.956873,0.164978,-0.307959,1.209839,0.153979,-0.175977,1.209839,104209,494922,-79,116,8236,-16,-3,-21,634
1780493823.031239,104214,494930,0x0FFF,0.439941,0.274963,-0.934875,0.329956,0.428943,-0.934875,0.241968,0.318958,-0.945874,0.384949,-0.593921,1.187842,0.076990,-0.373950,1.220837,-0.032996,-0.285962,1.275830,0.186975,0.340955,-0.945874,0.230969,0.373950,-0.780896,0.164978,0.472937,-1.000867,0.186975,-0.417944,0.901880,0.175977,-0.285962,1.132849,0.120984,-0.175977,1.198840,104213,494929,-102,117,8235,-18,-6,-20,637
1780493823.033261,104215,494933,0x0FFF,0.439941,0.318958,-1.077856,0.351953,0.505933,-0.901880,0.230969,0.296960,-0.934875,0.252966,-0.604919,1.176843,0.065991,-0.230969,1.209839,-0.087988,-0.307959,1.385815,0.241968,0.296960,-0.868884,0.230969,0.417944,-0.780896,0.054993,0.450940,-0.901880,0.153979,-0.340955,1.000867,0.120984,-0.384949,1.165845,0.120984,-0.219971,1.253833,104213,494929,-102,117,8235,-18,-6,-20,637
1780493823.035326,104217,494935,0x0FFF,0.439941,0.307959,-1.000867,0.263965,0.615918,-0.835889,0.230969,0.318958,-1.033862,0.219971,-0.758899,1.352820,0.032996,-0.329956,1.308826,0.010999,-0.197974,1.143848,0.197974,0.329956,-0.945874,0.285962,0.263965,-0.890881,0.175977,0.450940,-0.890881,0.219971,-0.439941,1.055859,0.153979,-0.340955,1.198840,0.087988,-0.164978,1.143848,104216,494933,-98,111,8235,-16,-5,-22,638
1780493823.037325,104218,494937,0x0FFF,0.505933,0.263965,-1.000867,0.307959,0.538928,-0.934875,0.296960,0.395947,-1.000867,0.351953,-0.703906,1.176843,0.164978,-0.362952,1.022864,0.000000,-0.307959,1.209839,0.098987,0.340955,-1.044861,0.208972,0.329956,-0.802893,0.131982,0.505933,-0.945874,0.164978,-0.351953,1.066858,0.120984,-0.373950,1.132849,0.087988,-0.142981,1.132849,104216,494933,-98,111,8235,-16,-5,-22,638
1780493823.039305,104220,494939,0x0FFF,0.406946,0.285962,-0.890881,0.219971,0.439941,-0.989868,0.241968,0.417944,-0.890881,0.219971,-0.648914,1.187842,0.054993,-0.318958,1.275830,0.032996,-0.274963,1.396814,0.274963,0.417944,-0.890881,0.142981,0.395947,-0.791895,0.098987,0.483936,-0.879883,0.186975,-0.362952,1.000867,0.032996,-0.439941,1.154846,0.252966,-0.208972,1.264832,104219,494937,-89,130,8228,-14,-1,-21,635
1780493823.041207,104221,494941,0x0FFF,0.549927,0.362952,-0.934875,0.340955,0.527930,-1.022864,0.219971,0.329956,-0.956873,0.186975,-0.549927,1.220837,0.120984,-0.318958,1.176843,0.076990,-0.186975,1.396814,0.208972,0.285962,-0.945874,0.219971,0.450940,-0.802893,0.109985,0.395947,-0.879883,0.219971,-0.417944,0.934875,0.032996,-0.318958,1.088855,0.120984,-0.076990,1.154846,104219,494937,-89,130,8228,-14,-1,-21,635
1780493823.043224,104222,494943,0x0FFF,0.296960,0.263965,-0.912878,0.252966,0.395947,-0.978870,0.131982,0.318958,-0.835889,0.164978,-0.571924,1.198840,0.241968,-0.362952,1.231836,0.065991,-0.208972,1.275830,0.219971,0.362952,-0.912878,0.098987,0.472937,-0.912878,0.109985,0.373950,-0.912878,0.285962,-0.472937,0.978870,0.043994,-0.318958,1.209839,0.087988,-0.175977,1.209839,104219,494937,-89,130,8228,-14,-1,-21,635
1780493823.045190,104224,494945,0x0FFF,0.472937,0.274963,-0.978870,0.175977,0.472937,-0.945874,0.142981,0.241968,-0.912878,0.175977,-0.681909,1.231836,0.131982,-0.296960,1.176843,0.032996,-0.252966,1.363818,0.263965,0.351953,-0.967871,0.186975,0.483936,-0.912878,0.065991,0.505933,-0.912878,0.197974,-0.516931,1.033862,0.109985,-0.362952,1.176843,0.241968,-0.208972,1.297827,104223,494943,-93,117,8236,-19,-2,-22,630
1780493823.047205,104225,494947,0x0FFF,0.384949,0.351953,-0.934875,0.318958,0.527930,-0.868884,0.351953,0.307959,-0.934875,0.241968,-0.571924,1.220837,-0.032996,-0.307959,1.264832,0.175977,-0.252966,1.374817,0.274963,0.340955,-0.934875,0.241968,0.351953,-0.846887,0.153979,0.395947,-1.033862,0.087988,-0.373950,1.022864,0.142981,-0.406946,1.143848,0.076990,-0.164978,1.176843,104223,494943,-93,117,8236,-19,-2,-22,630
1780493823.049254,104227,494949,0x0FFF,0.406946,0.362952,-1.055859,0.318958,0.494934,-0.956873,0.208972,0.384949,-0.846887,0.241968,-0.593921,1.264832,0.142981,-0.329956,1.264832,0.043994,-0.120984,1.242834,0.153979,0.307959,-0.989868,0.252966,0.439941,-0.780896,0.131982,0.395947,-0.769897,0.197974,-0.516931,1.099854,0.043994,-0.395947,1.253833,0.098987,-0.186975,1.297827,104226,494947,-85,119,8235,-16,-3,-20,631
1780493823.052301,104228,494951,0x0FFF,0.439941,0.274963,-0.879883,0.340955,0.450940,-0.901880,0.186975,0.428943,-0.857886,0.395947,-0.604919,1.253833,0.252966,-0.285962,1.231836,0.087988,-0.296960,1.176843,0.230969,0.428943,-0.967871,0.197974,0.395947,-0.901880,0.054993,0.428943,-0.945874,0.230969,-0.472937,0.956873,0.021997,-0.318958,1.165845,0.186975,-0.153979,1.165845,104226,494947,-85,119,8235,-16,-3,-20,631
1780493823.054353,104229,494953,0x0FFF,0.406946,0.428943,-1.066858,0.318958,0.450940,-0.835889,0.197974,0.406946,-0.890881,0.120984,-0.626917,1.143848,0.021997,-0.307959,1.209839,0.120984,-0.263965,1.297827,0.252966,0.274963,-0.978870,0.186975,0.340955,-0.835889,0.153979,0.527930,-0.923877,0.230969,-0.417944,0.989868,0.142981,-0.395947,1.154846,0.197974,-0.175977,1.209839,104226,494947,-85,119,8235,-16,-3,-20,631
1780493823.056401,104231,494955,0x0FFF,0.417944,0.373950,-0.945874,0.307959,0.472937,-0.901880,0.252966,0.307959,-1.055859,0.362952,-0.494934,1.253833,0.098987,-0.351953,1.253833,-0.164978,-0.296960,1.242834,0.274963,0.318958,-0.945874,0.197974,0.472937,-0.813892,0.054993,0.351953,-0.945874,0.175977,-0.472937,1.022864,0.120984,-0.274963,1.077856,0.175977,-0.263965,1.198840,104230,494954,-97,110,8246,-15,-3,-24,633
1780493823.058488,104232,494958,0x0FFF,0.450940,0.395947,-0.934875,0.340955,0.516931,-0.956873,0.208972,0.461938,-0.846887,0.208972,-0.648914,1.187842,0.043994,-0.296960,1.253833,0.131982,-0.197974,1.407812,0.175977,0.296960,-0.945874,0.241968,0.340955,-0.824890,0.120984,0.483936,-0.956873,0.318958,-0.439941,0.989868,0.153979,-0.329956,1.143848,0.032996,-0.175977,1.264832,104230,494954,-97,110,8246,-15,-3,-24,633
1780493823.060498,104234,494960,0x0FFF,0.417944,0.384949,-0.956873,0.219971,0.527930,-1.055859,0.285962,0.296960,-0.879883,0.252966,-0.604919,0.989868,0.076990,-0.384949,1.253833,0.000000,-0.098987,1.286829,0.252966,0.274963,-0.923877,0.219971,0.406946,-0.879883,0.076990,0.340955,-0.956873,0.175977,-0.373950,1.022864,0.087988,-0.362952,1.165845,0.208972,-0.351953,1.242834,104233,494958,-89,109,8254,-15,-3,-24,629
1780493823.062568,104235,494962,0x0FFF,0.417944,0.329956,-1.044861,0.340955,0.538928,-0.923877,0.153979,0.296960,-0.868884,0.274963,-0.758899,1.286829,0.120984,-0.340955,1.231836,0.032996,-0.208972,1.297827,0.197974,0.395947,-0.989868,0.208972,0.461938,-0.824890,0.043994,0.406946,-0.934875,0.208972,-0.483936,1.055859,0.098987,-0.307959,1.132849,0.219971,-0.219971,1.165845,104233,494958,-89,109,8254,-15,-3,-24,629
1780493823.064599,104237,494964,0x0FFF,0.593921,0.373950,-1.022864,0.241968,0.406946,-0.879883,0.175977,0.395947,-0.868884,0.175977,-0.648914,1.231836,0.065991,-0.296960,1.286829,0.000000,-0.197974,1.275830,0.241968,0.296960,-0.989868,0.153979,0.406946,-0.923877,0.076990,0.527930,-0.989868,0.263965,-0.472937,1.033862,0.142981,-0.307959,1.121851,0.219971,-0.252966,1.143848,104236,494962,-100,103,8237,-17,-1,-21,640
1780493823.066576,104238,494966,0x0FFF,0.417944,0.340955,-1.044861,0.263965,0.494934,-0.868884,0.186975,0.307959,-0.945874,0.241968,-0.582922,1.297827,-0.010999,-0.296960,1.176843,0.098987,-0.307959,1.319824,0.285962,0.340955,-0.923877,0.241968,0.340955,-0.857886,0.142981,0.472937,-1.000867,0.252966,-0.384949,0.923877,0.175977,-0.351953,1.187842,0.098987,-0.076990,1.220837,104236,494962,-100,103,8237,-17,-1,-21,640
1780493823.068618,104239,494968,0x0FFF,0.450940,0.395947,-1.011865,0.219971,0.439941,-0.934875,0.296960,0.285962,-0.967871,0.252966,-0.659912,1.198840,0.054993,-0.285962,1.297827,-0.054993,-0.329956,1.242834,0.219971,0.307959,-0.901880,0.208972,0.340955,-0.769897,0.208972,0.329956,-0.901880,0.175977,-0.428943,0.945874,0.197974,-0.351953,1.176843,0.120984,-0.208972,1.132849,104236,494962,-100,103,8237,-17,-1,-21,640
1780493823.070650,104241,494970,0x0FFF,0.384949,0.384949,-0.857886,0.274963,0.571924,-0.901880,0.307959,0.417944,-0.901880,0.175977,-0.659912,1.264832,0.120984,-0.362952,1.132849,0.021997,-0.208972,1.253833,0.252966,0.252966,-0.923877,0.175977,0.318958,-0.791895,0.065991,0.472937,-0.934875,0.197974,-0.527930,0.923877,0.142981,-0.285962,1.121851,0.120984,-0.153979,1.176843,104240,494968,-102,110,8235,-17,-1,-19,629
1780493823.072655,104242,494972,0x0FFF,0.428943,0.384949,-1.022864,0.252966,0.439941,-0.923877,0.274963,0.450940,-0.879883,0.307959,-0.692908,1.231836,0.054993,-0.395947,1.121851,-0.109985,-0.241968,1.242834,0.131982,0.373950,-0.967871,0.186975,0.439941,-0.758899,0.186975,0.373950,-0.890881,0.285962,-0.417944,0.945874,0.076990,-0.274963,1.143848,0.164978,-0.263965,1.286829,104240,494968,-102,110,8235,-17,-1,-19,629
1780493823.074703,104244,494974,0x0FFF,0.428943,0.373950,-0.934875,0.318958,0.472937,-0.945874,0.296960,0.417944,-0.879883,0.175977,-0.615918,1.231836,0.054993,-0.318958,1.187842,-0.120984,-0.252966,1.231836,0.186975,0.318958,-0.912878,0.296960,0.384949,-0.868884,0.087988,0.384949,-0.978870,0.142981,-0.472937,0.923877,0.120984,-0.285962,1.143848,0.208972,-0.142981,1.110852,104243,494972,-88,121,8245,-17,-5,-21,644
1780493823.076623,104245,494976,0x0FFF,0.461938,0.351953,-0.868884,0.351953,0.461938,-0.879883,0.175977,0.340955,-1.033862,0.340955,-0.604919,1.264832,0.087988,-0.318958,1.187842,0.054993,-0.318958,1.264832,0.230969,0.274963,-0.923877,0.241968,0.472937,-0.747900,0.098987,0.351953,-0.879883,0.197974,-0.472937,1.066858,0.109985,-0.252966,1.209839,0.087988,-0.208972,1.253833,104243,494972,-88,121,8245,-17,-5,-21,644
1780493823.078642,104246,494978,0x0FFF,0.307959,0.263965,-1.011865,0.285962,0.560925,-1.022864,0.307959,0.296960,-0.901880,0.285962,-0.659912,1.176843,0.054993,-0.351953,1.319824,-0.043994,-0.296960,1.297827,0.230969,0.362952,-0.945874,0.186975,0.351953,-0.890881,0.032996,0.417944,-1.000867,0.252966,-0.384949,0.934875,0.197974,-0.340955,1.198840,0.120984,-0.175977,1.110852,104243,494972,-88,121,8245,-17,-5,-21,644
1780493823.080624,104248,494980,0x0FFF,0.505933,0.329956,-1.022864,0.307959,0.461938,-0.890881,0.230969,0.285962,-0.956873,0.186975,-0.538928,1.176843,0.021997,-0.373950,1.198840,0.109985,-0.351953,1.286829,0.219971,0.274963,-0.956873,0.219971,0.373950,-0.813892,0.153979,0.494934,-1.044861,0.186975,-0.461938,0.923877,0.109985,-0.428943,1.088855,0.208972,-0.219971,1.253833,104247,494979,-93,126,8255,-17,-2,-21,644
1780493823.082589,104249,494983,0x0FFF,0.483936,0.395947,-0.967871,0.428943,0.494934,-0.989868,0.274963,0.450940,-0.934875,0.252966,-0.659912,1.231836,0.131982,-0.340955,1.253833,-0.065991,-0.307959,1.187842,0.164978,0.285962,-0.945874,0.230969,0.351953,-0.890881,0.098987,0.527930,-0.857886,0.219971,-0.505933,0.967871,0.186975,-0.285962,1.132849,0.175977,-0.197974,1.253833,104247,494979,-93,126,8255,-17,-2,-21,644
1780493823.084631,104251,494985,0x0FFF,0.461938,0.296960,-1.011865,0.406946,0.494934,-0.879883,0.186975,0.230969,-0.890881,0.208972,-0.615918,1.143848,0.131982,-0.362952,1.264832,-0.054993,-0.175977,1.341821,0.219971,0.296960,-1.033862,0.197974,0.439941,-0.846887,0.197974,0.439941,-0.989868,0.208972,-0.417944,0.956873,0.065991,-0.351953,1.198840,0.241968,-0.197974,1.088855,104250,494983,-89,108,8244,-16,-2,-22,629
1780493823.087755,104252,494987,0x0FFF,0.395947,0.197974,-1.033862,0.340955,0.417944,-1.000867,0.219971,0.274963,-0.956873,0.274963,-0.571924,1.253833,0.142981,-0.329956,1.264832,0.010999,-0.263965,1.319824,0.131982,0.307959,-0.934875,0.186975,0.351953,-0.802893,0.087988,0.417944,-1.000867,0.197974,-0.472937,0.967871,0.120984,-0.406946,1.165845,0.186975,-0.241968,1.187842,104250,494983,-89,108,8244,-16,-2,-22,629
1780493823.089831,104254,494989,0x0FFF,0.384949,0.395947,-1.066858,0.285962,0.428943,-1.000867,0.263965,0.373950,-0.813892,0.318958,-0.604919,1.275830,0.153979,-0.395947,1.176843,0.000000,-0.252966,1.297827,0.076990,0.340955,-0.967871,0.153979,0.439941,-0.769897,0.098987,0.384949,-0.857886,0.252966,-0.461938,0.868884,0.043994,-0.285962,1.176843,0.208972,-0.230969,1.220837,104253,494987,-92,111,8232,-14,-3,-20,640
1780493823.091795,104255,494991,0x0FFF,0.428943,0.351953,-0.967871,0.263965,0.395947,-0.934875,0.329956,0.296960,-0.945874,0.296960,-0.626917,1.165845,0.065991,-0.329956,1.165845,0.054993,-0.263965,1.264832,0.142981,0.296960,-0.934875,0.142981,0.417944,-0.802893,0.164978,0.428943,-0.923877,0.131982,-0.450940,0.978870,0.142981,-0.340955,1.088855,0.131982,-0.153979,1.154846,104253,494987,-92,111,8232,-14,-3,-20,640
1780493823.093820,104256,494993,0x0FFF,0.483936,0.351953,-0.934875,0.307959,0.417944,-1.011865,0.351953,0.318958,-0.989868,0.186975,-0.648914,1.176843,0.131982,-0.329956,1.242834,0.021997,-0.230969,1.330823,0.208972,0.307959,-0.945874,0.153979,0.428943,-0.791895,0.197974,0.417944,-0.901880,0.318958,-0.428943,1.099854,0.164978,-0.417944,1.187842,0.186975,-0.186975,1.187842,104253,494987,-92,111,8232,-14,-3,-20,640
1780493823.095829,104258,494995,0x0FFF,0.362952,0.362952,-1.000867,0.307959,0.505933,-0.945874,0.307959,0.417944,-0.890881,0.142981,-0.670911,1.275830,0.109985,-0.318958,1.286829,0.054993,-0.175977,1.330823,0.263965,0.274963,-0.923877,0.252966,0.329956,-0.890881,0.109985,0.406946,-0.857886,0.087988,-0.472937,1.110852,0.142981,-0.296960,1.055859,0.230969,-0.164978,1.231836,104257,494993,-97,104,8240,-17,0,-21,639
1780493823.097889,104259,494997,0x0FFF,0.439941,0.318958,-0.945874,0.285962,0.472937,-1.044861,0.252966,0.439941,-0.934875,0.285962,-0.703906,1.242834,0.032996,-0.461938,1.242834,0.054993,-0.274963,1.264832,0.098987,0.395947,-0.956873,0.186975,0.230969,-0.791895,0.098987,0.505933,-0.868884,0.153979,-0.384949,0.956873,0.109985,-0.340955,1.154846,0.197974,-0.252966,1.187842,104257,494993,-97,104,8240,-17,0,-21,639
1780493823.099881,104261,494999,0x0FFF,0.450940,0.307959,-0.989868,0.362952,0.461938,-0.912878,0.219971,0.241968,-0.868884,0.208972,-0.527930,1.132849,0.142981,-0.362952,1.198840,0.032996,-0.219971,1.275830,0.219971,0.351953,-1.022864,0.197974,0.395947,-0.802893,0.252966,0.417944,-0.868884,0.274963,-0.406946,0.934875,0.065991,-0.395947,1.198840,0.197974,-0.285962,1.264832,104260,494997,-89,108,8235,-18,-4,-22,635
1780493823.101835,104262,495001,0x0FFF,0.450940,0.439941,-0.989868,0.241968,0.483936,-0.835889,0.186975,0.252966,-1.000867,0.186975,-0.626917,1.220837,0.087988,-0.461938,1.253833,-0.043994,-0.208972,1.319824,0.175977,0.318958,-1.022864,0.274963,0.406946,-0.824890,0.098987,0.406946,-0.912878,0.307959,-0.472937,0.846887,0.065991,-0.318958,1.176843,0.230969,-0.230969,1.253833,104260,494997,-89,108,8235,-18,-4,-22,635
1780493823.103858,104263,495003,0x0FFF,0.417944,0.296960,-1.022864,0.340955,0.494934,-0.868884,0.208972,0.274963,-0.901880,0.153979,-0.736902,1.308826,0.142981,-0.406946,1.187842,0.000000,-0.362952,1.341821,0.208972,0.395947,-1.000867,0.186975,0.395947,-0.769897,0.208972,0.450940,-0.956873,0.208972,-0.527930,0.978870,0.087988,-0.318958,1.253833,0.219971,-0.164978,1.154846,104260,494997,-89,108,8235,-18,-4,-22,635
1780493823.105875,104265,495005,0x0FFF,0.494934,0.505933,-1.044861,0.340955,0.516931,-0.923877,0.219971,0.329956,-0.923877,0.351953,-0.450940,1.176843,-0.043994,-0.351953,1.242834,0.032996,-0.197974,1.352820,0.274963,0.263965,-0.956873,0.142981,0.472937,-0.890881,0.296960,0.560925,-0.978870,0.175977,-0.351953,0.989868,0.032996,-0.274963,1.132849,0.219971,-0.164978,1.253833,104264,495004,-96,103,8243,-17,-4,-19,629
1780493823.107901,104266,495008,0x0FFF,0.417944,0.472937,-1.088855,0.362952,0.505933,-0.890881,0.263965,0.340955,-1.011865,0.208972,-0.582922,1.165845,0.032996,-0.318958,1.297827,-0.032996,-0.219971,1.308826,0.164978,0.263965,-0.989868,0.186975,0.395947,-0.857886,0.197974,0.428943,-0.923877,0.230969,-0.362952,0.956873,0.054993,-0.340955,1.088855,0.175977,-0.131982,1.374817,104264,495004,-96,103,8243,-17,-4,-19,629
1780493823.109885,104268,495010,0x0FFF,0.373950,0.329956,-1.110852,0.329956,0.505933,-0.901880,0.230969,0.340955,-0.846887,0.263965,-0.527930,1.209839,0.065991,-0.450940,1.143848,0.043994,-0.230969,1.319824,0.285962,0.318958,-1.077856,0.175977,0.439941,-0.692908,0.021997,0.439941,-0.934875,0.285962,-0.395947,0.912878,0.186975,-0.472937,1.121851,0.142981,-0.153979,1.264832,104267,495008,-104,116,8247,-18,-1,-21,641
1780493823.111812,104269,495012,0x0FFF,0.406946,0.373950,-0.978870,0.318958,0.439941,-0.934875,0.186975,0.318958,-0.868884,0.263965,-0.637915,1.242834,0.120984,-0.417944,1.220837,0.076990,-0.285962,1.220837,0.131982,0.318958,-0.945874,0.120984,0.406946,-0.802893,0.098987,0.483936,-0.923877,0.318958,-0.395947,0.978870,0.098987,-0.351953,1.176843,0.098987,-0.142981,1.209839,104267,495008,-104,116,8247,-18,-1,-21,641
1780493823.113823,104270,495014,0x0FFF,0.450940,0.417944,-0.967871,0.384949,0.494934,-0.978870,0.230969,0.318958,-0.945874,0.219971,-0.604919,1.231836,0.076990,-0.307959,1.198840,0.021997,-0.296960,1.231836,0.164978,0.307959,-0.945874,0.109985,0.307959,-0.769897,0.098987,0.472937,-1.044861,0.175977,-0.439941,1.000867,0.087988,-0.395947,1.110852,0.131982,-0.230969,1.132849,104267,495008,-104,116,8247,-18,-1,-21,641
1780493823.115872,104272,495016,0x0FFF,0.395947,0.351953,-0.956873,0.340955,0.450940,-0.835889,0.241968,0.461938,-0.945874,0.263965,-0.472937,1.275830,0.010999,-0.340955,1.330823,0.032996,-0.186975,1.319824,0.274963,0.296960,-0.989868,0.208972,0.428943,-0.758899,0.197974,0.384949,-0.890881,0.197974,-0.450940,1.022864,0.142981,-0.318958,1.088855,0.175977,-0.131982,1.253833,104271,495014,-94,120,8240,-16,0,-24,640
1780493823.119005,104273,495018,0x0FFF,0.450940,0.450940,-0.945874,0.263965,0.395947,-0.912878,0.164978,0.384949,-1.033862,0.340955,-0.604919,1.121851,0.021997,-0.373950,1.264832,0.032996,-0.252966,1.209839,0.142981,0.307959,-0.923877,0.131982,0.428943,-0.714905,0.120984,0.373950,-0.934875,0.098987,-0.472937,0.945874,0.010999,-0.351953,1.143848,0.142981,-0.142981,1.220837,104271,495014,-94,120,8240,-16,0,-24,640
1780493823.121089,104275,495020,0x0FFF,0.395947,0.340955,-1.110852,0.285962,0.483936,-0.945874,0.219971,0.362952,-0.912878,0.219971,-0.604919,1.209839,0.109985,-0.296960,1.275830,0.131982,-0.263965,1.374817,0.230969,0.351953,-0.846887,0.109985,0.450940,-0.824890,0.142981,0.472937,-0.846887,0.087988,-0.351953,1.022864,0.131982,-0.362952,1.187842,0.131982,-0.186975,1.187842,104274,495018,-87,116,8228,-15,-1,-17,641
1780493823.123153,104276,495022,0x0FFF,0.417944,0.241968,-0.934875,0.252966,0.560925,-0.967871,0.263965,0.296960,-0.956873,0.208972,-0.615918,1.286829,0.109985,-0.373950,1.121851,-0.043994,-0.142981,1.330823,0.219971,0.318958,-1.000867,0.263965,0.417944,-0.725903,0.186975,0.505933,-0.901880,0.175977,-0.362952,1.077856,-0.021997,-0.318958,1.143848,0.153979,-0.219971,1.143848,104274,495018,-87,116,8228,-15,-1,-17,641
1780493823.125195,104278,495024,0x0FFF,0.318958,0.351953,-0.868884,0.252966,0.428943,-0.890881,0.208972,0.406946,-0.802893,0.219971,-0.714905,1.253833,0.131982,-0.472937,1.220837,0.043994,-0.285962,1.253833,0.274963,0.472937,-0.879883,0.351953,0.351953,-0.824890,0.197974,0.428943,-0.780896,0.263965,-0.527930,0.978870,0.109985,-0.384949,1.165845,0.263965,-0.197974,1.132849,104277,495022,-100,107,8237,-17,0,-21,629
1780493823.127166,104279,495026,0x0FFF,0.428943,0.241968,-0.945874,0.340955,0.428943,-0.912878,0.340955,0.329956,-0.824890,0.197974,-0.615918,1.363818,0.076990,-0.329956,1.231836,0.076990,-0.285962,1.242834,0.208972,0.296960,-1.000867,0.208972,0.406946,-0.846887,0.098987,0.538928,-0.989868,0.252966,-0.461938,0.967871,0.142981,-0.351953,1.176843,0.164978,-0.219971,1.187842,104277,495022,-100,107,8237,-17,0,-21,629
1780493823.129226,104280,495028,0x0FFF,0.417944,0.329956,-0.945874,0.329956,0.516931,-0.945874,0.274963,0.340955,-0.945874,0.252966,-0.681909,1.187842,0.087988,-0.362952,1.253833,-0.021997,-0.219971,1.319824,0.186975,0.362952,-0.956873,0.153979,0.439941,-0.780896,0.153979,0.439941,-0.824890,0.197974,-0.527930,1.000867,0.153979,-0.208972,1.165845,0.263965,-0.109985,1.275830,104277,495022,-100,107,8237,-17,0,-21,629
1780493823.131234,104282,495030,0x0FFF,0.428943,0.274963,-0.956873,0.208972,0.516931,-0.934875,0.263965,0.428943,-0.923877,0.307959,-0.692908,1.253833,0.032996,-0.373950,1.231836,0.054993,-0.241968,1.198840,0.219971,0.285962,-0.879883,0.252966,0.384949,-0.879883,0.087988,0.461938,-0.912878,0.120984,-0.483936,0.901880,0.219971,-0.296960,1.154846,0.164978,-0.197974,1.198840,104281,495029,-91,112,8234,-16,-1,-22,638
1780493823.133302,104283,495033,0x0FFF,0.450940,0.406946,-1.055859,0.307959,0.494934,-0.967871,0.131982,0.307959,-0.934875,0.076990,-0.582922,1.297827,0.032996,-0.285962,1.220837,-0.010999,-0.296960,1.187842,0.208972,0.241968,-0.890881,0.197974,0.351953,-0.692908,0.098987,0.483936,-0.824890,0.263965,-0.494934,0.978870,0.076990,-0.329956,1.165845,0.153979,-0.263965,1.165845,104281,495029,-91,112,8234,-16,-1,-22,638
1780493823.135309,104285,495035,0x0FFF,0.384949,0.329956,-1.088855,0.274963,0.406946,-0.967871,0.274963,0.373950,-1.022864,0.307959,-0.648914,1.242834,0.164978,-0.340955,1.308826,0.142981,-0.318958,1.286829,0.120984,0.329956,-0.967871,0.131982,0.428943,-0.857886,0.142981,0.417944,-0.934875,0.219971,-0.527930,0.967871,0.032996,-0.329956,1.154846,0.120984,-0.263965,1.231836,104284,495033,-102,104,8242,-14,-4,-23,639
1780493823.137285,104286,495037,0x0FFF,0.472937,0.340955,-1.055859,0.274963,0.560925,-0.901880,0.274963,0.439941,-0.868884,0.197974,-0.560925,1.198840,0.120984,-0.329956,1.253833,0.032996,-0.384949,1.187842,0.252966,0.285962,-0.967871,0.120984,0.417944,-0.802893,0.087988,0.439941,-0.989868,0.230969,-0.384949,0.989868,0.153979,-0.340955,1.176843,0.263965,-0.175977,1.220837,104284,495033,-102,104,8242,-14,-4,-23,639
1780493823.139279,104287,495039,0x0FFF,0.373950,0.351953,-0.945874,0.285962,0.505933,-0.967871,0.252966,0.274963,-0.879883,0.230969,-0.670911,1.143848,0.076990,-0.329956,1.165845,0.032996,-0.153979,1.198840,0.164978,0.395947,-1.044861,0.186975,0.351953,-0.780896,0.164978,0.439941,-0.901880,0.197974,-0.483936,0.868884,-0.010999,-0.340955,1.121851,0.109985,-0.131982,1.143848,104284,495033,-102,104,8242,-14,-4,-23,639
1780493823.141294,104289,495041,0x0FFF,0.494934,0.329956,-0.934875,0.351953,0.505933,-0.945874,0.197974,0.362952,-0.879883,0.307959,-0.692908,1.418811,0.065991,-0.329956,1.242834,-0.054993,-0.252966,1.253833,0.164978,0.241968,-1.099854,0.065991,0.384949,-0.923877,0.120984,0.428943,-0.912878,0.208972,-0.494934,1.110852,0.164978,-0.340955,1.110852,0.109985,-0.329956,1.242834,104288,495039,-90,109,8240,-17,-4,-18,640
1780493823.143304,104290,495043,0x0FFF,0.483936,0.296960,-0.879883,0.285962,0.571924,-0.813892,0.230969,0.307959,-0.890881,0.175977,-0.604919,1.198840,0.043994,-0.384949,1.253833,0.054993,-0.307959,1.352820,0.219971,0.230969,-1.033862,0.241968,0.472937,-0.934875,0.043994,0.428943,-0.967871,0.175977,-0.582922,0.978870,0.109985,-0.362952,1.121851,0.164978,-0.252966,1.209839,104288,495039,-90,109,8240,-17,-4,-18,640
1780493823.145300,104292,495045,0x0FFF,0.516931,0.340955,-0.846887,0.340955,0.406946,-0.934875,0.252966,0.472937,-0.868884,0.230969,-0.637915,1.242834,0.131982,-0.395947,1.231836,0.076990,-0.230969,1.187842,0.164978,0.307959,-0.978870,0.098987,0.384949,-0.857886,0.175977,0.461938,-0.901880,0.186975,-0.571924,1.121851,0.120984,-0.263965,1.110852,0.219971,-0.252966,1.187842,104291,495043,-103,116,8237,-15,-1,-19,631
1780493823.147350,104293,495047,0x0FFF,0.373950,0.417944,-1.022864,0.285962,0.516931,-0.901880,0.208972,0.329956,-0.945874,0.307959,-0.615918,1.330823,0.109985,-0.351953,1.264832,-0.010999,-0.219971,1.143848,0.142981,0.208972,-0.879883,0.098987,0.428943,-0.857886,0.087988,0.549927,-0.923877,0.208972,-0.461938,0.945874,0.131982,-0.362952,1.319824,0.219971,-0.263965,1.176843,104291,495043,-103,116,8237,-15,-1,-19,631
1780493823.149350,104295,495049,0x0FFF,0.340955,0.351953,-0.989868,0.296960,0.505933,-0.945874,0.241968,0.362952,-0.857886,0.252966,-0.692908,1.198840,0.043994,-0.340955,1.187842,-0.043994,-0.395947,1.286829,0.120984,0.263965,-0.989868,0.241968,0.373950,-0.747900,0.285962,0.538928,-1.000867,0.197974,-0.483936,1.209839,0.274963,-0.329956,1.121851,0.230969,-0.175977,1.264832,104294,495047,-95,115,8237,-16,-1,-20,638
1780493823.151260,104296,495051,0x0FFF,0.450940,0.417944,-0.967871,0.395947,0.582922,-0.791895,0.230969,0.362952,-1.011865,0.164978,-0.637915,1.330823,0.087988,-0.362952,1.242834,0.142981,-0.274963,1.363818,0.351953,0.417944,-1.033862,0.197974,0.373950,-0.780896,0.098987,0.351953,-0.945874,0.153979,-0.340955,0.923877,0.208972,-0.373950,1.099854,0.197974,-0.175977,1.242834,104294,495047,-95,115,8237,-16,-1,-20,638
1780493823.154501,104297,495053,0x0FFF,0.373950,0.384949,-0.868884,0.296960,0.428943,-0.945874,0.241968,0.263965,-0.813892,0.186975,-0.516931,1.242834,0.164978,-0.274963,1.209839,0.021997,-0.164978,1.374817,0.263965,0.296960,-1.011865,0.219971,0.384949,-0.835889,0.142981,0.494934,-0.989868,0.263965,-0.472937,0.934875,0.142981,-0.362952,1.176843,0.164978,-0.197974,1.242834,104294,495047,-95,115,8237,-16,-1,-20,638
1780493823.155397,104299,495055,0x0FFF,0.571924,0.351953,-1.044861,0.417944,0.450940,-0.967871,0.241968,0.351953,-0.868884,0.329956,-0.637915,1.154846,0.087988,-0.428943,1.099854,-0.043994,-0.307959,1.275830,0.164978,0.318958,-0.934875,0.230969,0.307959,-0.791895,0.131982,0.417944,-0.890881,0.164978,-0.461938,1.033862,0.186975,-0.384949,1.176843,0.175977,-0.197974,1.242834,104298,495054,-92,100,8224,-19,-6,-22,639
1780493823.158535,104300,495058,0x0FFF,0.362952,0.318958,-1.033862,0.230969,0.406946,-0.890881,0.109985,0.351953,-0.912878,0.186975,-0.648914,1.176843,0.131982,-0.307959,1.352820,0.032996,-0.307959,1.308826,0.208972,0.252966,-1.000867,0.208972,0.439941,-0.813892,0.164978,0.395947,-0.857886,0.252966,-0.384949,0.846887,0.087988,-0.428943,1.242834,0.164978,-0.230969,1.264832,104298,495054,-92,100,8224,-19,-6,-22,639
1780493823.160577,104302,495060,0x0FFF,0.362952,0.307959,-0.967871,0.197974,0.406946,-0.923877,0.241968,0.296960,-0.769897,0.329956,-0.659912,1.330823,0.186975,-0.285962,1.176843,0.010999,-0.329956,1.176843,0.142981,0.307959,-1.000867,0.175977,0.439941,-0.868884,0.109985,0.395947,-0.967871,0.373950,-0.505933,0.989868,0.120984,-0.296960,1.154846,0.197974,-0.186975,1.363818,104301,495058,-90,112,8255,-17,-3,-21,630
1780493823.162574,104303,495062,0x0FFF,0.494934,0.263965,-0.967871,0.274963,0.439941,-1.011865,0.197974,0.351953,-0.890881,0.230969,-0.648914,1.264832,0.076990,-0.329956,1.231836,0.000000,-0.142981,1.231836,0.241968,0.340955,-0.923877,0.274963,0.472937,-0.747900,0.098987,0.439941,-1.011865,0.208972,-0.428943,0.923877,0.109985,-0.450940,1.264832,0.164978,-0.197974,1.143848,104301,495058,-90,112,8255,-17,-3,-21,630
1780493823.164616,104304,495064,0x0FFF,0.428943,0.406946,-0.967871,0.241968,0.538928,-1.000867,0.362952,0.384949,-0.989868,0.252966,-0.538928,1.286829,0.230969,-0.340955,1.143848,0.043994,-0.296960,1.286829,0.208972,0.241968,-0.945874,0.197974,0.395947,-0.824890,0.109985,0.395947,-0.934875,0.153979,-0.472937,0.901880,0.175977,-0.318958,1.132849,0.219971,-0.219971,1.143848,104301,495058,-90,112,8255,-17,-3,-21,630
1780493823.166634,104306,495066,0x0FFF,0.340955,0.373950,-0.923877,0.318958,0.549927,-0.912878,0.307959,0.384949,-0.923877,0.142981,-0.538928,1.264832,0.109985,-0.274963,1.242834,0.032996,-0.318958,1.231836,0.131982,0.285962,-0.956873,0.219971,0.395947,-0.846887,0.164978,0.406946,-0.879883,0.274963,-0.450940,1.022864,0.098987,-0.373950,1.176843,0.219971,-0.186975,1.198840,104305,495064,-107,119,8240,-16,-5,-23,640
1780493823.168700,104307,495068,0x0FFF,0.373950,0.395947,-0.989868,0.318958,0.373950,-0.901880,0.230969,0.384949,-0.868884,0.197974,-0.670911,1.165845,0.120984,-0.351953,1.253833,-0.098987,-0.263965,1.374817,0.241968,0.395947,-0.912878,0.186975,0.384949,-0.780896,0.131982,0.395947,-0.824890,0.131982,-0.329956,1.077856,-0.010999,-0.318958,1.220837,0.076990,-0.263965,1.242834,104305,495064,-107,119,8240,-16,-5,-23,640
1780493823.170741,104309,495070,0x0FFF,0.516931,0.362952,-0.945874,0.098987,0.505933,-0.978870,0.230969,0.340955,-0.868884,0.186975,-0.549927,1.220837,0.054993,-0.274963,1.242834,0.043994,-0.296960,1.352820,0.142981,0.285962,-1.055859,0.197974,0.417944,-0.681909,0.153979,0.428943,-0.945874,0.142981,-0.571924,1.055859,0.054993,-0.329956,0.956873,0.274963,-0.241968,1.209839,104308,495068,-81,109,8237,-17,-3,-21,651
1780493823.172764,104310,495072,0x0FFF,0.406946,0.351953,-0.967871,0.274963,0.439941,-1.011865,0.285962,0.340955,-0.923877,0.274963,-0.582922,1.088855,0.032996,-0.362952,1.231836,-0.054993,-0.230969,1.330823,0.164978,0.384949,-1.000867,0.153979,0.340955,-0.736902,0.142981,0.527930,-0.923877,0.219971,-0.461938,0.967871,0.164978,-0.263965,1.231836,0.197974,-0.164978,1.187842,104308,495068,-81,109,8237,-17,-3,-21,651
1780493823.174770,104312,495074,0x0FFF,0.439941,0.307959,-0.901880,0.230969,0.505933,-0.912878,0.230969,0.406946,-0.813892,0.197974,-0.626917,1.242834,0.098987,-0.307959,1.176843,-0.010999,-0.318958,1.220837,0.131982,0.373950,-0.967871,0.175977,0.406946,-0.824890,0.032996,0.340955,-0.890881,0.296960,-0.483936,0.967871,0.098987,-0.340955,1.121851,0.131982,-0.175977,1.264832,104311,495073,-74,112,8242,-17,-1,-20,632
1780493823.176733,104313,495076,0x0FFF,0.461938,0.296960,-1.000867,0.307959,0.516931,-0.901880,0.219971,0.384949,-0.901880,0.263965,-0.681909,1.154846,0.054993,-0.373950,1.341821,-0.032996,-0.230969,1.297827,0.230969,0.340955,-1.022864,0.274963,0.285962,-0.945874,0.186975,0.351953,-0.868884,0.252966,-0.439941,1.088855,0.142981,-0.274963,1.286829,0.263965,-0.142981,1.253833,104311,495073,-74,112,8242,-17,-1,-20,632
1780493823.178779,104314,495078,0x0FFF,0.296960,0.318958,-1.011865,0.362952,0.384949,-0.956873,0.263965,0.362952,-0.824890,0.263965,-0.604919,1.187842,0.054993,-0.340955,1.231836,0.000000,-0.263965,1.264832,0.230969,0.274963,-0.901880,0.263965,0.340955,-0.879883,0.120984,0.395947,-0.945874,0.197974,-0.384949,0.912878,0.076990,-0.296960,1.176843,0.131982,-0.164978,1.209839,104311,495073,-74,112,8242,-17,-1,-20,632
1780493823.180799,104316,495080,0x0FFF,0.472937,0.285962,-0.978870,0.296960,0.560925,-0.934875,0.131982,0.307959,-0.945874,0.307959,-0.626917,1.110852,0.065991,-0.384949,1.220837,0.032996,-0.296960,1.308826,0.186975,0.406946,-0.967871,0.164978,0.274963,-0.758899,0.175977,0.450940,-1.022864,0.252966,-0.461938,0.945874,0.098987,-0.318958,1.143848,0.252966,-0.131982,1.121851,104315,495079,-87,115,8235,-15,-3,-20,634
1780493823.182808,104317,495083,0x0FFF,0.439941,0.417944,-0.978870,0.241968,0.450940,-0.890881,0.219971,0.263965,-0.890881,0.208972,-0.615918,1.187842,0.054993,-0.439941,1.264832,-0.098987,-0.285962,1.286829,0.274963,0.263965,-0.901880,0.329956,0.362952,-0.846887,0.164978,0.472937,-0.956873,0.329956,-0.505933,0.967871,0.098987,-0.296960,1.077856,0.098987,-0.274963,1.110852,104315,495079,-87,115,8235,-15,-3,-20,634
1780493823.184785,104319,495085,0x0FFF,0.494934,0.384949,-0.989868,0.263965,0.505933,-0.956873,0.318958,0.263965,-0.967871,0.362952,-0.648914,1.198840,0.153979,-0.274963,1.253833,0.076990,-0.340955,1.286829,0.197974,0.373950,-1.033862,0.153979,0.494934,-0.857886,0.131982,0.395947,-0.879883,0.208972,-0.395947,1.088855,0.230969,-0.373950,1.198840,0.142981,-0.164978,1.286829,104318,495083,-90,116,8240,-13,-3,-19,640
1780493823.186725,104320,495087,0x0FFF,0.461938,0.384949,-0.967871,0.285962,0.439941,-0.945874,0.197974,0.472937,-0.868884,0.296960,-0.604919,1.209839,0.087988,-0.263965,1.330823,0.010999,-0.208972,1.165845,0.230969,0.307959,-1.000867,0.230969,0.483936,-0.813892,0.087988,0.439941,-1.011865,0.263965,-0.384949,0.956873,0.043994,-0.230969,1.143848,0.164978,-0.230969,1.033862,104318,495083,-90,116,8240,-13,-3,-19,640
1780493823.190073,104321,495089,0x0FFF,0.483936,0.384949,-0.956873,0.318958,0.538928,-0.934875,0.274963,0.340955,-0.912878,0.296960,-0.637915,1.297827,0.098987,-0.296960,1.275830,0.032996,-0.252966,1.275830,0.109985,0.307959,-1.066858,0.230969,0.384949,-0.813892,0.109985,0.439941,-0.978870,0.241968,-0.395947,1.000867,0.054993,-0.274963,1.143848,0.120984,-0.197974,1.242834,104318,495083,-90,116,8240,-13,-3,-19,640
1780493823.190952,104323,495091,0x0FFF,0.450940,0.373950,-1.022864,0.285962,0.494934,-0.956873,0.285962,0.307959,-0.824890,0.263965,-0.615918,1.132849,0.098987,-0.373950,1.231836,0.000000,-0.373950,1.264832,0.219971,0.263965,-1.044861,0.230969,0.329956,-0.725903,0.142981,0.461938,-0.967871,0.164978,-0.450940,1.000867,0.142981,-0.417944,1.209839,0.153979,-0.098987,1.253833,104322,495089,-97,112,8248,-17,-5,-22,644
1780493823.192853,104324,495093,0x0FFF,0.329956,0.340955,-0.934875,0.208972,0.472937,-0.945874,0.274963,0.307959,-0.901880,0.208972,-0.670911,1.264832,0.098987,-0.241968,1.286829,-0.043994,-0.197974,1.286829,0.208972,0.296960,-1.000867,0.153979,0.329956,-0.791895,0.175977,0.384949,-0.857886,0.219971,-0.428943,0.868884,0.153979,-0.351953,1.165845,0.065991,-0.120984,1.176843,104322,495089,-97,112,8248,-17,-5,-22,644
1780493823.195947,104326,495095,0x0FFF,0.483936,0.318958,-0.945874,0.219971,0.527930,-0.923877,0.340955,0.351953,-0.989868,0.340955,-0.659912,1.198840,0.087988,-0.208972,1.242834,0.043994,-0.142981,1.231836,0.197974,0.274963,-1.033862,0.263965,0.384949,-0.846887,0.076990,0.439941,-0.912878,0.252966,-0.417944,1.033862,0.098987,-0.373950,1.033862,0.186975,-0.230969,1.198840,104325,495093,-83,109,8239,-15,-4,-20,623
1780493823.197888,104327,495097,0x0FFF,0.428943,0.329956,-0.978870,0.329956,0.395947,-0.978870,0.285962,0.296960,-0.934875,0.285962,-0.582922,1.220837,0.131982,-0.362952,1.253833,0.010999,-0.296960,1.242834,0.175977,0.252966,-1.033862,0.186975,0.296960,-0.868884,0.120984,0.406946,-0.967871,0.208972,-0.417944,0.945874,0.142981,-0.318958,1.165845,0.219971,-0.010999,1.275830,104325,495093,-83,109,8239,-15,-4,-20,623
1780493823.199870,104329,495099,0x0FFF,0.450940,0.285962,-0.967871,0.373950,0.560925,-0.967871,0.219971,0.384949,-0.967871,0.274963,-0.571924,1.143848,0.054993,-0.362952,1.165845,0.076990,-0.395947,1.209839,0.241968,0.318958,-1.077856,0.186975,0.439941,-0.791895,0.142981,0.340955,-0.934875,0.175977,-0.395947,0.934875,0.054993,-0.296960,1.088855,0.230969,-0.153979,1.297827,104328,495098,-86,108,8240,-15,-5,-19,631
1780493823.201751,104330,495101,0x0FFF,0.450940,0.417944,-0.978870,0.318958,0.538928,-0.956873,0.307959,0.472937,-0.868884,0.274963,-0.571924,1.187842,0.065991,-0.362952,1.275830,-0.032996,-0.307959,1.341821,0.153979,0.318958,-1.000867,0.076990,0.351953,-0.758899,0.164978,0.406946,-0.967871,0.164978,-0.351953,0.901880,0.142981,-0.307959,1.066858,0.065991,-0.230969,1.121851,104328,495098,-86,108,8240,-15,-5,-19,631
1780493823.203745,104331,495103,0x0FFF,0.494934,0.307959,-1.099854,0.318958,0.505933,-0.912878,0.219971,0.373950,-1.000867,0.208972,-0.626917,1.209839,0.054993,-0.395947,1.242834,-0.076990,-0.197974,1.330823,0.175977,0.318958,-0.945874,0.109985,0.406946,-0.967871,0.098987,0.450940,-0.956873,0.219971,-0.395947,0.989868,0.153979,-0.329956,1.022864,0.175977,-0.230969,1.110852,104328,495098,-86,108,8240,-15,-5,-19,631
1780493823.205664,104333,495105,0x0FFF,0.549927,0.384949,-0.912878,0.329956,0.527930,-0.912878,0.186975,0.296960,-0.857886,0.263965,-0.604919,1.253833,0.065991,-0.296960,1.198840,-0.120984,-0.274963,1.341821,0.219971,0.329956,-0.956873,0.153979,0.395947,-0.747900,0.065991,0.472937,-0.901880,0.241968,-0.483936,0.967871,0.087988,-0.252966,1.176843,0.175977,-0.208972,1.264832,104332,495104,-109,117,8237,-15,-5,-20,629
1780493823.207671,104334,495108,0x0FFF,0.406946,0.395947,-1.022864,0.296960,0.472937,-0.967871,0.142981,0.329956,-0.978870,0.230969,-0.582922,1.198840,0.109985,-0.329956,1.308826,0.043994,-0.263965,1.308826,0.175977,0.351953,-0.989868,0.109985,0.516931,-0.824890,0.076990,0.439941,-0.890881,0.274963,-0.395947,1.066858,0.032996,-0.340955,1.231836,0.263965,-0.197974,1.198840,104332,495104,-109,117,8237,-15,-5,-20,629
1780493823.209723,104336,495110,0x0FFF,0.428943,0.230969,-1.011865,0.230969,0.450940,-0.934875,0.197974,0.318958,-1.011865,0.296960,-0.615918,1.198840,0.098987,-0.340955,1.308826,0.000000,-0.252966,1.297827,0.065991,0.351953,-1.066858,0.274963,0.450940,-0.835889,0.197974,0.384949,-0.901880,0.219971,-0.395947,0.857886,0.131982,-0.296960,1.143848,0.197974,-0.131982,1.088855,104335,495108,-105,101,8242,-15,-1,-25,637
1780493823.212759,104337,495112,0x0FFF,0.450940,0.329956,-1.055859,0.296960,0.439941,-1.033862,0.109985,0.340955,-0.978870,0.263965,-0.593921,1.231836,0.175977,-0.417944,1.187842,0.000000,-0.197974,1.440808,0.197974,0.296960,-0.978870,0.120984,0.362952,-0.747900,0.065991,0.483936,-0.945874,0.340955,-0.450940,0.967871,0.186975,-0.274963,1.231836,0.241968,-0.208972,1.198840,104335,495108,-105,101,8242,-15,-1,-25,637
1780493823.214826,104338,495114,0x0FFF,0.406946,0.307959,-0.934875,0.285962,0.516931,-0.956873,0.230969,0.362952,-0.923877,0.208972,-0.637915,1.264832,0.109985,-0.230969,1.143848,0.043994,-0.241968,1.286829,0.208972,0.296960,-1.044861,0.219971,0.252966,-0.703906,0.219971,0.439941,-0.901880,0.197974,-0.461938,1.011865,0.098987,-0.439941,1.264832,0.197974,-0.142981,1.231836,104335,495108,-105,101,8242,-15,-1,-25,637
1780493823.216866,104340,495116,0x0FFF,0.527930,0.340955,-1.011865,0.450940,0.516931,-0.890881,0.373950,0.395947,-0.868884,0.252966,-0.527930,1.275830,0.076990,-0.285962,1.209839,0.098987,-0.274963,1.374817,0.274963,0.274963,-0.923877,0.208972,0.516931,-0.780896,0.120984,0.362952,-1.022864,0.285962,-0.527930,0.978870,0.142981,-0.384949,1.132849,0.252966,-0.241968,1.143848,104339,495114,-90,116,8230,-17,-4,-21,645
1780493823.218934,104341,495118,0x0FFF,0.461938,0.318958,-0.967871,0.241968,0.549927,-0.956873,0.197974,0.351953,-0.945874,0.296960,-0.714905,1.264832,0.131982,-0.351953,1.187842,0.065991,-0.252966,1.198840,0.241968,0.296960,-0.934875,0.153979,0.406946,-0.791895,0.164978,0.549927,-0.901880,0.384949,-0.450940,0.978870,0.252966,-0.406946,1.110852,0.032996,-0.230969,1.132849,104339,495114,-90,116,8230,-17,-4,-21,645
1780493823.220955,104343,495120,0x0FFF,0.351953,0.340955,-0.967871,0.406946,0.538928,-0.835889,0.230969,0.395947,-0.868884,0.241968,-0.604919,1.264832,0.032996,-0.318958,1.330823,0.032996,-0.186975,1.297827,0.175977,0.307959,-1.033862,0.164978,0.318958,-0.956873,0.065991,0.472937,-0.923877,0.252966,-0.439941,0.923877,0.153979,-0.263965,1.187842,0.263965,-0.175977,1.176843,104342,495118,-88,104,8248,-15,-3,-23,636
1780493823.223020,104344,495122,0x0FFF,0.406946,0.252966,-1.000867,0.186975,0.494934,-0.989868,0.263965,0.362952,-0.890881,0.230969,-0.593921,1.154846,0.000000,-0.362952,1.330823,0.065991,-0.307959,1.275830,0.087988,0.351953,-1.011865,0.131982,0.395947,-0.835889,0.043994,0.428943,-0.901880,0.296960,-0.395947,1.033862,0.109985,-0.340955,1.154846,0.263965,-0.274963,1.198840,104342,495118,-88,104,8248,-15,-3,-23,636
1780493823.225094,104346,495124,0x0FFF,0.340955,0.329956,-0.989868,0.384949,0.439941,-0.923877,0.252966,0.428943,-0.923877,0.241968,-0.670911,1.275830,0.054993,-0.329956,1.330823,-0.032996,-0.142981,1.297827,0.263965,0.252966,-0.912878,0.219971,0.384949,-0.769897,0.043994,0.351953,-1.033862,0.285962,-0.439941,1.044861,0.131982,-0.329956,1.319824,0.263965,-0.252966,1.231836,104345,495123,-104,99,8242,-20,-3,-18,629
1780493823.226439,104347,495126,0x0FFF,0.373950,0.472937,-0.989868,0.318958,0.516931,-0.934875,0.230969,0.384949,-0.934875,0.263965,-0.681909,1.220837,0.076990,-0.329956,1.319824,-0.021997,-0.285962,1.341821,0.208972,0.318958,-0.967871,0.175977,0.373950,-0.923877,0.109985,0.439941,-0.901880,0.241968,-0.450940,1.066858,0.065991,-0.329956,1.209839,0.120984,-0.230969,1.176843,104345,495123,-104,99,8242,-20,-3,-18,629
1780493823.229784,104348,495128,0x0FFF,0.538928,0.219971,-1.022864,0.219971,0.439941,-0.879883,0.164978,0.329956,-0.846887,0.318958,-0.626917,1.330823,0.043994,-0.373950,1.253833,-0.010999,-0.274963,1.264832,0.197974,0.340955,-1.000867,0.120984,0.318958,-0.780896,0.120984,0.351953,-0.879883,0.219971,-0.439941,0.879883,0.076990,-0.252966,1.077856,0.175977,-0.142981,1.143848,104345,495123,-104,99,8242,-20,-3,-18,629
1780493823.230819,104350,495130,0x0FFF,0.406946,0.373950,-0.956873,0.285962,0.505933,-0.824890,0.274963,0.384949,-0.967871,0.208972,-0.648914,1.154846,-0.043994,-0.274963,1.220837,0.087988,-0.329956,1.396814,0.296960,0.252966,-0.978870,0.329956,0.340955,-0.835889,0.131982,0.483936,-0.934875,0.241968,-0.439941,1.011865,0.164978,-0.395947,1.154846,0.186975,-0.230969,1.242834,104349,495129,-101,110,8239,-16,-4,-21,630
1780493823.232183,104351,495133,0x0FFF,0.428943,0.362952,-1.099854,0.307959,0.505933,-0.967871,0.263965,0.351953,-0.802893,0.318958,-0.659912,1.264832,0.087988,-0.384949,1.033862,0.021997,-0.362952,1.341821,0.087988,0.318958,-1.011865,0.230969,0.406946,-0.791895,0.153979,0.439941,-0.846887,0.208972,-0.428943,0.989868,0.142981,-0.318958,1.264832,0.197974,-0.076990,1.264832,104349,495129,-101,110,8239,-16,-4,-21,630
1780493823.234568,104353,495135,0x0FFF,0.428943,0.285962,-0.967871,0.384949,0.549927,-1.022864,0.175977,0.406946,-0.857886,0.340955,-0.615918,1.220837,0.098987,-0.340955,1.264832,-0.010999,-0.285962,1.110852,0.285962,0.340955,-1.022864,0.263965,0.538928,-0.791895,0.098987,0.461938,-0.945874,0.263965,-0.516931,1.011865,0.076990,-0.351953,1.132849,0.197974,-0.131982,1.209839,104352,495133,-104,108,8234,-14,-4,-22,624
1780493823.237508,104354,495137,0x0FFF,0.340955,0.395947,-0.934875,0.296960,0.483936,-0.912878,0.208972,0.373950,-0.879883,0.175977,-0.681909,1.297827,0.076990,-0.274963,1.308826,0.010999,-0.329956,1.286829,0.186975,0.252966,-0.978870,0.065991,0.439941,-0.802893,0.197974,0.439941,-0.890881,0.131982,-0.461938,0.945874,0.087988,-0.362952,1.154846,0.153979,-0.263965,1.198840,104352,495133,-104,108,8234,-14,-4,-22,624
1780493823.239443,104355,495139,0x0FFF,0.494934,0.406946,-0.989868,0.263965,0.483936,-0.901880,0.219971,0.263965,-0.923877,0.263965,-0.648914,1.209839,0.153979,-0.307959,1.187842,0.043994,-0.340955,1.352820,0.219971,0.384949,-1.033862,0.131982,0.494934,-0.901880,0.230969,0.439941,-1.000867,0.219971,-0.439941,0.945874,0.131982,-0.406946,1.154846,0.186975,-0.098987,1.154846,104352,495133,-104,108,8234,-14,-4,-22,624
1780493823.241030,104357,495141,0x0FFF,0.483936,0.351953,-1.011865,0.219971,0.439941,-0.868884,0.252966,0.406946,-0.901880,0.252966,-0.681909,1.253833,0.032996,-0.373950,1.209839,0.010999,-0.164978,1.253833,0.186975,0.384949,-0.978870,0.197974,0.428943,-0.835889,0.054993,0.417944,-0.967871,0.296960,-0.340955,0.967871,0.186975,-0.296960,1.220837,0.219971,-0.164978,1.286829,104356,495139,-93,123,8244,-16,1,-23,637
1780493823.242644,104358,495143,0x0FFF,0.450940,0.373950,-1.011865,0.318958,0.461938,-0.846887,0.219971,0.351953,-0.956873,0.252966,-0.681909,1.165845,0.087988,-0.373950,1.253833,-0.010999,-0.241968,1.231836,0.274963,0.274963,-1.055859,0.175977,0.428943,-0.769897,0.065991,0.428943,-0.945874,0.197974,-0.417944,0.945874,0.219971,-0.428943,1.154846,0.142981,-0.153979,1.154846,104356,495139,-93,123,8244,-16,1,-23,637
1780493823.245513,104360,495145,0x0FFF,0.417944,0.483936,-1.077856,0.373950,0.461938,-1.044861,0.197974,0.351953,-0.956873,0.285962,-0.538928,1.220837,0.120984,-0.296960,1.242834,0.010999,-0.318958,1.242834,0.208972,0.318958,-1.088855,0.208972,0.351953,-0.780896,0.230969,0.505933,-1.000867,0.186975,-0.483936,0.945874,0.021997,-0.318958,1.132849,0.230969,-0.219971,1.231836,104359,495143,-88,116,8237,-16,-2,-20,639
1780493823.247218,104361,495147,0x0FFF,0.428943,0.428943,-1.022864,0.307959,0.538928,-0.923877,0.230969,0.406946,-0.967871,0.263965,-0.527930,1.187842,0.153979,-0.450940,1.242834,0.010999,-0.252966,1.275830,0.230969,0.395947,-0.978870,0.175977,0.307959,-0.846887,0.219971,0.351953,-0.967871,0.252966,-0.406946,1.044861,0.164978,-0.241968,1.154846,0.208972,-0.142981,1.198840,104359,495143,-88,116,8237,-16,-2,-20,639
1780493823.249049,104362,495149,0x0FFF,0.494934,0.318958,-0.978870,0.274963,0.417944,-1.022864,0.252966,0.296960,-0.879883,0.219971,-0.626917,1.253833,0.109985,-0.406946,1.220837,0.032996,-0.252966,1.275830,0.274963,0.373950,-0.857886,0.186975,0.362952,-0.692908,0.142981,0.395947,-0.934875,0.285962,-0.395947,1.099854,0.263965,-0.329956,1.176843,0.197974,-0.120984,1.176843,104359,495143,-88,116,8237,-16,-2,-20,639
1780493823.252394,104364,495151,0x0FFF,0.384949,0.252966,-0.945874,0.197974,0.329956,-0.923877,0.142981,0.417944,-0.846887,0.340955,-0.527930,1.198840,0.010999,-0.428943,1.352820,0.010999,-0.318958,1.308826,0.241968,0.307959,-1.077856,0.208972,0.527930,-0.747900,0.087988,0.494934,-0.824890,0.252966,-0.505933,0.967871,0.197974,-0.373950,1.110852,0.252966,-0.219971,1.242834,104363,495150,-92,109,8236,-15,-2,-20,647
1780493823.253377,104365,495153,0x0FFF,0.373950,0.373950,-0.967871,0.241968,0.472937,-0.835889,0.164978,0.461938,-0.846887,0.230969,-0.670911,1.187842,0.142981,-0.483936,1.253833,0.000000,-0.219971,1.297827,0.186975,0.263965,-1.044861,0.109985,0.340955,-0.879883,0.131982,0.516931,-0.912878,0.241968,-0.373950,1.022864,0.186975,-0.340955,1.121851,0.175977,-0.307959,1.198840,104363,495150,-92,109,8236,-15,-2,-20,647
1780493823.256000,104367,495155,0x0FFF,0.428943,0.340955,-1.099854,0.263965,0.582922,-0.890881,0.329956,0.285962,-0.868884,0.131982,-0.582922,1.341821,0.043994,-0.296960,1.198840,0.076990,-0.285962,1.209839,0.296960,0.417944,-1.121851,0.065991,0.307959,-0.780896,0.208972,0.428943,-0.967871,0.208972,-0.483936,0.923877,0.065991,-0.274963,1.077856,0.175977,-0.241968,1.176843,104366,495154,-95,110,8234,-15,-1,-20,634
1780493823.258281,104368,495158,0x0FFF,0.384949,0.241968,-0.901880,0.263965,0.549927,-0.956873,0.241968,0.384949,-0.824890,0.274963,-0.604919,1.176843,0.241968,-0.439941,1.231836,-0.021997,-0.241968,1.418811,0.274963,0.296960,-0.934875,0.186975,0.461938,-0.692908,0.131982,0.362952,-0.868884,0.285962,-0.384949,0.967871,0.142981,-0.285962,1.077856,0.142981,-0.164978,1.242834,104366,495154,-95,110,8234,-15,-1,-20,634
1780493823.260538,104370,495160,0x0FFF,0.461938,0.395947,-1.044861,0.307959,0.516931,-0.846887,0.153979,0.373950,-0.835889,0.263965,-0.736902,1.297827,0.109985,-0.373950,1.297827,-0.054993,-0.175977,1.352820,0.263965,0.263965,-0.956873,0.186975,0.373950,-0.802893,0.131982,0.362952,-0.901880,0.142981,-0.428943,1.022864,0.076990,-0.263965,1.176843,0.263965,-0.384949,1.198840,104369,495158,-106,118,8232,-15,-1,-24,633
1780493823.262667,104371,495162,0x0FFF,0.450940,0.307959,-1.088855,0.406946,0.604919,-0.879883,0.329956,0.274963,-0.901880,0.296960,-0.582922,1.253833,0.120984,-0.307959,1.264832,0.000000,-0.186975,1.319824,0.197974,0.230969,-0.978870,0.175977,0.417944,-0.868884,0.219971,0.494934,-0.956873,0.241968,-0.450940,0.967871,0.076990,-0.373950,1.319824,0.164978,-0.252966,1.319824,104369,495158,-106,118,8232,-15,-1,-24,633
1780493823.264920,104372,495164,0x0FFF,0.483936,0.296960,-1.044861,0.241968,0.505933,-0.956873,0.208972,0.362952,-0.901880,0.175977,-0.626917,1.198840,0.098987,-0.329956,1.198840,0.010999,-0.340955,1.253833,0.230969,0.307959,-1.022864,0.241968,0.483936,-0.791895,0.087988,0.384949,-0.945874,0.252966,-0.439941,1.099854,0.109985,-0.263965,1.220837,0.186975,-0.230969,1.187842,104369,495158,-106,118,8232,-15,-1,-24,633
1780493823.266027,104374,495166,0x0FFF,0.428943,0.318958,-1.022864,0.395947,0.538928,-0.813892,0.252966,0.329956,-0.978870,0.285962,-0.637915,1.253833,0.098987,-0.329956,1.308826,0.021997,-0.142981,1.231836,0.219971,0.340955,-0.989868,0.307959,0.351953,-0.824890,0.142981,0.329956,-0.879883,0.208972,-0.329956,1.044861,0.087988,-0.351953,1.099854,0.252966,-0.285962,1.209839,104373,495164,-98,128,8229,-16,-1,-20,633
1780493823.268151,104375,495168,0x0FFF,0.439941,0.340955,-0.901880,0.263965,0.494934,-0.945874,0.186975,0.285962,-0.901880,0.285962,-0.681909,1.253833,-0.010999,-0.296960,1.165845,0.010999,-0.263965,1.418811,0.208972,0.329956,-0.868884,0.230969,0.296960,-0.769897,0.153979,0.439941,-0.901880,0.285962,-0.450940,1.033862,0.186975,-0.307959,1.132849,0.230969,-0.208972,1.121851,104373,495164,-98,128,8229,-16,-1,-20,633
1780493823.270466,104377,495170,0x0FFF,0.472937,0.373950,-0.956873,0.274963,0.395947,-0.934875,0.186975,0.340955,-0.912878,0.307959,-0.560925,1.220837,0.098987,-0.318958,1.209839,0.010999,-0.230969,1.264832,0.153979,0.384949,-1.088855,0.131982,0.362952,-0.714905,0.175977,0.483936,-0.945874,0.241968,-0.395947,0.967871,0.087988,-0.340955,1.286829,0.131982,-0.153979,1.220837,104376,495168,-95,112,8243,-20,-6,-22,633
1780493823.272677,104378,495172,0x0FFF,0.516931,0.318958,-0.956873,0.406946,0.450940,-1.044861,0.285962,0.285962,-0.967871,0.241968,-0.703906,1.187842,0.120984,-0.373950,1.198840,0.032996,-0.219971,1.242834,0.340955,0.362952,-0.879883,0.109985,0.296960,-0.791895,0.153979,0.450940,-0.901880,0.219971,-0.494934,1.011865,0.098987,-0.274963,1.187842,0.296960,-0.098987,1.242834,104376,495168,-95,112,8243,-20,-6,-22,633
1780493823.274887,104379,495174,0x0FFF,0.516931,0.395947,-0.967871,0.263965,0.538928,-0.890881,0.296960,0.362952,-0.835889,0.252966,-0.560925,1.176843,0.120984,-0.417944,1.220837,-0.087988,-0.263965,1.297827,0.241968,0.252966,-0.912878,0.252966,0.395947,-0.890881,0.131982,0.483936,-0.901880,0.153979,-0.472937,0.868884,0.120984,-0.395947,1.154846,0.186975,-0.186975,1.231836,104376,495168,-95,112,8243,-20,-6,-22,633
1780493823.277058,104381,495176,0x0FFF,0.483936,0.362952,-1.011865,0.373950,0.450940,-0.890881,0.197974,0.373950,-0.868884,0.241968,-0.593921,1.187842,0.197974,-0.274963,1.198840,0.065991,-0.307959,1.264832,0.241968,0.274963,-0.989868,0.164978,0.307959,-0.901880,0.120984,0.384949,-0.978870,0.219971,-0.461938,0.967871,0.087988,-0.384949,1.154846,0.120984,-0.098987,1.176843,104380,495175,-92,114,8241,-17,-2,-22,633
1780493823.279248,104382,495178,0x0FFF,0.417944,0.439941,-0.989868,0.296960,0.428943,-0.934875,0.197974,0.351953,-0.901880,0.219971,-0.560925,1.242834,0.109985,-0.318958,1.231836,0.120984,-0.285962,1.242834,0.219971,0.384949,-0.989868,0.186975,0.395947,-0.769897,0.109985,0.450940,-0.945874,0.219971,-0.615918,0.923877,0.197974,-0.329956,1.088855,0.131982,-0.197974,1.209839,104380,495175,-92,114,8241,-17,-2,-22,633
1780493823.281381,104384,495180,0x0FFF,0.549927,0.285962,-0.901880,0.395947,0.494934,-0.835889,0.219971,0.373950,-0.923877,0.219971,-0.527930,1.198840,0.109985,-0.318958,1.231836,0.021997,-0.219971,1.275830,0.131982,0.384949,-1.033862,0.318958,0.406946,-0.868884,0.153979,0.395947,-0.978870,0.153979,-0.549927,0.945874,0.087988,-0.340955,1.110852,0.186975,-0.274963,1.242834,104383,495179,-105,110,8225,-17,-3,-21,648
1780493823.283494,104385,495183,0x0FFF,0.428943,0.351953,-0.945874,0.362952,0.527930,-1.011865,0.318958,0.406946,-0.846887,0.186975,-0.604919,1.253833,0.032996,-0.307959,1.297827,0.120984,-0.208972,1.242834,0.230969,0.230969,-0.989868,0.153979,0.340955,-0.813892,0.087988,0.395947,-0.956873,0.241968,-0.428943,1.022864,0.153979,-0.406946,1.132849,0.120984,-0.197974,1.143848,104383,495179,-105,110,8225,-17,-3,-21,648
1780493823.285602,104387,495185,0x0FFF,0.538928,0.373950,-1.022864,0.307959,0.450940,-0.835889,0.230969,0.406946,-0.934875,0.164978,-0.560925,1.319824,0.021997,-0.439941,1.242834,0.010999,-0.340955,1.341821,0.219971,0.263965,-0.978870,0.186975,0.395947,-0.901880,0.208972,0.494934,-0.967871,0.175977,-0.417944,1.044861,0.021997,-0.307959,1.154846,0.076990,-0.186975,1.154846,104386,495183,-104,111,8227,-17,-3,-17,635
1780493823.287624,104388,495187,0x0FFF,0.395947,0.340955,-0.989868,0.351953,0.428943,-0.923877,0.263965,0.241968,-0.934875,0.241968,-0.516931,1.231836,0.142981,-0.384949,1.220837,0.043994,-0.285962,1.319824,0.175977,0.351953,-0.879883,0.230969,0.417944,-0.780896,0.164978,0.285962,-0.846887,0.263965,-0.461938,0.923877,0.208972,-0.318958,1.055859,0.153979,-0.219971,1.121851,104386,495183,-104,111,8227,-17,-3,-17,635
1780493823.289758,104389,495189,0x0FFF,0.340955,0.450940,-1.066858,0.296960,0.516931,-0.945874,0.230969,0.318958,-0.934875,0.252966,-0.604919,1.077856,0.120984,-0.307959,1.143848,0.043994,-0.197974,1.275830,0.186975,0.296960,-1.000867,0.208972,0.340955,-0.846887,0.131982,0.351953,-0.868884,0.164978,-0.417944,0.956873,0.186975,-0.329956,1.165845,0.164978,-0.098987,1.187842,104386,495183,-104,111,8227,-17,-3,-17,635
1780493823.291785,104391,495191,0x0FFF,0.472937,0.362952,-1.000867,0.351953,0.461938,-0.923877,0.274963,0.329956,-0.868884,0.153979,-0.593921,1.198840,0.175977,-0.428943,1.319824,-0.065991,-0.318958,1.275830,0.197974,0.274963,-0.934875,0.076990,0.450940,-0.835889,0.065991,0.450940,-0.901880,0.153979,-0.494934,0.901880,0.021997,-0.263965,1.121851,0.142981,-0.164978,1.165845,104390,495189,-106,116,8238,-15,1,-19,643
1780493823.293867,104392,495193,0x0FFF,0.538928,0.516931,-1.055859,0.329956,0.439941,-0.956873,0.186975,0.263965,-0.835889,0.208972,-0.670911,1.275830,0.021997,-0.318958,1.209839,0.000000,-0.285962,1.407812,0.252966,0.318958,-0.857886,0.197974,0.362952,-0.901880,0.109985,0.362952,-0.945874,0.241968,-0.494934,1.033862,0.109985,-0.329956,1.253833,0.219971,-0.252966,1.176843,104390,495189,-106,116,8238,-15,1,-19,643
1780493823.295913,104394,495195,0x0FFF,0.362952,0.417944,-0.945874,0.208972,0.450940,-0.967871,0.362952,0.351953,-0.945874,0.197974,-0.626917,1.253833,0.032996,-0.384949,1.077856,0.098987,-0.230969,1.264832,0.219971,0.362952,-1.022864,0.164978,0.340955,-0.857886,0.131982,0.395947,-0.846887,0.241968,-0.384949,0.945874,0.098987,-0.362952,1.187842,0.142981,-0.164978,1.198840,104393,495193,-101,122,8233,-16,-4,-19,648
1780493823.297880,104395,495197,0x0FFF,0.406946,0.362952,-0.934875,0.230969,0.494934,-0.890881,0.252966,0.263965,-0.890881,0.197974,-0.648914,1.198840,0.109985,-0.384949,1.308826,0.120984,-0.263965,1.308826,0.329956,0.318958,-0.967871,0.098987,0.384949,-0.835889,0.153979,0.461938,-0.945874,0.263965,-0.406946,0.978870,0.186975,-0.296960,1.308826,0.054993,-0.208972,1.121851,104393,495193,-101,122,8233,-16,-4,-19,648
1780493823.299927,104396,495199,0x0FFF,0.384949,0.318958,-1.088855,0.329956,0.549927,-0.934875,0.296960,0.406946,-0.912878,0.219971,-0.604919,1.187842,0.065991,-0.263965,1.297827,-0.098987,-0.208972,1.231836,0.230969,0.329956,-0.956873,0.153979,0.340955,-0.725903,0.065991,0.384949,-0.912878,0.263965,-0.450940,0.945874,0.175977,-0.417944,1.275830,0.186975,-0.252966,1.165845,104393,495193,-101,122,8233,-16,-4,-19,648
1780493823.301934,104398,495201,0x0FFF,0.428943,0.351953,-1.022864,0.186975,0.417944,-0.989868,0.208972,0.373950,-0.934875,0.241968,-0.637915,1.253833,0.219971,-0.274963,1.264832,-0.065991,-0.274963,1.253833,0.230969,0.329956,-1.033862,0.197974,0.373950,-0.791895,0.153979,0.483936,-1.022864,0.098987,-0.439941,0.901880,0.153979,-0.362952,1.154846,0.230969,-0.263965,1.286829,104397,495200,-99,119,8247,-17,-4,-24,633
1780493823.303951,104399,495203,0x0FFF,0.483936,0.406946,-0.967871,0.351953,0.483936,-0.912878,0.230969,0.340955,-0.934875,0.252966,-0.637915,1.165845,0.230969,-0.318958,1.319824,0.054993,-0.186975,1.264832,0.175977,0.340955,-0.934875,0.175977,0.351953,-0.780896,0.131982,0.428943,-0.912878,0.241968,-0.516931,0.956873,0.076990,-0.230969,1.231836,0.329956,-0.120984,1.253833,104397,495200,-99,119,8247,-17,-4,-24,633
1780493823.305968,104401,495205,0x0FFF,0.406946,0.296960,-1.110852,0.252966,0.505933,-0.934875,0.175977,0.395947,-0.846887,0.208972,-0.604919,1.110852,-0.010999,-0.362952,1.231836,-0.043994,-0.208972,1.264832,0.131982,0.340955,-0.890881,0.252966,0.384949,-0.945874,0.043994,0.395947,-0.912878,0.164978,-0.505933,1.000867,0.032996,-0.373950,1.242834,0.241968,-0.274963,1.165845,104400,495204,-93,110,8249,-16,-3,-23,637
1780493823.308007,104402,495208,0x0FFF,0.428943,0.384949,-0.857886,0.307959,0.428943,-0.890881,0.186975,0.263965,-0.945874,0.274963,-0.593921,1.242834,0.054993,-0.274963,1.176843,-0.032996,-0.219971,1.341821,0.285962,0.362952,-1.110852,0.142981,0.439941,-0.868884,0.065991,0.483936,-0.956873,0.142981,-0.560925,0.967871,0.142981,-0.285962,1.154846,0.153979,-0.186975,1.220837,104400,495204,-93,110,8249,-16,-3,-23,637
1780493823.309983,104404,495210,0x0FFF,0.428943,0.417944,-1.011865,0.219971,0.549927,-0.978870,0.208972,0.373950,-0.868884,0.329956,-0.560925,1.209839,0.175977,-0.384949,1.165845,-0.032996,-0.263965,1.308826,0.241968,0.340955,-1.000867,0.208972,0.373950,-0.780896,0.219971,0.395947,-0.912878,0.197974,-0.373950,0.912878,0.175977,-0.307959,1.165845,0.120984,-0.197974,1.143848,104403,495208,-99,103,8224,-15,-1,-19,636
1780493823.312051,104405,495212,0x0FFF,0.406946,0.417944,-0.967871,0.340955,0.560925,-0.769897,0.219971,0.329956,-0.945874,0.153979,-0.582922,1.198840,0.065991,-0.362952,1.253833,-0.021997,-0.175977,1.220837,0.263965,0.329956,-1.088855,0.197974,0.439941,-0.813892,0.109985,0.406946,-0.846887,0.241968,-0.417944,1.000867,0.131982,-0.274963,1.143848,0.186975,-0.164978,1.297827,104403,495208,-99,103,8224,-15,-1,-19,636
1780493823.314059,104406,495214,0x0FFF,0.461938,0.340955,-1.055859,0.307959,0.483936,-0.934875,0.252966,0.241968,-0.989868,0.197974,-0.571924,1.176843,0.010999,-0.439941,1.132849,0.054993,-0.274963,1.209839,0.230969,0.395947,-1.011865,0.274963,0.417944,-0.736902,0.000000,0.395947,-0.868884,0.186975,-0.439941,0.978870,0.153979,-0.252966,1.242834,0.131982,-0.230969,1.187842,104403,495208,-99,103,8224,-15,-1,-19,636
1780493823.316023,104408,495216,0x0FFF,0.439941,0.373950,-1.011865,0.219971,0.439941,-1.000867,0.274963,0.186975,-0.846887,0.241968,-0.615918,1.209839,0.087988,-0.395947,1.319824,-0.010999,-0.274963,1.407812,0.120984,0.329956,-1.000867,0.219971,0.417944,-0.868884,0.043994,0.505933,-0.956873,0.164978,-0.439941,1.033862,0.164978,-0.274963,1.132849,0.142981,-0.252966,1.154846,104407,495214,-101,113,8239,-14,-2,-24,635
1780493823.317924,104409,495218,0x0FFF,0.472937,0.351953,-1.055859,0.318958,0.494934,-0.989868,0.219971,0.384949,-0.890881,0.241968,-0.703906,1.253833,0.098987,-0.373950,1.187842,0.054993,-0.296960,1.286829,0.230969,0.274963,-0.989868,0.142981,0.428943,-0.769897,0.142981,0.428943,-0.879883,0.274963,-0.505933,0.978870,0.043994,-0.219971,1.220837,0.208972,-0.230969,1.198840,104407,495214,-101,113,8239,-14,-2,-24,635
1780493823.319969,104411,495220,0x0FFF,0.472937,0.384949,-1.044861,0.285962,0.516931,-0.901880,0.175977,0.296960,-0.835889,0.230969,-0.703906,1.242834,0.000000,-0.318958,1.297827,0.098987,-0.274963,1.220837,0.219971,0.340955,-0.967871,0.197974,0.406946,-0.846887,0.120984,0.494934,-0.945874,0.197974,-0.428943,0.945874,0.065991,-0.373950,1.121851,0.219971,-0.131982,1.231836,104410,495218,-100,92,8241,-13,-2,-23,636
1780493823.323044,104412,495222,0x0FFF,0.472937,0.329956,-0.934875,0.285962,0.384949,-0.857886,0.307959,0.263965,-0.879883,0.274963,-0.615918,1.209839,0.010999,-0.351953,1.187842,0.076990,-0.285962,1.275830,0.131982,0.318958,-0.956873,0.109985,0.373950,-0.725903,0.142981,0.461938,-0.890881,0.208972,-0.395947,1.033862,0.109985,-0.230969,1.198840,0.175977,-0.219971,1.231836,104410,495218,-100,92,8241,-13,-2,-23,636
1780493823.325099,104413,495224,0x0FFF,0.560925,0.340955,-0.967871,0.296960,0.395947,-0.824890,0.175977,0.274963,-0.912878,0.219971,-0.615918,1.220837,0.164978,-0.384949,1.242834,0.010999,-0.274963,1.198840,0.252966,0.241968,-0.978870,0.131982,0.384949,-0.846887,0.208972,0.340955,-0.967871,0.186975,-0.417944,1.066858,0.131982,-0.252966,1.198840,0.175977,-0.285962,1.198840,104410,495218,-100,92,8241,-13,-2,-23,636
1780493823.327167,104415,495226,0x0FFF,0.472937,0.395947,-1.055859,0.351953,0.549927,-1.011865,0.208972,0.395947,-0.857886,0.175977,-0.593921,1.352820,0.109985,-0.395947,1.275830,0.010999,-0.329956,1.297827,0.252966,0.307959,-1.099854,0.175977,0.373950,-0.637915,0.153979,0.406946,-0.967871,0.208972,-0.461938,0.989868,0.065991,-0.384949,1.187842,0.153979,-0.164978,1.176843,104414,495225,-99,94,8234,-18,-3,-22,642
1780493823.329229,104416,495228,0x0FFF,0.406946,0.406946,-0.923877,0.340955,0.428943,-0.956873,0.208972,0.395947,-0.912878,0.186975,-0.549927,1.165845,0.120984,-0.505933,1.209839,0.109985,-0.164978,1.374817,0.219971,0.230969,-0.923877,0.296960,0.395947,-0.747900,0.120984,0.461938,-0.890881,0.131982,-0.472937,1.055859,0.087988,-0.329956,1.077856,0.175977,-0.164978,1.220837,104414,495225,-99,94,8234,-18,-3,-22,642
1780493823.331220,104418,495230,0x0FFF,0.494934,0.406946,-0.989868,0.175977,0.560925,-0.901880,0.274963,0.472937,-0.901880,0.329956,-0.582922,1.275830,0.065991,-0.318958,1.286829,0.021997,-0.263965,1.308826,0.230969,0.329956,-0.956873,0.252966,0.395947,-0.846887,0.109985,0.340955,-0.901880,0.263965,-0.505933,0.967871,0.120984,-0.406946,1.297827,0.186975,-0.263965,1.198840,104417,495229,-105,114,8227,-16,0,-19,640
1780493823.333256,104419,495233,0x0FFF,0.373950,0.395947,-0.890881,0.241968,0.505933,-0.989868,0.252966,0.362952,-0.956873,0.208972,-0.604919,1.209839,0.142981,-0.340955,1.220837,-0.065991,-0.219971,1.330823,0.131982,0.406946,-0.901880,0.175977,0.483936,-0.846887,0.153979,0.373950,-0.879883,0.175977,-0.406946,0.923877,0.164978,-0.395947,1.099854,0.131982,-0.219971,1.143848,104417,495229,-105,114,8227,-16,0,-19,640
1780493823.335321,104421,495235,0x0FFF,0.439941,0.307959,-1.011865,0.384949,0.505933,-0.890881,0.175977,0.395947,-0.868884,0.241968,-0.582922,1.319824,0.076990,-0.285962,1.055859,-0.076990,-0.296960,1.429810,0.153979,0.318958,-0.945874,0.175977,0.472937,-0.802893,0.142981,0.483936,-0.923877,0.285962,-0.351953,1.011865,0.153979,-0.274963,1.099854,0.186975,-0.153979,1.143848,104420,495233,-97,111,8244,-15,-3,-20,636
1780493823.337304,104422,495237,0x0FFF,0.516931,0.362952,-0.967871,0.285962,0.505933,-0.824890,0.274963,0.318958,-0.890881,0.230969,-0.626917,1.231836,0.109985,-0.351953,1.341821,0.032996,-0.296960,1.242834,0.153979,0.351953,-0.923877,0.219971,0.362952,-0.813892,0.109985,0.406946,-0.890881,0.076990,-0.494934,0.912878,0.120984,-0.362952,1.165845,0.208972,-0.197974,1.220837,104420,495233,-97,111,8244,-15,-3,-20,636
1780493823.339345,104423,495239,0x0FFF,0.395947,0.285962,-0.978870,0.241968,0.373950,-0.989868,0.285962,0.274963,-0.835889,0.296960,-0.615918,1.275830,0.043994,-0.318958,1.253833,-0.043994,-0.296960,1.363818,0.307959,0.296960,-0.967871,0.263965,0.417944,-0.868884,0.120984,0.450940,-0.857886,0.175977,-0.340955,0.923877,0.164978,-0.285962,1.176843,0.186975,-0.230969,1.253833,104420,495233,-97,111,8244,-15,-3,-20,636
1780493823.341354,104425,495241,0x0FFF,0.461938,0.329956,-0.923877,0.417944,0.516931,-0.868884,0.263965,0.351953,-0.989868,0.307959,-0.670911,1.143848,0.164978,-0.395947,1.187842,0.043994,-0.164978,1.286829,0.131982,0.285962,-0.901880,0.186975,0.340955,-0.890881,0.131982,0.428943,-0.824890,0.208972,-0.439941,1.000867,0.142981,-0.329956,1.165845,0.175977,-0.153979,1.143848,104424,495239,-97,113,8235,-17,-1,-20,629
1780493823.343366,104426,495243,0x0FFF,0.472937,0.307959,-0.923877,0.307959,0.395947,-0.846887,0.164978,0.384949,-1.000867,0.285962,-0.538928,1.209839,0.076990,-0.395947,1.165845,0.054993,-0.307959,1.451807,0.274963,0.307959,-0.923877,0.197974,0.395947,-0.835889,0.197974,0.527930,-0.945874,0.142981,-0.417944,0.945874,0.043994,-0.318958,1.220837,0.098987,-0.230969,1.264832,104424,495239,-97,113,8235,-17,-1,-20,629
1780493823.345359,104428,495245,0x0FFF,0.483936,0.340955,-1.055859,0.274963,0.439941,-0.901880,0.274963,0.252966,-0.901880,0.329956,-0.527930,1.176843,0.252966,-0.483936,1.220837,-0.010999,-0.329956,1.308826,0.186975,0.384949,-0.989868,0.164978,0.340955,-0.780896,0.043994,0.439941,-0.912878,0.307959,-0.439941,1.033862,0.219971,-0.274963,1.099854,0.142981,-0.252966,1.286829,104427,495243,-87,105,8235,-17,-2,-21,643
1780493823.347314,104429,495247,0x0FFF,0.428943,0.307959,-0.967871,0.296960,0.483936,-0.989868,0.285962,0.439941,-0.956873,0.285962,-0.692908,1.198840,0.076990,-0.274963,1.220837,-0.043994,-0.373950,1.341821,0.120984,0.296960,-0.890881,0.175977,0.362952,-0.802893,0.120984,0.296960,-0.890881,0.252966,-0.406946,0.989868,0.186975,-0.362952,1.176843,0.219971,-0.241968,1.198840,104427,495243,-87,105,8235,-17,-2,-21,643
1780493823.349274,104430,495249,0x0FFF,0.439941,0.406946,-1.011865,0.340955,0.527930,-0.802893,0.252966,0.340955,-0.890881,0.219971,-0.637915,1.264832,0.043994,-0.296960,1.264832,-0.098987,-0.274963,1.352820,0.109985,0.351953,-0.967871,0.197974,0.406946,-0.802893,0.153979,0.384949,-0.934875,0.219971,-0.417944,1.077856,0.120984,-0.219971,1.165845,0.120984,-0.230969,1.275830,104427,495243,-87,105,8235,-17,-2,-21,643
1780493823.351456,104432,495251,0x0FFF,0.494934,0.340955,-0.989868,0.340955,0.472937,-0.934875,0.175977,0.362952,-0.945874,0.307959,-0.659912,1.154846,0.120984,-0.395947,1.286829,0.010999,-0.285962,1.253833,0.197974,0.230969,-1.055859,0.142981,0.472937,-0.846887,0.109985,0.362952,-0.912878,0.241968,-0.450940,0.967871,0.142981,-0.406946,1.154846,0.164978,-0.153979,1.209839,104431,495250,-105,112,8231,-15,-2,-19,644
1780493823.353403,104433,495253,0x0FFF,0.494934,0.340955,-0.923877,0.307959,0.494934,-1.011865,0.285962,0.340955,-0.879883,0.230969,-0.626917,1.176843,0.120984,-0.340955,1.275830,0.000000,-0.384949,1.286829,0.252966,0.362952,-1.000867,0.219971,0.384949,-0.912878,0.175977,0.340955,-0.934875,0.175977,-0.428943,0.945874,0.131982,-0.274963,1.176843,0.087988,-0.318958,1.242834,104431,495250,-105,112,8231,-15,-2,-19,644
1780493823.355539,104435,495255,0x0FFF,0.549927,0.329956,-0.923877,0.230969,0.450940,-0.945874,0.153979,0.318958,-0.802893,0.175977,-0.593921,1.231836,0.087988,-0.384949,1.143848,0.043994,-0.384949,1.363818,0.186975,0.263965,-0.978870,0.230969,0.450940,-0.758899,0.098987,0.395947,-1.000867,0.197974,-0.428943,0.945874,0.098987,-0.362952,1.077856,0.153979,-0.087988,1.187842,104434,495254,-99,119,8241,-17,-2,-19,642
1780493823.357467,104436,495258,0x0FFF,0.417944,0.329956,-0.967871,0.351953,0.472937,-0.868884,0.197974,0.417944,-0.879883,0.120984,-0.593921,1.253833,0.164978,-0.362952,1.319824,0.010999,-0.296960,1.242834,0.131982,0.417944,-1.055859,0.186975,0.417944,-0.802893,0.197974,0.362952,-0.967871,0.230969,-0.428943,0.956873,0.186975,-0.373950,1.165845,0.120984,-0.186975,1.231836,104434,495254,-99,119,8241,-17,-2,-19,642
1780493823.360589,104437,495260,0x0FFF,0.384949,0.307959,-0.945874,0.329956,0.549927,-0.912878,0.230969,0.417944,-0.967871,0.208972,-0.604919,1.253833,0.109985,-0.252966,1.330823,0.032996,-0.263965,1.297827,0.208972,0.318958,-0.978870,0.208972,0.417944,-0.835889,0.054993,0.483936,-0.923877,0.252966,-0.428943,1.033862,0.131982,-0.373950,1.231836,0.109985,-0.252966,1.209839,104434,495254,-99,119,8241,-17,-2,-19,642
1780493823.362638,104439,495262,0x0FFF,0.505933,0.307959,-1.055859,0.274963,0.516931,-0.912878,0.252966,0.351953,-0.901880,0.197974,-0.560925,1.198840,0.054993,-0.318958,1.275830,0.043994,-0.241968,1.352820,0.230969,0.318958,-1.000867,0.153979,0.362952,-0.747900,0.098987,0.428943,-0.912878,0.186975,-0.318958,1.066858,0.087988,-0.219971,1.165845,0.208972,-0.208972,1.286829,104438,495260,-101,101,8236,-19,0,-21,632
1780493823.364754,104440,495264,0x0FFF,0.527930,0.362952,-1.088855,0.296960,0.461938,-0.956873,0.252966,0.351953,-0.989868,0.241968,-0.571924,1.264832,0.076990,-0.307959,1.220837,-0.076990,-0.197974,1.319824,0.274963,0.263965,-1.000867,0.175977,0.307959,-0.879883,0.164978,0.340955,-0.912878,0.208972,-0.417944,0.989868,0.098987,-0.395947,1.176843,0.186975,-0.186975,1.198840,104438,495260,-101,101,8236,-19,0,-21,632
1780493823.366792,104442,495266,0x0FFF,0.516931,0.450940,-0.967871,0.285962,0.406946,-1.011865,0.285962,0.362952,-0.967871,0.296960,-0.714905,1.165845,0.087988,-0.362952,1.352820,0.131982,-0.252966,1.407812,0.241968,0.274963,-0.934875,0.153979,0.428943,-0.835889,0.065991,0.439941,-0.945874,0.109985,-0.461938,1.077856,0.208972,-0.340955,1.066858,0.109985,-0.186975,1.154846,104441,495264,-104,119,8231,-17,-2,-22,633
1780493823.368857,104443,495268,0x0FFF,0.538928,0.406946,-0.956873,0.274963,0.395947,-0.945874,0.241968,0.439941,-0.934875,0.241968,-0.648914,1.220837,0.120984,-0.461938,1.275830,-0.010999,-0.142981,1.242834,0.230969,0.274963,-0.934875,0.230969,0.428943,-0.868884,0.076990,0.538928,-0.901880,0.241968,-0.494934,0.967871,0.098987,-0.274963,1.165845,0.208972,-0.164978,1.165845,104441,495264,-104,119,8231,-17,-2,-22,633
1780493823.370865,104445,495270,0x0FFF,0.428943,0.296960,-1.055859,0.351953,0.362952,-0.956873,0.274963,0.417944,-0.934875,0.230969,-0.626917,1.121851,0.142981,-0.362952,1.275830,0.087988,-0.384949,1.220837,0.120984,0.329956,-1.022864,0.208972,0.340955,-0.758899,0.131982,0.461938,-0.945874,0.208972,-0.439941,1.022864,0.208972,-0.417944,1.132849,0.164978,-0.109985,1.253833,104444,495268,-100,109,8242,-17,0,-18,634
1780493823.372816,104446,495272,0x0FFF,0.516931,0.428943,-1.022864,0.362952,0.461938,-0.923877,0.186975,0.428943,-0.868884,0.219971,-0.582922,1.319824,0.087988,-0.406946,1.385815,0.065991,-0.285962,1.374817,0.197974,0.252966,-0.956873,0.219971,0.373950,-0.890881,0.076990,0.450940,-0.846887,0.175977,-0.450940,0.956873,0.109985,-0.318958,1.198840,0.131982,-0.153979,1.143848,104444,495268,-100,109,8242,-17,0,-18,634
1780493823.374852,104447,495274,0x0FFF,0.428943,0.274963,-1.033862,0.285962,0.417944,-0.824890,0.263965,0.362952,-0.890881,0.307959,-0.538928,1.165845,0.109985,-0.373950,1.143848,0.054993,-0.153979,1.275830,0.175977,0.351953,-0.901880,0.219971,0.428943,-0.857886,0.109985,0.329956,-0.857886,0.318958,-0.439941,0.967871,0.164978,-0.362952,1.165845,0.197974,-0.208972,1.253833,104444,495268,-100,109,8242,-17,0,-18,634
1780493823.376864,104449,495276,0x0FFF,0.483936,0.307959,-0.934875,0.362952,0.340955,-0.890881,0.109985,0.274963,-0.956873,0.208972,-0.571924,1.220837,0.142981,-0.351953,1.297827,0.043994,-0.241968,1.242834,0.175977,0.362952,-0.901880,0.142981,0.428943,-0.791895,0.131982,0.395947,-0.967871,0.197974,-0.373950,0.923877,0.021997,-0.318958,1.121851,0.109985,-0.164978,1.242834,104448,495275,-102,116,8234,-17,-2,-20,649
1780493823.378886,104450,495278,0x0FFF,0.406946,0.461938,-1.033862,0.307959,0.483936,-0.901880,0.318958,0.307959,-0.956873,0.219971,-0.604919,1.297827,0.021997,-0.307959,1.275830,-0.109985,-0.219971,1.407812,0.230969,0.318958,-1.022864,0.142981,0.406946,-0.769897,0.098987,0.450940,-0.967871,0.120984,-0.560925,0.978870,0.175977,-0.362952,1.088855,0.076990,-0.208972,1.220837,104448,495275,-102,116,8234,-17,-2,-20,649
1780493823.380891,104452,495280,0x0FFF,0.527930,0.329956,-0.978870,0.274963,0.516931,-0.901880,0.164978,0.439941,-1.044861,0.318958,-0.571924,1.165845,0.208972,-0.428943,1.297827,0.010999,-0.197974,1.220837,0.186975,0.252966,-1.077856,0.153979,0.362952,-0.934875,0.208972,0.461938,-0.934875,0.164978,-0.351953,1.000867,0.076990,-0.340955,1.110852,0.087988,-0.219971,1.286829,104451,495279,-106,111,8234,-18,-4,-19,636
1780493823.382835,104453,495283,0x0FFF,0.406946,0.318958,-0.912878,0.296960,0.483936,-0.901880,0.186975,0.395947,-0.967871,0.318958,-0.604919,1.286829,0.142981,-0.329956,1.275830,-0.043994,-0.263965,1.352820,0.186975,0.263965,-1.088855,0.219971,0.395947,-0.813892,0.241968,0.274963,-0.835889,0.164978,-0.439941,0.956873,0.065991,-0.274963,1.165845,0.175977,-0.219971,1.132849,104451,495279,-106,111,8234,-18,-4,-19,636
1780493823.384876,104454,495285,0x0FFF,0.428943,0.395947,-0.978870,0.252966,0.527930,-0.967871,0.230969,0.351953,-0.956873,0.208972,-0.571924,1.253833,0.142981,-0.362952,1.297827,0.098987,-0.318958,1.297827,0.241968,0.230969,-0.967871,0.153979,0.538928,-0.802893,0.076990,0.428943,-0.934875,0.241968,-0.395947,0.890881,0.054993,-0.318958,1.110852,0.142981,-0.307959,1.143848,104451,495279,-106,111,8234,-18,-4,-19,636
1780493823.386892,104456,495287,0x0FFF,0.307959,0.417944,-0.967871,0.230969,0.538928,-0.890881,0.241968,0.340955,-0.802893,0.318958,-0.637915,1.121851,0.076990,-0.351953,1.220837,-0.021997,-0.252966,1.231836,0.164978,0.252966,-0.989868,0.142981,0.439941,-0.824890,0.054993,0.406946,-0.879883,0.197974,-0.439941,0.956873,0.120984,-0.252966,1.275830,0.153979,-0.186975,1.143848,104455,495285,-89,115,8246,-15,-1,-23,651
1780493823.388861,104457,495289,0x0FFF,0.362952,0.351953,-1.088855,0.296960,0.549927,-0.802893,0.285962,0.362952,-0.890881,0.329956,-0.593921,1.286829,0.186975,-0.274963,1.176843,-0.021997,-0.318958,1.165845,0.241968,0.296960,-1.022864,0.065991,0.428943,-0.758899,0.175977,0.439941,-0.923877,0.230969,-0.505933,0.857886,0.087988,-0.274963,1.209839,0.219971,-0.120984,1.132849,104455,495285,-89,115,8246,-15,-1,-23,651
1780493823.391363,104459,495291,0x0FFF,0.428943,0.362952,-0.890881,0.340955,0.472937,-1.000867,0.175977,0.362952,-0.967871,0.307959,-0.747900,1.165845,0.120984,-0.362952,1.286829,0.098987,-0.318958,1.231836,0.219971,0.351953,-1.000867,0.208972,0.549927,-0.703906,0.098987,0.406946,-0.978870,0.186975,-0.494934,1.088855,0.098987,-0.296960,1.275830,0.230969,-0.175977,1.099854,104458,495289,-94,105,8248,-17,-2,-16,634
1780493823.393347,104460,495293,0x0FFF,0.505933,0.351953,-1.022864,0.296960,0.626917,-0.901880,0.131982,0.307959,-0.967871,0.263965,-0.582922,1.286829,0.076990,-0.384949,1.275830,0.043994,-0.164978,1.242834,0.285962,0.384949,-0.945874,0.197974,0.329956,-0.835889,0.109985,0.472937,-0.934875,0.164978,-0.384949,0.879883,0.142981,-0.351953,1.143848,0.120984,-0.175977,1.242834,104458,495289,-94,105,8248,-17,-2,-16,634
1780493823.395333,104462,495295,0x0FFF,0.384949,0.417944,-1.011865,0.230969,0.428943,-0.912878,0.263965,0.362952,-0.901880,0.186975,-0.593921,1.242834,0.109985,-0.417944,1.143848,0.000000,-0.219971,1.352820,0.263965,0.384949,-0.967871,0.186975,0.329956,-0.780896,0.120984,0.450940,-0.967871,0.208972,-0.505933,0.901880,0.197974,-0.362952,1.220837,0.164978,-0.197974,1.176843,104461,495293,-90,115,8240,-17,-3,-19,632
1780493823.397227,104463,495297,0x0FFF,0.472937,0.362952,-0.989868,0.285962,0.538928,-0.923877,0.318958,0.340955,-0.901880,0.219971,-0.626917,1.198840,0.065991,-0.362952,1.242834,0.021997,-0.274963,1.187842,0.219971,0.285962,-1.000867,0.109985,0.494934,-0.791895,0.065991,0.450940,-0.945874,0.164978,-0.351953,0.912878,0.120984,-0.230969,1.165845,0.098987,-0.164978,1.264832,104461,495293,-90,115,8240,-17,-3,-19,632
1780493823.399145,104464,495299,0x0FFF,0.461938,0.384949,-0.857886,0.274963,0.538928,-0.967871,0.230969,0.362952,-0.846887,0.241968,-0.648914,1.264832,0.065991,-0.285962,1.198840,-0.131982,-0.285962,1.264832,0.241968,0.351953,-1.011865,0.241968,0.483936,-0.725903,0.120984,0.373950,-0.901880,0.197974,-0.395947,0.978870,0.186975,-0.307959,1.154846,0.208972,-0.131982,1.242834,104461,495293,-90,115,8240,-17,-3,-19,632
1780493823.401179,104466,495301,0x0FFF,0.417944,0.450940,-1.000867,0.307959,0.494934,-0.846887,0.241968,0.417944,-0.890881,0.307959,-0.560925,1.209839,0.164978,-0.329956,1.154846,0.065991,-0.373950,1.297827,0.186975,0.329956,-1.022864,0.197974,0.406946,-0.747900,0.109985,0.406946,-0.912878,0.164978,-0.494934,0.912878,0.153979,-0.384949,1.154846,0.274963,-0.230969,1.110852,104465,495300,-100,113,8239,-15,-1,-22,641
1780493823.404263,104467,495303,0x0FFF,0.483936,0.450940,-1.055859,0.296960,0.450940,-0.956873,0.241968,0.384949,-1.000867,0.219971,-0.527930,1.275830,0.098987,-0.395947,1.187842,-0.098987,-0.307959,1.330823,0.164978,0.274963,-0.923877,0.219971,0.428943,-0.813892,0.131982,0.428943,-0.934875,0.208972,-0.406946,1.077856,0.153979,-0.384949,1.121851,0.208972,-0.186975,1.297827,104465,495300,-100,113,8239,-15,-1,-22,641
1780493823.406286,104469,495305,0x0FFF,0.439941,0.285962,-0.956873,0.362952,0.428943,-0.901880,0.197974,0.307959,-0.923877,0.241968,-0.604919,1.253833,0.120984,-0.252966,1.209839,0.021997,-0.318958,1.363818,0.219971,0.307959,-0.967871,0.175977,0.285962,-0.868884,0.186975,0.538928,-0.967871,0.186975,-0.450940,0.923877,0.076990,-0.340955,1.209839,0.175977,-0.230969,1.242834,104468,495304,-88,110,8234,-17,-2,-19,643
1780493823.408241,104470,495308,0x0FFF,0.483936,0.373950,-1.000867,0.307959,0.439941,-1.000867,0.263965,0.351953,-0.956873,0.285962,-0.626917,1.209839,0.087988,-0.329956,1.253833,0.076990,-0.197974,1.253833,0.109985,0.307959,-1.077856,0.153979,0.395947,-0.890881,0.263965,0.406946,-0.780896,0.307959,-0.384949,1.011865,0.065991,-0.406946,1.154846,0.109985,-0.208972,1.099854,104468,495304,-88,110,8234,-17,-2,-19,643
1780493823.410288,104471,495310,0x0FFF,0.494934,0.307959,-1.077856,0.351953,0.505933,-1.011865,0.263965,0.329956,-0.890881,0.362952,-0.615918,1.231836,0.098987,-0.340955,1.242834,-0.120984,-0.230969,1.198840,0.120984,0.340955,-0.945874,0.197974,0.461938,-0.747900,0.175977,0.439941,-0.923877,0.285962,-0.384949,0.912878,0.120984,-0.296960,1.143848,0.230969,-0.164978,1.220837,104468,495304,-88,110,8234,-17,-2,-19,643
1780493823.412319,104473,495312,0x0FFF,0.615918,0.406946,-1.011865,0.241968,0.494934,-0.846887,0.219971,0.296960,-0.813892,0.252966,-0.659912,1.231836,0.000000,-0.296960,1.286829,0.032996,-0.197974,1.286829,0.175977,0.296960,-1.011865,0.131982,0.439941,-0.791895,0.197974,0.483936,-0.945874,0.197974,-0.384949,0.857886,0.153979,-0.241968,1.154846,0.252966,-0.164978,1.132849,104472,495310,-89,117,8234,-18,-1,-22,637
1780493823.414317,104474,495314,0x0FFF,0.395947,0.329956,-0.945874,0.252966,0.472937,-0.824890,0.241968,0.307959,-0.945874,0.175977,-0.571924,1.341821,0.219971,-0.362952,1.264832,0.120984,-0.274963,1.308826,0.175977,0.428943,-0.846887,0.186975,0.362952,-0.890881,0.065991,0.450940,-0.868884,0.208972,-0.428943,0.989868,0.186975,-0.417944,1.132849,0.175977,-0.131982,1.275830,104472,495310,-89,117,8234,-18,-1,-22,637
1780493823.416328,104476,495316,0x0FFF,0.428943,0.285962,-0.956873,0.307959,0.472937,-0.945874,0.285962,0.296960,-0.868884,0.263965,-0.593921,1.154846,0.065991,-0.340955,1.132849,-0.010999,-0.241968,1.330823,0.197974,0.230969,-1.000867,0.186975,0.351953,-0.835889,0.109985,0.373950,-1.022864,0.186975,-0.384949,1.121851,0.032996,-0.406946,1.066858,0.252966,-0.153979,1.253833,104475,495314,-105,111,8235,-14,-1,-21,628
1780493823.418328,104477,495318,0x0FFF,0.483936,0.296960,-0.989868,0.285962,0.417944,-0.989868,0.274963,0.373950,-0.945874,0.285962,-0.582922,1.220837,0.153979,-0.329956,1.176843,0.065991,-0.285962,1.275830,0.120984,0.274963,-0.989868,0.186975,0.516931,-0.846887,0.109985,0.472937,-0.934875,0.197974,-0.461938,1.044861,0.186975,-0.340955,1.143848,0.186975,-0.208972,1.198840,104475,495314,-105,111,8235,-14,-1,-21,628
1780493823.420289,104479,495320,0x0FFF,0.483936,0.395947,-0.923877,0.208972,0.505933,-0.912878,0.186975,0.307959,-0.912878,0.164978,-0.593921,1.275830,0.120984,-0.362952,1.176843,-0.010999,-0.263965,1.253833,0.274963,0.307959,-0.945874,0.153979,0.351953,-0.890881,0.164978,0.428943,-0.923877,0.208972,-0.516931,0.956873,0.131982,-0.351953,1.187842,0.274963,-0.329956,1.165845,104478,495318,-96,117,8238,-16,-1,-21,645
1780493823.422217,104480,495322,0x0FFF,0.406946,0.329956,-0.989868,0.329956,0.439941,-0.802893,0.241968,0.274963,-0.912878,0.230969,-0.626917,1.176843,0.010999,-0.285962,1.187842,-0.087988,-0.318958,1.341821,0.054993,0.252966,-0.989868,0.109985,0.395947,-0.791895,0.219971,0.472937,-1.022864,0.186975,-0.472937,0.879883,0.131982,-0.296960,1.066858,0.208972,-0.142981,1.187842,104478,495318,-96,117,8238,-16,-1,-21,645
1780493823.424183,104481,495324,0x0FFF,0.395947,0.285962,-1.055859,0.318958,0.384949,-0.912878,0.285962,0.307959,-0.901880,0.197974,-0.714905,1.187842,0.120984,-0.252966,1.176843,0.076990,-0.219971,1.286829,0.241968,0.098987,-0.912878,0.197974,0.450940,-0.725903,0.175977,0.406946,-1.033862,0.208972,-0.340955,0.978870,0.087988,-0.384949,1.198840,0.131982,-0.296960,1.198840,104478,495318,-96,117,8238,-16,-1,-21,645
1780493823.426244,104483,495326,0x0FFF,0.296960,0.307959,-1.000867,0.285962,0.527930,-0.934875,0.263965,0.296960,-0.912878,0.219971,-0.648914,1.209839,0.142981,-0.351953,1.253833,0.043994,-0.263965,1.308826,0.208972,0.329956,-0.879883,0.219971,0.428943,-0.747900,0.109985,0.549927,-0.912878,0.186975,-0.439941,0.901880,0.142981,-0.274963,1.165845,0.109985,-0.164978,1.220837,104482,495325,-95,112,8236,-16,-4,-22,628
1780493823.429337,104484,495328,0x0FFF,0.439941,0.362952,-1.011865,0.285962,0.439941,-0.890881,0.230969,0.340955,-0.868884,0.263965,-0.615918,1.209839,0.120984,-0.329956,1.176843,0.021997,-0.384949,1.231836,0.241968,0.230969,-1.000867,0.142981,0.406946,-0.890881,0.043994,0.472937,-1.011865,0.109985,-0.351953,0.956873,0.219971,-0.362952,1.143848,0.186975,-0.208972,1.143848,104482,495325,-95,112,8236,-16,-4,-22,628
1780493823.431816,104486,495330,0x0FFF,0.318958,0.252966,-0.967871,0.263965,0.406946,-0.912878,0.164978,0.373950,-0.901880,0.285962,-0.615918,1.264832,0.098987,-0.450940,1.286829,0.032996,-0.219971,1.275830,0.186975,0.329956,-0.956873,0.164978,0.362952,-0.879883,0.120984,0.516931,-1.011865,0.252966,-0.395947,0.956873,0.109985,-0.307959,1.176843,0.109985,-0.120984,1.231836,104485,495329,-107,104,8234,-17,-1,-21,634
1780493823.432942,104487,495333,0x0FFF,0.439941,0.362952,-0.967871,0.362952,0.483936,-0.912878,0.307959,0.351953,-0.967871,0.186975,-0.593921,1.165845,0.164978,-0.373950,1.121851,0.000000,-0.230969,1.297827,0.219971,0.362952,-0.912878,0.197974,0.428943,-0.802893,0.120984,0.362952,-0.934875,0.241968,-0.549927,0.967871,0.153979,-0.362952,1.154846,0.208972,-0.197974,1.220837,104485,495329,-107,104,8234,-17,-1,-21,634
1780493823.435225,104488,495335,0x0FFF,0.439941,0.285962,-1.044861,0.252966,0.450940,-0.934875,0.186975,0.241968,-0.868884,0.219971,-0.516931,1.165845,0.087988,-0.318958,1.308826,0.098987,-0.230969,1.275830,0.109985,0.406946,-0.989868,0.131982,0.395947,-0.802893,0.142981,0.505933,-0.945874,0.197974,-0.428943,0.923877,0.098987,-0.318958,1.132849,0.153979,-0.241968,1.264832,104485,495329,-107,104,8234,-17,-1,-21,634
1780493823.437431,104490,495337,0x0FFF,0.384949,0.274963,-0.978870,0.362952,0.494934,-0.879883,0.263965,0.428943,-0.967871,0.263965,-0.648914,1.242834,0.000000,-0.340955,1.220837,0.000000,-0.351953,1.319824,0.142981,0.351953,-1.033862,0.208972,0.428943,-0.901880,0.186975,0.450940,-1.044861,0.274963,-0.340955,1.000867,0.098987,-0.296960,1.055859,0.131982,-0.142981,1.286829,104489,495335,-101,116,8237,-16,-3,-18,641
1780493823.439608,104491,495339,0x0FFF,0.494934,0.296960,-1.044861,0.384949,0.461938,-0.912878,0.219971,0.318958,-0.967871,0.263965,-0.604919,1.187842,0.087988,-0.362952,1.209839,0.021997,-0.230969,1.308826,0.219971,0.263965,-0.923877,0.164978,0.285962,-0.791895,0.021997,0.472937,-0.846887,0.252966,-0.439941,0.967871,0.131982,-0.307959,1.209839,0.175977,-0.307959,1.121851,104489,495335,-101,116,8237,-16,-3,-18,641
1780493823.442098,104493,495341,0x0FFF,0.472937,0.351953,-0.978870,0.274963,0.439941,-0.901880,0.230969,0.406946,-0.934875,0.219971,-0.648914,1.187842,0.120984,-0.318958,1.253833,0.032996,-0.296960,1.231836,0.230969,0.318958,-1.044861,0.164978,0.461938,-0.780896,0.131982,0.384949,-1.000867,0.197974,-0.450940,1.066858,0.098987,-0.384949,1.165845,0.153979,-0.274963,1.242834,104492,495339,-97,114,8234,-18,-2,-19,642
1780493823.443149,104494,495343,0x0FFF,0.483936,0.296960,-1.033862,0.307959,0.527930,-0.934875,0.274963,0.406946,-0.978870,0.263965,-0.670911,1.121851,0.098987,-0.395947,1.264832,0.000000,-0.219971,1.242834,0.263965,0.351953,-0.967871,0.186975,0.318958,-0.824890,0.109985,0.428943,-0.945874,0.208972,-0.450940,1.000867,0.109985,-0.362952,1.231836,0.142981,-0.186975,1.110852,104492,495339,-97,114,8234,-18,-2,-19,642
1780493823.445431,104496,495345,0x0FFF,0.494934,0.362952,-1.000867,0.241968,0.516931,-0.934875,0.186975,0.296960,-0.923877,0.241968,-0.604919,1.209839,0.087988,-0.340955,1.110852,-0.054993,-0.219971,1.385815,0.153979,0.274963,-0.978870,0.142981,0.439941,-0.802893,0.197974,0.461938,-0.868884,0.186975,-0.472937,0.956873,0.186975,-0.340955,1.165845,0.186975,-0.043994,1.176843,104495,495343,-106,103,8236,-19,-4,-22,635
1780493823.447505,104497,495347,0x0FFF,0.483936,0.461938,-0.945874,0.252966,0.494934,-0.879883,0.274963,0.373950,-0.879883,0.197974,-0.648914,1.209839,0.142981,-0.384949,1.275830,0.065991,-0.318958,1.308826,0.219971,0.318958,-1.088855,0.120984,0.428943,-0.846887,0.032996,0.439941,-0.989868,0.164978,-0.549927,0.912878,0.208972,-0.329956,1.165845,0.197974,-0.252966,1.209839,104495,495343,-106,103,8236,-19,-4,-22,635
1780493823.449646,104498,495349,0x0FFF,0.505933,0.406946,-0.967871,0.296960,0.472937,-0.956873,0.296960,0.384949,-0.890881,0.230969,-0.670911,1.187842,0.021997,-0.285962,1.231836,0.000000,-0.285962,1.319824,0.131982,0.329956,-0.945874,0.252966,0.395947,-0.758899,0.131982,0.450940,-0.890881,0.274963,-0.384949,1.099854,0.197974,-0.362952,1.209839,0.131982,-0.186975,1.308826,104495,495343,-106,103,8236,-19,-4,-22,635
1780493823.451962,104500,495351,0x0FFF,0.428943,0.351953,-0.956873,0.230969,0.450940,-1.022864,0.175977,0.274963,-0.945874,0.241968,-0.516931,1.264832,0.000000,-0.296960,1.209839,0.000000,-0.252966,1.341821,0.263965,0.340955,-0.956873,0.153979,0.428943,-0.835889,0.054993,0.384949,-0.989868,0.153979,-0.428943,0.989868,0.142981,-0.351953,1.308826,0.197974,-0.230969,1.099854,104499,495350,-95,108,8241,-16,-3,-19,640
1780493823.454154,104501,495353,0x0FFF,0.461938,0.340955,-1.044861,0.373950,0.483936,-0.945874,0.186975,0.450940,-0.890881,0.241968,-0.725903,1.253833,0.098987,-0.351953,1.209839,0.043994,-0.274963,1.319824,0.263965,0.285962,-0.967871,0.274963,0.428943,-0.835889,0.087988,0.472937,-0.934875,0.241968,-0.384949,0.967871,0.098987,-0.296960,1.132849,0.208972,-0.153979,1.209839,104499,495350,-95,108,8241,-16,-3,-19,640
1780493823.457322,104503,495355,0x0FFF,0.505933,0.384949,-1.011865,0.329956,0.527930,-0.934875,0.296960,0.362952,-0.824890,0.230969,-0.516931,1.231836,0.142981,-0.274963,1.198840,-0.010999,-0.373950,1.396814,0.076990,0.252966,-1.033862,0.208972,0.329956,-0.868884,0.197974,0.428943,-1.033862,0.241968,-0.428943,0.879883,0.131982,-0.362952,1.242834,0.153979,-0.186975,1.242834,104502,495354,-94,104,8241,-15,-3,-21,635
1780493823.459105,104504,495358,0x0FFF,0.406946,0.384949,-0.989868,0.208972,0.417944,-0.879883,0.186975,0.329956,-0.824890,0.351953,-0.670911,1.198840,0.098987,-0.406946,1.242834,-0.010999,-0.219971,1.275830,0.208972,0.307959,-1.000867,0.241968,0.439941,-0.648914,0.131982,0.384949,-0.857886,0.208972,-0.373950,1.000867,0.032996,-0.318958,1.121851,0.120984,-0.164978,1.242834,104502,495354,-94,104,8241,-15,-3,-21,635
1780493823.460603,104505,495360,0x0FFF,0.472937,0.428943,-0.989868,0.285962,0.505933,-1.022864,0.241968,0.450940,-0.879883,0.208972,-0.593921,1.209839,-0.054993,-0.428943,1.275830,0.109985,-0.175977,1.297827,0.219971,0.230969,-0.967871,0.175977,0.340955,-0.780896,0.043994,0.494934,-0.956873,0.208972,-0.406946,0.934875,0.065991,-0.373950,1.176843,0.186975,-0.252966,1.330823,104502,495354,-94,104,8241,-15,-3,-21,635
1780493823.462826,104507,495362,0x0FFF,0.450940,0.417944,-0.934875,0.296960,0.483936,-0.879883,0.373950,0.307959,-0.813892,0.285962,-0.560925,1.198840,0.120984,-0.406946,1.286829,0.065991,-0.307959,1.220837,0.197974,0.329956,-0.956873,0.219971,0.417944,-0.692908,0.142981,0.406946,-0.923877,0.230969,-0.450940,1.132849,0.065991,-0.351953,1.066858,0.109985,-0.208972,1.176843,104506,495360,-84,117,8232,-19,-2,-22,649
1780493823.464701,104508,495364,0x0FFF,0.494934,0.340955,-1.033862,0.219971,0.494934,-0.890881,0.340955,0.362952,-0.923877,0.340955,-0.571924,1.242834,0.098987,-0.384949,1.176843,0.021997,-0.252966,1.264832,0.230969,0.406946,-1.044861,0.164978,0.351953,-0.824890,0.076990,0.428943,-0.956873,0.219971,-0.406946,0.945874,0.109985,-0.318958,1.154846,0.230969,-0.241968,1.308826,104506,495360,-84,117,8232,-19,-2,-22,649
1780493823.466435,104510,495366,0x0FFF,0.417944,0.307959,-0.890881,0.362952,0.472937,-0.934875,0.219971,0.417944,-0.868884,0.263965,-0.582922,1.253833,0.120984,-0.395947,1.275830,-0.076990,-0.340955,1.286829,0.219971,0.318958,-1.066858,0.186975,0.406946,-0.769897,0.142981,0.472937,-0.967871,0.208972,-0.461938,1.077856,0.076990,-0.307959,1.209839,0.153979,-0.197974,1.198840,104509,495364,-94,96,8236,-15,-2,-20,630
1780493823.468080,104511,495368,0x0FFF,0.450940,0.340955,-0.912878,0.263965,0.516931,-0.923877,0.153979,0.274963,-0.923877,0.263965,-0.637915,1.242834,0.120984,-0.241968,1.209839,0.065991,-0.274963,1.220837,0.131982,0.351953,-0.967871,0.208972,0.384949,-0.692908,0.021997,0.461938,-0.923877,0.087988,-0.417944,1.077856,0.230969,-0.351953,1.077856,0.142981,-0.098987,1.154846,104509,495364,-94,96,8236,-15,-2,-20,630
1780493823.470675,104513,495370,0x0FFF,0.549927,0.318958,-0.978870,0.241968,0.461938,-0.857886,0.329956,0.329956,-0.890881,0.208972,-0.549927,1.242834,0.032996,-0.395947,1.132849,0.109985,-0.186975,1.264832,0.186975,0.340955,-0.967871,0.252966,0.439941,-0.857886,0.208972,0.329956,-0.923877,0.318958,-0.428943,0.989868,0.175977,-0.318958,1.088855,0.131982,-0.395947,1.088855,104512,495369,-98,115,8237,-15,-3,-21,638
1780493823.472099,104514,495372,0x0FFF,0.494934,0.351953,-0.956873,0.340955,0.428943,-0.934875,0.252966,0.285962,-0.967871,0.340955,-0.571924,1.165845,0.065991,-0.362952,1.253833,0.142981,-0.340955,1.330823,0.241968,0.285962,-0.956873,0.054993,0.428943,-0.791895,0.043994,0.351953,-0.978870,0.241968,-0.461938,1.000867,0.109985,-0.329956,1.176843,0.087988,-0.164978,1.242834,104512,495369,-98,115,8237,-15,-3,-21,638
1780493823.474503,104515,495374,0x0FFF,0.439941,0.340955,-1.044861,0.351953,0.472937,-0.912878,0.263965,0.329956,-0.945874,0.307959,-0.648914,1.275830,0.065991,-0.351953,1.209839,0.021997,-0.307959,1.253833,0.142981,0.263965,-0.967871,0.142981,0.384949,-0.934875,0.142981,0.351953,-0.857886,0.186975,-0.472937,0.901880,0.109985,-0.373950,1.143848,0.208972,-0.197974,1.198840,104512,495369,-98,115,8237,-15,-3,-21,638
1780493823.475820,104517,495376,0x0FFF,0.516931,0.362952,-0.945874,0.318958,0.593921,-0.901880,0.230969,0.373950,-0.813892,0.219971,-0.648914,1.220837,0.032996,-0.340955,1.286829,-0.021997,-0.263965,1.297827,0.230969,0.285962,-1.000867,0.252966,0.340955,-0.890881,0.208972,0.483936,-0.956873,0.263965,-0.373950,1.055859,0.032996,-0.428943,1.110852,0.219971,-0.120984,1.264832,104516,495375,-103,111,8235,-15,-4,-23,631
1780493823.478143,104518,495378,0x0FFF,0.494934,0.329956,-0.989868,0.307959,0.483936,-0.824890,0.318958,0.285962,-0.835889,0.285962,-0.549927,1.187842,0.054993,-0.417944,1.220837,0.043994,-0.230969,1.242834,0.208972,0.274963,-1.033862,0.142981,0.362952,-0.846887,0.153979,0.505933,-0.945874,0.175977,-0.406946,0.912878,0.153979,-0.362952,1.110852,0.175977,-0.219971,1.154846,104516,495375,-103,111,8235,-15,-4,-23,631
1780493823.480457,104520,495380,0x0FFF,0.505933,0.307959,-0.890881,0.351953,0.483936,-0.912878,0.252966,0.351953,-0.967871,0.263965,-0.604919,1.253833,0.109985,-0.384949,1.253833,0.043994,-0.296960,1.297827,0.318958,0.307959,-0.824890,0.142981,0.461938,-0.868884,0.164978,0.450940,-0.956873,0.197974,-0.450940,1.077856,0.164978,-0.395947,1.088855,0.263965,-0.417944,1.220837,104519,495379,-92,106,8237,-15,-4,-22,641
1780493823.482756,104521,495383,0x0FFF,0.472937,0.296960,-0.956873,0.230969,0.483936,-0.890881,0.263965,0.230969,-0.978870,0.241968,-0.571924,1.253833,0.032996,-0.318958,1.132849,0.098987,-0.197974,1.319824,0.153979,0.395947,-0.901880,0.065991,0.395947,-0.901880,0.175977,0.395947,-0.934875,0.296960,-0.461938,0.967871,0.120984,-0.274963,1.121851,0.230969,-0.131982,1.121851,104519,495379,-92,106,8237,-15,-4,-22,641
1780493823.484032,104522,495385,0x0FFF,0.417944,0.340955,-0.989868,0.263965,0.472937,-0.912878,0.208972,0.307959,-0.868884,0.252966,-0.571924,1.209839,0.153979,-0.340955,1.275830,0.054993,-0.329956,1.253833,0.120984,0.329956,-1.000867,0.252966,0.395947,-0.868884,0.142981,0.439941,-0.846887,0.285962,-0.505933,0.934875,0.120984,-0.318958,1.165845,0.153979,-0.241968,1.121851,104519,495379,-92,106,8237,-15,-4,-22,641
1780493823.486426,104524,495387,0x0FFF,0.461938,0.362952,-0.956873,0.329956,0.604919,-0.945874,0.329956,0.439941,-0.846887,0.230969,-0.626917,1.198840,0.120984,-0.329956,1.242834,0.054993,-0.252966,1.341821,0.186975,0.351953,-1.022864,0.175977,0.362952,-0.780896,0.186975,0.494934,-0.978870,0.164978,-0.417944,0.934875,0.087988,-0.318958,1.176843,0.164978,-0.153979,1.066858,104523,495385,-95,110,8231,-18,-3,-20,629
1780493823.488866,104525,495389,0x0FFF,0.450940,0.329956,-1.033862,0.329956,0.494934,-0.901880,0.296960,0.494934,-0.945874,0.252966,-0.681909,1.242834,0.043994,-0.373950,1.198840,-0.010999,-0.428943,1.352820,0.175977,0.384949,-0.989868,0.153979,0.384949,-0.824890,0.131982,0.483936,-0.857886,0.318958,-0.417944,1.044861,0.087988,-0.208972,1.099854,0.164978,-0.164978,1.154846,104523,495385,-95,110,8231,-18,-3,-20,629
1780493823.491393,104527,495391,0x0FFF,0.472937,0.395947,-0.923877,0.219971,0.450940,-0.945874,0.252966,0.263965,-0.934875,0.329956,-0.626917,1.176843,0.065991,-0.395947,1.176843,0.032996,-0.241968,1.275830,0.219971,0.241968,-0.956873,0.186975,0.461938,-0.857886,0.087988,0.373950,-0.956873,0.230969,-0.483936,0.912878,0.164978,-0.263965,1.077856,0.142981,-0.241968,1.165845,104526,495389,-101,113,8232,-19,-3,-22,646
1780493823.492950,104528,495393,0x0FFF,0.538928,0.318958,-1.011865,0.230969,0.560925,-0.846887,0.164978,0.307959,-0.901880,0.406946,-0.648914,1.055859,0.087988,-0.241968,1.242834,0.076990,-0.307959,1.352820,0.241968,0.340955,-1.044861,0.186975,0.373950,-0.824890,0.164978,0.285962,-0.945874,0.274963,-0.516931,1.022864,0.197974,-0.307959,1.132849,0.175977,-0.186975,1.121851,104526,495389,-101,113,8232,-19,-3,-22,646
1780493823.495630,104529,495395,0x0FFF,0.505933,0.307959,-0.989868,0.395947,0.472937,-0.835889,0.318958,0.351953,-0.879883,0.219971,-0.450940,1.099854,0.043994,-0.329956,1.187842,0.000000,-0.318958,1.253833,0.076990,0.384949,-1.022864,0.208972,0.428943,-0.835889,0.087988,0.406946,-0.978870,0.142981,-0.483936,1.011865,0.098987,-0.351953,1.143848,0.164978,-0.153979,1.308826,104526,495389,-101,113,8232,-19,-3,-22,646
1780493823.497311,104531,495397,0x0FFF,0.505933,0.340955,-0.956873,0.241968,0.450940,-0.912878,0.219971,0.428943,-0.868884,0.186975,-0.593921,1.319824,0.131982,-0.329956,1.363818,0.076990,-0.318958,1.253833,0.153979,0.373950,-0.912878,0.153979,0.395947,-0.802893,0.208972,0.439941,-0.857886,0.230969,-0.483936,0.989868,0.120984,-0.406946,1.132849,0.087988,-0.142981,1.176843,104530,495395,-82,109,8231,-16,-2,-17,636
1780493823.499000,104532,495399,0x0FFF,0.494934,0.351953,-0.923877,0.208972,0.472937,-0.901880,0.252966,0.340955,-0.879883,0.208972,-0.538928,1.209839,0.065991,-0.483936,1.220837,0.065991,-0.263965,1.264832,0.329956,0.263965,-0.923877,0.219971,0.384949,-0.846887,0.120984,0.494934,-0.967871,0.175977,-0.549927,0.989868,0.186975,-0.395947,1.198840,0.175977,-0.131982,1.176843,104530,495395,-82,109,8231,-16,-2,-17,636
1780493823.502052,104534,495401,0x0FFF,0.439941,0.428943,-0.956873,0.318958,0.439941,-0.923877,0.164978,0.329956,-0.967871,0.307959,-0.505933,1.231836,0.054993,-0.318958,1.297827,-0.021997,-0.263965,1.275830,0.230969,0.252966,-0.956873,0.186975,0.241968,-0.846887,0.131982,0.406946,-0.934875,0.230969,-0.395947,1.011865,0.186975,-0.296960,1.154846,0.164978,-0.164978,1.176843,104533,495400,-89,112,8245,-15,-2,-20,639
1780493823.504097,104535,495403,0x0FFF,0.582922,0.428943,-0.967871,0.340955,0.505933,-0.890881,0.186975,0.384949,-0.923877,0.230969,-0.571924,1.286829,0.021997,-0.384949,1.264832,0.076990,-0.241968,1.209839,0.219971,0.307959,-1.066858,0.241968,0.340955,-0.813892,0.098987,0.428943,-0.956873,0.219971,-0.417944,1.011865,0.065991,-0.395947,1.231836,0.230969,-0.208972,1.176843,104533,495400,-89,112,8245,-15,-2,-20,639
1780493823.506849,104537,495405,0x0FFF,0.472937,0.340955,-1.022864,0.340955,0.483936,-0.945874,0.285962,0.296960,-0.868884,0.274963,-0.593921,1.220837,-0.043994,-0.439941,1.264832,0.021997,-0.252966,1.308826,0.252966,0.296960,-0.945874,0.076990,0.439941,-0.747900,0.153979,0.439941,-0.956873,0.230969,-0.450940,1.000867,0.087988,-0.340955,1.209839,0.153979,-0.142981,1.132849,104536,495404,-97,109,8247,-16,-2,-21,643
1780493823.508717,104538,495408,0x0FFF,0.417944,0.351953,-1.000867,0.329956,0.505933,-0.923877,0.219971,0.362952,-0.945874,0.307959,-0.659912,1.297827,0.021997,-0.351953,1.286829,0.010999,-0.197974,1.242834,0.252966,0.285962,-0.923877,0.175977,0.351953,-0.835889,0.197974,0.439941,-0.879883,0.307959,-0.461938,0.978870,0.098987,-0.384949,1.198840,0.142981,-0.230969,1.220837,104536,495404,-97,109,8247,-16,-2,-21,643
1780493823.510146,104539,495410,0x0FFF,0.549927,0.296960,-1.044861,0.384949,0.549927,-1.000867,0.285962,0.362952,-0.824890,0.197974,-0.604919,1.176843,0.087988,-0.329956,1.319824,0.043994,-0.307959,1.264832,0.208972,0.373950,-1.077856,0.164978,0.351953,-0.813892,0.241968,0.406946,-0.923877,0.263965,-0.395947,1.033862,0.109985,-0.384949,1.154846,0.175977,-0.197974,1.231836,104536,495404,-97,109,8247,-16,-2,-21,643
1780493823.512336,104541,495412,0x0FFF,0.461938,0.318958,-0.989868,0.351953,0.494934,-0.879883,0.252966,0.428943,-0.868884,0.252966,-0.604919,1.176843,0.000000,-0.296960,1.154846,-0.010999,-0.175977,1.209839,0.197974,0.219971,-0.912878,0.263965,0.318958,-0.813892,0.087988,0.527930,-0.912878,0.120984,-0.505933,0.956873,0.153979,-0.384949,1.077856,0.164978,-0.241968,1.143848,104540,495410,-92,115,8237,-16,-3,-19,635
1780493823.514571,104542,495414,0x0FFF,0.439941,0.307959,-0.978870,0.384949,0.483936,-0.901880,0.329956,0.340955,-0.945874,0.296960,-0.505933,1.198840,0.098987,-0.307959,1.264832,-0.054993,-0.296960,1.341821,0.186975,0.395947,-1.022864,0.197974,0.329956,-0.835889,0.186975,0.516931,-0.934875,0.142981,-0.417944,1.011865,0.021997,-0.219971,1.077856,0.131982,-0.274963,1.209839,104540,495410,-92,115,8237,-16,-3,-19,635
1780493823.516698,104544,495416,0x0FFF,0.560925,0.296960,-0.923877,0.329956,0.593921,-0.857886,0.175977,0.373950,-0.890881,0.252966,-0.681909,1.308826,0.010999,-0.406946,1.253833,-0.010999,-0.241968,1.352820,0.197974,0.340955,-0.923877,0.186975,0.439941,-0.780896,0.252966,0.406946,-0.901880,0.131982,-0.439941,1.022864,0.087988,-0.329956,1.099854,0.175977,-0.197974,1.187842,104543,495414,-86,108,8224,-18,-2,-21,626
1780493823.518756,104545,495418,0x0FFF,0.516931,0.340955,-1.099854,0.252966,0.384949,-0.857886,0.186975,0.351953,-0.945874,0.285962,-0.637915,1.286829,0.131982,-0.417944,1.242834,0.000000,-0.285962,1.363818,0.274963,0.362952,-1.011865,0.230969,0.439941,-0.846887,0.175977,0.505933,-0.868884,0.230969,-0.428943,0.945874,0.186975,-0.307959,1.242834,0.186975,-0.142981,1.209839,104543,495414,-86,108,8224,-18,-2,-21,626
1780493823.520852,104546,495420,0x0FFF,0.439941,0.373950,-0.890881,0.241968,0.439941,-0.989868,0.296960,0.307959,-0.868884,0.307959,-0.615918,1.176843,0.043994,-0.241968,1.132849,-0.032996,-0.252966,1.319824,0.274963,0.307959,-0.967871,0.241968,0.472937,-0.813892,0.032996,0.384949,-0.890881,0.230969,-0.395947,1.033862,0.120984,-0.384949,1.231836,0.263965,-0.186975,1.220837,104543,495414,-86,108,8224,-18,-2,-21,626
1780493823.523601,104548,495422,0x0FFF,0.406946,0.296960,-0.956873,0.318958,0.428943,-0.835889,0.296960,0.307959,-0.934875,0.219971,-0.703906,1.154846,0.175977,-0.329956,1.297827,-0.021997,-0.186975,1.286829,0.208972,0.307959,-0.945874,0.186975,0.351953,-0.791895,0.186975,0.527930,-0.956873,0.197974,-0.461938,1.055859,0.186975,-0.329956,1.165845,0.087988,-0.230969,1.209839,104547,495420,-95,110,8235,-18,0,-22,629
1780493823.524814,104549,495424,0x0FFF,0.417944,0.395947,-1.055859,0.230969,0.384949,-0.868884,0.373950,0.362952,-0.868884,0.285962,-0.461938,1.253833,0.120984,-0.252966,1.231836,0.000000,-0.285962,1.297827,0.241968,0.340955,-0.967871,0.219971,0.373950,-0.868884,0.087988,0.428943,-0.967871,0.197974,-0.384949,0.967871,0.120984,-0.241968,1.110852,0.175977,-0.230969,1.209839,104547,495420,-95,110,8235,-18,0,-22,629
1780493823.527047,104551,495426,0x0FFF,0.538928,0.285962,-0.890881,0.318958,0.582922,-0.945874,0.175977,0.362952,-0.989868,0.175977,-0.604919,1.110852,0.109985,-0.362952,1.253833,0.000000,-0.307959,1.352820,0.296960,0.307959,-0.978870,0.230969,0.373950,-0.769897,0.076990,0.406946,-0.945874,0.098987,-0.450940,0.901880,0.098987,-0.384949,1.099854,0.076990,-0.285962,1.242834,104550,495425,-93,101,8235,-15,-3,-20,636
1780493823.529263,104552,495428,0x0FFF,0.483936,0.395947,-1.033862,0.307959,0.428943,-0.978870,0.318958,0.296960,-0.956873,0.230969,-0.626917,1.209839,0.054993,-0.461938,1.121851,0.043994,-0.219971,1.286829,0.153979,0.406946,-0.967871,0.186975,0.373950,-0.802893,0.098987,0.494934,-0.923877,0.307959,-0.439941,1.055859,0.076990,-0.307959,1.165845,0.175977,-0.208972,1.110852,104550,495425,-93,101,8235,-15,-3,-20,636
1780493823.531438,104554,495430,0x0FFF,0.406946,0.428943,-1.088855,0.307959,0.395947,-0.868884,0.263965,0.296960,-0.890881,0.329956,-0.571924,1.187842,0.054993,-0.263965,1.231836,0.010999,-0.329956,1.308826,0.241968,0.296960,-0.868884,0.230969,0.516931,-0.846887,0.054993,0.406946,-0.912878,0.230969,-0.417944,0.978870,0.043994,-0.351953,1.209839,0.098987,-0.197974,1.242834,104553,495429,-104,120,8233,-15,-3,-23,627
1780493823.533554,104555,495433,0x0FFF,0.384949,0.450940,-1.011865,0.318958,0.494934,-1.000867,0.296960,0.329956,-0.989868,0.263965,-0.637915,1.220837,0.076990,-0.351953,1.165845,0.043994,-0.175977,1.297827,0.219971,0.406946,-1.022864,0.076990,0.428943,-0.868884,0.142981,0.428943,-1.022864,0.230969,-0.483936,1.011865,0.109985,-0.373950,1.154846,0.252966,-0.153979,1.143848,104553,495429,-104,120,8233,-15,-3,-23,627
1780493823.535763,104556,495435,0x0FFF,0.494934,0.230969,-0.912878,0.351953,0.549927,-0.934875,0.252966,0.395947,-0.967871,0.219971,-0.527930,1.209839,0.076990,-0.296960,1.143848,0.109985,-0.307959,1.220837,0.109985,0.296960,-1.033862,0.164978,0.373950,-0.813892,0.087988,0.439941,-0.956873,0.175977,-0.439941,1.033862,0.131982,-0.318958,1.088855,0.142981,-0.153979,1.286829,104553,495429,-104,120,8233,-15,-3,-23,627
1780493823.536854,104558,495437,0x0FFF,0.450940,0.329956,-0.967871,0.252966,0.417944,-1.022864,0.219971,0.340955,-0.912878,0.274963,-0.725903,1.198840,0.153979,-0.285962,1.242834,0.065991,-0.285962,1.264832,0.197974,0.263965,-0.791895,0.263965,0.329956,-0.846887,0.120984,0.285962,-0.967871,0.087988,-0.373950,0.989868,0.076990,-0.384949,1.198840,0.142981,-0.186975,1.088855,104557,495435,-105,123,8239,-14,0,-22,628
1780493823.538973,104559,495439,0x0FFF,0.406946,0.417944,-1.066858,0.274963,0.549927,-0.912878,0.329956,0.362952,-0.824890,0.296960,-0.692908,1.297827,0.142981,-0.362952,1.253833,0.076990,-0.329956,1.286829,0.197974,0.263965,-0.923877,0.153979,0.340955,-0.824890,0.219971,0.450940,-0.923877,0.219971,-0.527930,1.022864,0.186975,-0.285962,1.132849,0.164978,-0.142981,1.242834,104557,495435,-105,123,8239,-14,0,-22,628
1780493823.541220,104561,495441,0x0FFF,0.417944,0.318958,-1.022864,0.252966,0.538928,-1.022864,0.351953,0.274963,-0.989868,0.186975,-0.659912,1.165845,0.164978,-0.373950,1.231836,0.109985,-0.153979,1.242834,0.208972,0.428943,-1.011865,0.219971,0.351953,-0.780896,0.230969,0.395947,-0.890881,0.263965,-0.516931,0.945874,0.076990,-0.373950,1.231836,0.186975,-0.241968,1.209839,104560,495439,-102,121,8239,-15,-2,-20,640
1780493823.543372,104562,495443,0x0FFF,0.450940,0.318958,-0.956873,0.274963,0.593921,-0.967871,0.373950,0.373950,-0.967871,0.329956,-0.725903,1.176843,0.032996,-0.395947,1.275830,0.032996,-0.252966,1.231836,0.252966,0.395947,-1.044861,0.230969,0.351953,-0.780896,0.131982,0.450940,-0.879883,0.241968,-0.450940,0.813892,0.175977,-0.274963,1.165845,0.208972,-0.252966,1.209839,104560,495439,-102,121,8239,-15,-2,-20,640
1780493823.545575,104563,495445,0x0FFF,0.483936,0.274963,-0.879883,0.395947,0.494934,-0.956873,0.263965,0.296960,-0.879883,0.186975,-0.538928,1.242834,0.142981,-0.318958,1.264832,-0.043994,-0.274963,1.363818,0.186975,0.263965,-0.934875,0.208972,0.384949,-0.692908,0.153979,0.406946,-0.945874,0.241968,-0.428943,1.011865,0.109985,-0.252966,1.132849,0.087988,-0.230969,1.165845,104560,495439,-102,121,8239,-15,-2,-20,640
1780493823.547765,104565,495447,0x0FFF,0.527930,0.395947,-0.967871,0.307959,0.494934,-0.857886,0.329956,0.417944,-1.022864,0.175977,-0.560925,1.154846,0.087988,-0.285962,1.220837,-0.054993,-0.296960,1.253833,0.219971,0.373950,-0.956873,0.208972,0.428943,-0.824890,0.186975,0.527930,-0.978870,0.307959,-0.362952,1.011865,0.252966,-0.362952,1.099854,0.230969,-0.098987,1.154846,104564,495445,-99,98,8238,-18,0,-19,632
1780493823.550445,104566,495449,0x0FFF,0.461938,0.417944,-0.956873,0.329956,0.560925,-0.923877,0.164978,0.307959,-0.912878,0.274963,-0.692908,1.176843,0.153979,-0.351953,1.220837,0.131982,-0.307959,1.308826,0.274963,0.318958,-0.912878,0.120984,0.494934,-0.725903,0.153979,0.461938,-0.923877,0.252966,-0.494934,0.879883,0.142981,-0.373950,1.209839,0.252966,-0.241968,1.187842,104564,495445,-99,98,8238,-18,0,-19,632
1780493823.551375,104568,495451,0x0FFF,0.384949,0.351953,-0.912878,0.252966,0.450940,-0.879883,0.208972,0.351953,-0.978870,0.329956,-0.626917,1.165845,0.087988,-0.384949,1.253833,0.010999,-0.186975,1.286829,0.120984,0.274963,-0.945874,0.142981,0.450940,-0.824890,0.109985,0.384949,-0.923877,0.186975,-0.505933,1.011865,0.153979,-0.318958,1.033862,0.241968,-0.230969,1.165845,104567,495450,-95,109,8229,-18,-4,-20,637
1780493823.553530,104569,495453,0x0FFF,0.307959,0.395947,-0.901880,0.373950,0.472937,-0.857886,0.274963,0.219971,-0.934875,0.340955,-0.549927,1.253833,0.197974,-0.384949,1.187842,0.054993,-0.296960,1.165845,0.164978,0.318958,-1.055859,0.175977,0.351953,-0.846887,0.098987,0.472937,-0.956873,0.142981,-0.417944,1.022864,0.054993,-0.274963,1.264832,0.164978,-0.252966,1.220837,104567,495450,-95,109,8229,-18,-4,-20,637
1780493823.555809,104571,495455,0x0FFF,0.549927,0.395947,-0.989868,0.329956,0.505933,-0.934875,0.241968,0.340955,-0.813892,0.252966,-0.582922,1.242834,0.131982,-0.307959,1.187842,0.043994,-0.241968,1.363818,0.219971,0.351953,-0.956873,0.164978,0.428943,-0.824890,0.142981,0.395947,-1.000867,0.329956,-0.362952,0.956873,0.186975,-0.351953,1.154846,0.142981,-0.109985,1.231836,104570,495454,-108,118,8240,-16,-3,-20,636
1780493823.557936,104572,495458,0x0FFF,0.461938,0.373950,-0.912878,0.274963,0.505933,-1.022864,0.219971,0.340955,-0.725903,0.263965,-0.626917,1.220837,0.131982,-0.428943,1.209839,-0.032996,-0.263965,1.253833,0.197974,0.230969,-0.989868,0.109985,0.362952,-0.824890,0.175977,0.461938,-0.934875,0.197974,-0.428943,1.066858,0.087988,-0.395947,1.220837,0.208972,-0.186975,1.121851,104570,495454,-108,118,8240,-16,-3,-20,636
1780493823.560050,104573,495460,0x0FFF,0.472937,0.395947,-0.923877,0.263965,0.384949,-0.956873,0.263965,0.318958,-0.912878,0.274963,-0.571924,1.264832,0.131982,-0.373950,1.264832,-0.043994,-0.296960,1.297827,0.208972,0.384949,-0.956873,0.153979,0.483936,-0.857886,0.087988,0.373950,-0.945874,0.153979,-0.373950,1.022864,0.142981,-0.318958,1.143848,0.120984,-0.076990,1.143848,104570,495454,-108,118,8240,-16,-3,-20,636
1780493823.562143,104575,495462,0x0FFF,0.439941,0.329956,-0.956873,0.296960,0.461938,-0.945874,0.208972,0.373950,-0.978870,0.307959,-0.692908,1.264832,0.098987,-0.406946,1.242834,0.021997,-0.318958,1.154846,0.175977,0.351953,-0.989868,0.219971,0.263965,-0.923877,0.076990,0.450940,-1.011865,0.230969,-0.417944,1.088855,0.241968,-0.296960,1.143848,0.153979,-0.164978,1.176843,104574,495460,-106,111,8235,-17,0,-22,641
1780493823.564227,104576,495464,0x0FFF,0.417944,0.274963,-1.011865,0.406946,0.483936,-0.934875,0.296960,0.351953,-0.934875,0.263965,-0.571924,1.198840,0.087988,-0.439941,1.264832,-0.010999,-0.230969,1.242834,0.230969,0.285962,-1.044861,0.186975,0.351953,-0.802893,0.164978,0.450940,-0.890881,0.153979,-0.450940,0.989868,0.109985,-0.307959,1.209839,0.142981,-0.208972,1.176843,104574,495460,-106,111,8235,-17,0,-22,641
1780493823.566436,104578,495466,0x0FFF,0.450940,0.274963,-0.901880,0.406946,0.461938,-0.890881,0.241968,0.428943,-0.846887,0.164978,-0.604919,1.187842,0.076990,-0.252966,1.143848,0.010999,-0.252966,1.176843,0.197974,0.241968,-0.967871,0.296960,0.395947,-0.824890,0.164978,0.505933,-1.000867,0.285962,-0.505933,0.923877,0.153979,-0.219971,1.154846,0.142981,-0.153979,1.286829,104577,495464,-87,121,8235,-15,-3,-17,643
1780493823.568532,104579,495468,0x0FFF,0.494934,0.373950,-0.978870,0.197974,0.505933,-0.868884,0.186975,0.296960,-0.857886,0.263965,-0.681909,1.121851,0.175977,-0.395947,1.143848,0.109985,-0.208972,1.242834,0.252966,0.285962,-0.890881,0.252966,0.439941,-0.791895,0.087988,0.483936,-0.890881,0.153979,-0.516931,1.000867,0.098987,-0.428943,1.132849,0.153979,-0.175977,1.132849,104577,495464,-87,121,8235,-15,-3,-17,643
1780493823.570717,104580,495470,0x0FFF,0.439941,0.362952,-0.967871,0.373950,0.417944,-0.912878,0.197974,0.329956,-0.868884,0.219971,-0.582922,1.176843,0.208972,-0.351953,1.264832,-0.054993,-0.208972,1.253833,0.197974,0.362952,-1.099854,0.164978,0.362952,-0.824890,0.021997,0.516931,-0.846887,0.252966,-0.516931,1.044861,0.076990,-0.274963,1.132849,0.087988,-0.230969,1.088855,104577,495464,-87,121,8235,-15,-3,-17,643
1780493823.572906,104582,495472,0x0FFF,0.461938,0.274963,-0.956873,0.362952,0.494934,-1.000867,0.197974,0.318958,-1.022864,0.318958,-0.571924,1.220837,0.120984,-0.263965,1.198840,0.087988,-0.153979,1.242834,0.175977,0.285962,-0.967871,0.142981,0.450940,-0.769897,0.164978,0.428943,-0.945874,0.274963,-0.461938,1.011865,0.120984,-0.296960,1.176843,0.197974,-0.296960,1.176843,104581,495470,-87,116,8237,-15,-1,-20,637
1780493823.575081,104583,495474,0x0FFF,0.483936,0.384949,-1.000867,0.307959,0.406946,-0.879883,0.340955,0.373950,-0.945874,0.219971,-0.538928,1.242834,0.131982,-0.340955,1.253833,0.098987,-0.285962,1.220837,0.153979,0.208972,-1.022864,0.208972,0.329956,-0.857886,0.175977,0.395947,-0.923877,0.032996,-0.505933,1.022864,0.076990,-0.362952,1.044861,0.186975,-0.164978,1.121851,104581,495470,-87,116,8237,-15,-1,-20,637
1780493823.577344,104585,495476,0x0FFF,0.472937,0.329956,-1.000867,0.329956,0.494934,-0.868884,0.208972,0.274963,-0.978870,0.274963,-0.659912,1.264832,0.087988,-0.395947,1.143848,0.043994,-0.186975,1.407812,0.362952,0.219971,-0.945874,0.175977,0.494934,-0.835889,0.065991,0.362952,-0.879883,0.219971,-0.406946,1.000867,0.120984,-0.329956,1.198840,0.197974,-0.274963,1.209839,104584,495475,-90,106,8245,-16,-2,-16,635
1780493823.579518,104586,495478,0x0FFF,0.428943,0.373950,-0.945874,0.307959,0.527930,-0.956873,0.241968,0.252966,-0.901880,0.263965,-0.681909,1.264832,0.076990,-0.351953,1.330823,0.010999,-0.263965,1.330823,0.164978,0.340955,-1.022864,0.219971,0.417944,-0.956873,0.098987,0.351953,-0.956873,0.208972,-0.472937,0.989868,0.164978,-0.384949,1.176843,0.164978,-0.219971,1.220837,104584,495475,-90,106,8245,-16,-2,-16,635
1780493823.580649,104588,495480,0x0FFF,0.461938,0.329956,-1.011865,0.329956,0.450940,-0.890881,0.241968,0.351953,-0.813892,0.219971,-0.648914,1.198840,0.032996,-0.296960,1.187842,-0.021997,-0.208972,1.275830,0.164978,0.296960,-0.934875,0.219971,0.417944,-0.736902,0.120984,0.417944,-0.978870,0.131982,-0.461938,1.088855,0.076990,-0.318958,1.154846,0.164978,-0.219971,1.176843,104587,495479,-102,107,8224,-15,-3,-21,631
1780493823.582781,104589,495483,0x0FFF,0.461938,0.285962,-0.846887,0.307959,0.538928,-0.868884,0.230969,0.483936,-0.901880,0.186975,-0.615918,1.275830,0.043994,-0.417944,1.220837,0.010999,-0.307959,1.209839,0.186975,0.362952,-0.945874,0.186975,0.384949,-0.934875,0.164978,0.263965,-0.945874,0.186975,-0.494934,1.033862,0.076990,-0.417944,1.143848,0.197974,-0.241968,1.099854,104587,495479,-102,107,8224,-15,-3,-21,631
1780493823.584957,104590,495485,0x0FFF,0.439941,0.186975,-0.967871,0.252966,0.494934,-0.890881,0.186975,0.362952,-0.945874,0.230969,-0.560925,1.077856,0.109985,-0.450940,1.330823,0.032996,-0.153979,1.363818,0.197974,0.252966,-0.945874,0.197974,0.384949,-0.846887,0.087988,0.450940,-0.978870,0.241968,-0.450940,0.978870,0.109985,-0.406946,1.121851,0.087988,-0.241968,1.264832,104587,495479,-102,107,8224,-15,-3,-21,631
1780493823.587111,104592,495487,0x0FFF,0.549927,0.417944,-0.956873,0.186975,0.571924,-1.011865,0.252966,0.384949,-0.912878,0.296960,-0.659912,1.209839,0.087988,-0.384949,1.187842,0.054993,-0.274963,1.264832,0.186975,0.296960,-1.000867,0.142981,0.296960,-0.879883,0.164978,0.417944,-0.967871,0.296960,-0.318958,1.033862,0.175977,-0.230969,1.176843,0.219971,-0.164978,1.132849,104591,495485,-91,116,8219,-16,-4,-24,637
1780493823.589408,104593,495489,0x0FFF,0.428943,0.351953,-0.912878,0.263965,0.593921,-0.978870,0.219971,0.307959,-0.868884,0.186975,-0.615918,1.242834,0.109985,-0.373950,1.165845,0.032996,-0.285962,1.308826,0.142981,0.263965,-0.967871,0.230969,0.417944,-0.835889,0.175977,0.406946,-0.923877,0.241968,-0.439941,0.934875,0.065991,-0.329956,1.110852,0.142981,-0.208972,1.132849,104591,495485,-91,116,8219,-16,-4,-24,637
1780493823.591768,104595,495491,0x0FFF,0.439941,0.329956,-0.978870,0.307959,0.472937,-0.846887,0.285962,0.340955,-0.824890,0.307959,-0.505933,1.242834,0.098987,-0.329956,1.209839,0.010999,-0.340955,1.264832,0.153979,0.285962,-1.033862,0.142981,0.483936,-0.769897,0.109985,0.406946,-0.978870,0.120984,-0.450940,0.956873,0.076990,-0.219971,1.143848,0.153979,-0.263965,1.110852,104594,495489,-98,109,8228,-17,-4,-20,622
1780493823.593831,104596,495493,0x0FFF,0.472937,0.318958,-1.066858,0.340955,0.494934,-0.956873,0.263965,0.494934,-0.879883,0.285962,-0.648914,1.242834,0.087988,-0.329956,1.220837,-0.010999,-0.263965,1.341821,0.197974,0.340955,-0.989868,0.164978,0.296960,-0.813892,0.153979,0.373950,-0.945874,0.219971,-0.483936,0.989868,0.076990,-0.373950,1.121851,0.175977,-0.252966,1.220837,104594,495489,-98,109,8228,-17,-4,-20,622
1780493823.595909,104597,495495,0x0FFF,0.450940,0.439941,-1.066858,0.274963,0.483936,-0.879883,0.241968,0.384949,-0.879883,0.351953,-0.571924,1.253833,0.164978,-0.329956,1.253833,-0.131982,-0.263965,1.187842,0.120984,0.439941,-0.978870,0.208972,0.461938,-0.813892,0.164978,0.494934,-0.835889,0.208972,-0.483936,0.945874,0.087988,-0.285962,1.187842,0.197974,-0.252966,1.198840,104594,495489,-98,109,8228,-17,-4,-20,622
1780493823.597922,104599,495497,0x0FFF,0.428943,0.439941,-0.978870,0.296960,0.505933,-0.879883,0.285962,0.351953,-0.890881,0.208972,-0.593921,1.220837,0.043994,-0.362952,1.275830,0.032996,-0.340955,1.286829,0.164978,0.362952,-0.978870,0.274963,0.406946,-0.791895,0.153979,0.439941,-0.835889,0.208972,-0.417944,0.813892,0.142981,-0.406946,1.055859,0.164978,-0.186975,1.209839,104598,495495,-86,128,8234,-17,-2,-20,636
1780493823.599990,104600,495499,0x0FFF,0.505933,0.274963,-1.011865,0.285962,0.538928,-0.934875,0.285962,0.241968,-0.912878,0.142981,-0.615918,1.264832,0.087988,-0.340955,1.275830,0.000000,-0.285962,1.231836,0.186975,0.230969,-1.088855,0.318958,0.307959,-0.802893,0.076990,0.351953,-0.912878,0.131982,-0.593921,0.967871,0.142981,-0.384949,1.198840,0.087988,-0.208972,1.187842,104598,495495,-86,128,8234,-17,-2,-20,636
1780493823.602027,104602,495501,0x0FFF,0.516931,0.329956,-0.890881,0.241968,0.461938,-0.989868,0.197974,0.362952,-0.846887,0.285962,-0.626917,1.231836,0.076990,-0.362952,1.187842,0.098987,-0.241968,1.330823,0.175977,0.252966,-0.989868,0.120984,0.439941,-0.780896,0.098987,0.384949,-0.934875,0.241968,-0.450940,1.000867,0.000000,-0.329956,1.154846,0.109985,-0.230969,1.220837,104601,495500,-89,120,8227,-18,-3,-21,640
1780493823.603997,104603,495503,0x0FFF,0.439941,0.395947,-1.033862,0.351953,0.406946,-1.022864,0.208972,0.296960,-0.835889,0.263965,-0.648914,1.264832,0.076990,-0.384949,1.198840,0.000000,-0.252966,1.253833,0.285962,0.318958,-0.912878,0.164978,0.439941,-0.769897,0.098987,0.406946,-0.956873,0.296960,-0.439941,0.934875,0.043994,-0.296960,1.220837,0.142981,-0.175977,1.209839,104601,495500,-89,120,8227,-18,-3,-21,640
1780493823.606059,104604,495505,0x0FFF,0.384949,0.373950,-0.923877,0.307959,0.384949,-0.879883,0.263965,0.252966,-0.868884,0.406946,-0.571924,1.209839,0.065991,-0.395947,1.275830,0.065991,-0.219971,1.286829,0.230969,0.296960,-0.945874,0.175977,0.329956,-0.824890,0.142981,0.384949,-0.934875,0.230969,-0.472937,1.011865,0.131982,-0.307959,1.088855,0.197974,-0.340955,1.165845,104601,495500,-89,120,8227,-18,-3,-21,640
1780493823.608097,104606,495508,0x0FFF,0.472937,0.395947,-0.934875,0.318958,0.571924,-0.956873,0.219971,0.373950,-0.879883,0.318958,-0.571924,1.165845,0.087988,-0.373950,1.231836,0.010999,-0.241968,1.286829,0.142981,0.340955,-1.000867,0.120984,0.428943,-0.846887,0.219971,0.439941,-1.033862,0.263965,-0.406946,0.956873,0.043994,-0.329956,1.165845,0.219971,-0.230969,1.253833,104605,495506,-106,109,8229,-15,-2,-21,630
1780493823.610584,104607,495510,0x0FFF,0.417944,0.252966,-0.846887,0.362952,0.516931,-0.868884,0.285962,0.263965,-0.967871,0.274963,-0.593921,1.187842,0.142981,-0.450940,1.264832,0.010999,-0.252966,1.286829,0.208972,0.373950,-0.956873,0.131982,0.351953,-0.791895,0.153979,0.439941,-0.956873,0.219971,-0.527930,0.989868,0.109985,-0.373950,1.099854,0.164978,-0.142981,1.143848,104605,495506,-106,109,8229,-15,-2,-21,630
1780493823.613137,104609,495512,0x0FFF,0.406946,0.340955,-0.989868,0.274963,0.461938,-1.033862,0.208972,0.296960,-0.846887,0.274963,-0.703906,1.231836,0.098987,-0.428943,1.286829,0.076990,-0.241968,1.297827,0.186975,0.296960,-1.011865,0.219971,0.362952,-0.769897,0.208972,0.450940,-0.989868,0.197974,-0.428943,1.055859,0.142981,-0.296960,1.132849,0.142981,-0.230969,1.154846,104608,495510,-95,123,8225,-16,-6,-20,638
1780493823.614311,104610,495514,0x0FFF,0.406946,0.252966,-0.934875,0.340955,0.472937,-0.934875,0.197974,0.318958,-0.956873,0.241968,-0.648914,1.198840,0.098987,-0.362952,1.297827,0.087988,-0.274963,1.341821,0.164978,0.395947,-0.978870,0.109985,0.450940,-0.736902,0.098987,0.439941,-0.890881,0.241968,-0.483936,1.000867,0.043994,-0.384949,1.099854,0.142981,-0.164978,1.253833,104608,495510,-95,123,8225,-16,-6,-20,638
1780493823.617100,104612,495516,0x0FFF,0.461938,0.450940,-0.923877,0.329956,0.483936,-1.011865,0.307959,0.307959,-0.967871,0.351953,-0.703906,1.275830,0.065991,-0.230969,1.330823,-0.021997,-0.219971,1.308826,0.219971,0.329956,-0.901880,0.153979,0.373950,-0.769897,0.142981,0.373950,-0.890881,0.230969,-0.450940,1.000867,0.109985,-0.340955,1.198840,0.164978,-0.175977,1.187842,104611,495514,-90,114,8236,-18,-4,-24,634
1780493823.618177,104613,495518,0x0FFF,0.450940,0.373950,-1.000867,0.318958,0.395947,-0.901880,0.362952,0.329956,-0.879883,0.296960,-0.571924,1.176843,0.076990,-0.296960,1.198840,-0.021997,-0.340955,1.429810,0.252966,0.285962,-1.033862,0.208972,0.439941,-0.736902,0.142981,0.307959,-0.835889,0.109985,-0.494934,0.956873,0.208972,-0.318958,1.187842,0.153979,-0.131982,1.187842,104611,495514,-90,114,8236,-18,-4,-24,634
1780493823.620434,104614,495520,0x0FFF,0.439941,0.230969,-0.956873,0.362952,0.417944,-0.978870,0.219971,0.307959,-0.956873,0.307959,-0.571924,1.286829,0.076990,-0.351953,1.143848,0.021997,-0.175977,1.253833,0.252966,0.340955,-0.912878,0.164978,0.461938,-0.802893,0.032996,0.406946,-0.912878,0.252966,-0.362952,0.978870,0.076990,-0.384949,1.077856,0.153979,-0.120984,1.154846,104611,495514,-90,114,8236,-18,-4,-24,634
1780493823.622642,104616,495522,0x0FFF,0.395947,0.362952,-0.967871,0.296960,0.494934,-1.022864,0.230969,0.417944,-0.989868,0.274963,-0.582922,1.253833,0.065991,-0.373950,1.143848,-0.010999,-0.263965,1.363818,0.197974,0.307959,-0.923877,0.087988,0.450940,-0.802893,0.186975,0.373950,-1.066858,0.252966,-0.450940,1.165845,0.043994,-0.307959,1.176843,0.142981,-0.197974,1.165845,104615,495520,-107,113,8228,-15,-1,-19,636
1780493823.624888,104617,495524,0x0FFF,0.472937,0.296960,-0.923877,0.384949,0.428943,-0.923877,0.230969,0.384949,-0.989868,0.186975,-0.659912,1.187842,0.098987,-0.428943,1.220837,0.087988,-0.318958,1.220837,0.219971,0.406946,-0.879883,0.131982,0.450940,-0.857886,0.230969,0.494934,-0.912878,0.186975,-0.439941,0.956873,0.175977,-0.329956,1.176843,0.153979,-0.164978,1.242834,104615,495520,-107,113,8228,-15,-1,-19,636
1780493823.627056,104619,495526,0x0FFF,0.483936,0.373950,-0.956873,0.406946,0.505933,-0.813892,0.164978,0.329956,-0.890881,0.263965,-0.703906,1.264832,0.109985,-0.395947,1.275830,-0.043994,-0.230969,1.407812,0.109985,0.296960,-0.912878,0.164978,0.439941,-0.890881,0.131982,0.428943,-0.824890,0.252966,-0.439941,1.000867,0.131982,-0.318958,1.132849,0.208972,-0.219971,1.209839,104618,495525,-111,114,8251,-16,-4,-18,626
1780493823.629231,104620,495528,0x0FFF,0.494934,0.307959,-1.000867,0.186975,0.362952,-0.956873,0.230969,0.351953,-0.945874,0.263965,-0.538928,1.198840,0.142981,-0.395947,1.264832,0.098987,-0.296960,1.231836,0.285962,0.340955,-1.044861,0.230969,0.472937,-0.879883,0.142981,0.483936,-0.868884,0.120984,-0.450940,0.912878,0.065991,-0.373950,1.231836,0.109985,-0.087988,1.165845,104618,495525,-111,114,8251,-16,-4,-18,626
1780493823.631448,104621,495530,0x0FFF,0.428943,0.395947,-0.813892,0.351953,0.329956,-1.055859,0.208972,0.318958,-0.725903,0.263965,-0.637915,1.143848,0.054993,-0.384949,1.264832,0.010999,-0.197974,1.176843,0.175977,0.373950,-0.978870,0.197974,0.439941,-0.868884,0.175977,0.395947,-0.956873,0.296960,-0.527930,1.011865,0.120984,-0.362952,1.165845,0.142981,-0.241968,1.121851,104618,495525,-111,114,8251,-16,-4,-18,626
1780493823.633606,104623,495533,0x0FFF,0.505933,0.395947,-0.967871,0.197974,0.571924,-0.967871,0.208972,0.362952,-0.813892,0.318958,-0.659912,1.396814,0.219971,-0.362952,1.341821,0.032996,-0.153979,1.308826,0.153979,0.241968,-1.000867,0.186975,0.450940,-0.813892,0.054993,0.395947,-0.912878,0.153979,-0.362952,1.022864,0.098987,-0.252966,1.242834,0.142981,-0.263965,1.187842,104622,495531,-107,121,8237,-15,-3,-22,644
1780493823.635799,104624,495535,0x0FFF,0.450940,0.329956,-1.033862,0.351953,0.549927,-0.846887,0.208972,0.318958,-0.890881,0.230969,-0.615918,1.209839,0.131982,-0.373950,1.286829,-0.021997,-0.219971,1.286829,0.175977,0.318958,-0.912878,0.241968,0.428943,-0.802893,0.164978,0.395947,-1.011865,0.230969,-0.527930,1.121851,0.043994,-0.285962,1.187842,0.230969,-0.208972,1.297827,104622,495531,-107,121,8237,-15,-3,-22,644
1780493823.636898,104626,495537,0x0FFF,0.395947,0.285962,-0.901880,0.373950,0.439941,-0.868884,0.285962,0.274963,-0.868884,0.186975,-0.571924,1.231836,0.098987,-0.373950,1.154846,0.043994,-0.340955,1.418811,0.153979,0.417944,-1.000867,0.197974,0.450940,-0.802893,0.054993,0.373950,-0.956873,0.175977,-0.439941,0.978870,0.131982,-0.417944,1.110852,0.208972,-0.263965,1.264832,104625,495535,-106,120,8231,-16,-2,-19,644
1780493823.639067,104627,495539,0x0FFF,0.395947,0.373950,-1.066858,0.384949,0.417944,-0.978870,0.285962,0.263965,-0.824890,0.186975,-0.615918,1.231836,0.021997,-0.307959,1.242834,0.032996,-0.274963,1.275830,0.197974,0.241968,-0.978870,0.230969,0.351953,-0.769897,0.054993,0.505933,-0.923877,0.241968,-0.373950,1.055859,-0.010999,-0.285962,1.209839,0.208972,-0.186975,1.143848,104625,495535,-106,120,8231,-16,-2,-19,644
1780493823.641141,104629,495541,0x0FFF,0.395947,0.406946,-0.956873,0.263965,0.549927,-0.868884,0.274963,0.318958,-0.934875,0.208972,-0.637915,1.165845,0.098987,-0.384949,1.242834,0.021997,-0.307959,1.198840,0.230969,0.362952,-0.989868,0.208972,0.351953,-0.923877,0.109985,0.340955,-0.989868,0.208972,-0.472937,0.989868,0.087988,-0.252966,1.187842,0.120984,-0.252966,1.176843,104628,495539,-102,105,8225,-16,-4,-21,625
1780493823.643147,104630,495543,0x0FFF,0.494934,0.340955,-1.011865,0.340955,0.483936,-0.945874,0.252966,0.263965,-0.901880,0.252966,-0.593921,1.253833,0.065991,-0.351953,1.297827,0.098987,-0.307959,1.220837,0.142981,0.450940,-0.978870,0.296960,0.318958,-0.813892,0.131982,0.406946,-0.945874,0.241968,-0.560925,0.934875,0.120984,-0.373950,1.121851,0.186975,-0.241968,1.286829,104628,495539,-102,105,8225,-16,-4,-21,625
1780493823.645251,104631,495545,0x0FFF,0.505933,0.428943,-1.011865,0.263965,0.494934,-0.956873,0.230969,0.406946,-1.022864,0.307959,-0.659912,1.132849,0.153979,-0.406946,1.110852,-0.054993,-0.274963,1.385815,0.252966,0.340955,-0.923877,0.230969,0.373950,-0.758899,0.120984,0.428943,-0.967871,0.318958,-0.505933,0.978870,0.120984,-0.318958,1.165845,0.076990,-0.197974,1.187842,104628,495539,-102,105,8225,-16,-4,-21,625
1780493823.647273,104633,495547,0x0FFF,0.483936,0.208972,-0.890881,0.428943,0.472937,-0.857886,0.164978,0.384949,-1.033862,0.274963,-0.703906,1.242834,0.087988,-0.318958,1.286829,0.010999,-0.186975,1.319824,0.252966,0.329956,-0.945874,0.142981,0.384949,-0.769897,0.043994,0.428943,-1.022864,0.219971,-0.428943,0.978870,0.109985,-0.285962,1.143848,0.164978,-0.186975,1.209839,104632,495545,-98,98,8241,-20,-3,-23,643
1780493823.649290,104634,495549,0x0FFF,0.538928,0.318958,-0.967871,0.395947,0.450940,-0.923877,0.175977,0.318958,-0.901880,0.219971,-0.571924,1.231836,0.010999,-0.351953,1.187842,0.010999,-0.164978,1.297827,0.296960,0.263965,-0.890881,0.252966,0.428943,-0.846887,0.164978,0.450940,-1.022864,0.263965,-0.450940,1.022864,0.098987,-0.373950,1.198840,0.175977,-0.208972,1.253833,104632,495545,-98,98,8241,-20,-3,-23,643
1780493823.651589,104636,495551,0x0FFF,0.384949,0.373950,-0.846887,0.329956,0.395947,-0.956873,0.219971,0.307959,-0.901880,0.208972,-0.626917,1.231836,0.142981,-0.362952,1.231836,0.021997,-0.384949,1.319824,0.164978,0.329956,-1.022864,0.131982,0.428943,-0.857886,-0.043994,0.362952,-0.978870,0.263965,-0.472937,0.923877,0.043994,-0.329956,1.088855,0.087988,-0.120984,1.187842,104635,495550,-97,113,8230,-16,-4,-23,646
1780493823.653633,104637,495553,0x0FFF,0.417944,0.274963,-0.923877,0.296960,0.560925,-0.989868,0.175977,0.318958,-0.857886,0.252966,-0.692908,1.187842,0.153979,-0.428943,1.209839,0.054993,-0.373950,1.319824,0.087988,0.351953,-0.923877,0.142981,0.439941,-0.813892,0.054993,0.450940,-0.857886,0.197974,-0.417944,0.989868,0.076990,-0.307959,1.165845,0.241968,-0.274963,1.264832,104635,495550,-97,113,8230,-16,-4,-23,646
1780493823.655742,104639,495555,0x0FFF,0.351953,0.395947,-0.978870,0.296960,0.406946,-0.978870,0.241968,0.428943,-0.945874,0.307959,-0.659912,1.286829,0.098987,-0.351953,1.308826,0.021997,-0.263965,1.341821,0.263965,0.384949,-0.967871,0.164978,0.384949,-0.835889,0.120984,0.417944,-0.945874,0.197974,-0.494934,1.000867,0.131982,-0.384949,1.132849,0.263965,-0.153979,1.176843,104635,495550,-97,113,8230,-16,-4,-23,646
1780493823.657761,104641,495558,0x0FFF,0.406946,0.362952,-1.011865,0.252966,0.406946,-0.857886,0.252966,0.406946,-0.967871,0.340955,-0.615918,1.209839,0.076990,-0.263965,1.209839,0.032996,-0.197974,1.341821,0.274963,0.340955,-0.956873,0.285962,0.461938,-0.857886,0.065991,0.417944,-0.901880,0.263965,-0.318958,0.945874,0.076990,-0.318958,1.187842,0.197974,-0.186975,1.187842,104640,495556,-102,104,8229,-17,1,-20,637
1780493823.659832,104642,495560,0x0FFF,0.505933,0.439941,-1.044861,0.318958,0.472937,-0.956873,0.274963,0.230969,-0.846887,0.318958,-0.648914,1.132849,0.098987,-0.252966,1.220837,0.021997,-0.241968,1.275830,0.153979,0.307959,-1.011865,0.164978,0.439941,-0.824890,0.175977,0.417944,-1.011865,0.098987,-0.395947,0.890881,0.197974,-0.307959,1.110852,0.175977,-0.164978,1.231836,104640,495556,-102,104,8229,-17,1,-20,637
1780493823.661808,104644,495562,0x0FFF,0.516931,0.351953,-0.934875,0.373950,0.472937,-0.989868,0.263965,0.230969,-0.934875,0.252966,-0.626917,1.165845,0.131982,-0.274963,1.165845,0.032996,-0.296960,1.242834,0.175977,0.307959,-1.055859,0.274963,0.428943,-0.813892,0.274963,0.472937,-0.967871,0.285962,-0.428943,0.934875,0.131982,-0.450940,1.121851,0.142981,-0.142981,1.231836,104643,495560,-98,108,8232,-18,2,-19,632
1780493823.663730,104645,495564,0x0FFF,0.494934,0.318958,-0.989868,0.263965,0.406946,-0.989868,0.197974,0.307959,-0.934875,0.329956,-0.681909,1.308826,0.109985,-0.307959,1.132849,0.000000,-0.208972,1.374817,0.219971,0.362952,-1.000867,0.274963,0.362952,-0.857886,0.142981,0.428943,-0.912878,0.274963,-0.351953,1.011865,0.054993,-0.296960,1.187842,0.142981,-0.274963,1.242834,104643,495560,-98,108,8232,-18,2,-19,632
1780493823.666926,104647,495566,0x0FFF,0.461938,0.384949,-0.879883,0.329956,0.461938,-0.868884,0.175977,0.417944,-0.934875,0.329956,-0.637915,1.121851,0.065991,-0.340955,1.253833,0.000000,-0.329956,1.319824,0.142981,0.318958,-1.000867,0.142981,0.395947,-0.890881,0.175977,0.362952,-0.857886,0.164978,-0.483936,1.000867,0.109985,-0.417944,1.176843,0.208972,-0.219971,1.187842,104646,495564,-94,116,8237,-16,-1,-19,645
1780493823.668966,104648,495568,0x0FFF,0.428943,0.406946,-0.923877,0.208972,0.494934,-1.022864,0.296960,0.329956,-0.813892,0.285962,-0.637915,1.187842,0.142981,-0.428943,1.220837,0.010999,-0.219971,1.176843,0.175977,0.307959,-0.967871,0.263965,0.340955,-0.835889,0.131982,0.406946,-0.846887,0.241968,-0.362952,0.989868,0.043994,-0.285962,1.066858,0.186975,-0.186975,1.253833,104646,495564,-94,116,8237,-16,-1,-19,645
1780493823.671043,104649,495570,0x0FFF,0.395947,0.351953,-1.033862,0.395947,0.505933,-0.879883,0.208972,0.296960,-0.857886,0.351953,-0.648914,1.154846,0.131982,-0.318958,1.165845,0.032996,-0.241968,1.341821,0.318958,0.307959,-0.956873,0.230969,0.472937,-0.780896,0.087988,0.483936,-0.857886,0.186975,-0.428943,0.934875,0.065991,-0.373950,1.055859,0.131982,-0.241968,1.165845,104646,495564,-94,116,8237,-16,-1,-19,645
1780493823.673072,104651,495572,0x0FFF,0.428943,0.384949,-1.077856,0.285962,0.593921,-0.857886,0.307959,0.362952,-0.923877,0.153979,-0.560925,1.187842,0.087988,-0.296960,1.220837,-0.032996,-0.164978,1.341821,0.208972,0.252966,-1.011865,0.087988,0.395947,-0.791895,0.087988,0.351953,-0.934875,0.208972,-0.395947,1.088855,0.109985,-0.274963,1.220837,0.186975,-0.175977,1.286829,104650,495570,-104,105,8235,-17,-3,-20,639
1780493823.675168,104652,495574,0x0FFF,0.494934,0.384949,-0.945874,0.252966,0.505933,-0.956873,0.186975,0.252966,-0.967871,0.274963,-0.637915,1.319824,0.153979,-0.340955,1.297827,0.076990,-0.175977,1.286829,0.252966,0.307959,-0.945874,0.285962,0.428943,-0.835889,0.076990,0.472937,-0.813892,0.186975,-0.362952,0.967871,0.109985,-0.329956,1.198840,0.076990,-0.230969,1.143848,104650,495570,-104,105,8235,-17,-3,-20,639
1780493823.677197,104654,495576,0x0FFF,0.362952,0.351953,-0.967871,0.296960,0.461938,-0.923877,0.186975,0.362952,-1.022864,0.219971,-0.582922,1.198840,0.175977,-0.285962,1.319824,0.054993,-0.186975,1.253833,0.274963,0.351953,-1.077856,0.186975,0.395947,-0.857886,0.186975,0.417944,-0.978870,0.153979,-0.439941,1.011865,0.054993,-0.384949,1.165845,0.153979,-0.208972,1.209839,104653,495575,-108,96,8241,-18,-6,-24,642
1780493823.679168,104655,495578,0x0FFF,0.384949,0.263965,-1.011865,0.197974,0.505933,-0.989868,0.131982,0.285962,-0.923877,0.230969,-0.648914,1.220837,-0.032996,-0.373950,1.187842,-0.032996,-0.208972,1.275830,0.175977,0.351953,-0.956873,0.230969,0.351953,-0.791895,0.164978,0.373950,-0.879883,0.252966,-0.461938,0.890881,0.131982,-0.274963,1.088855,0.219971,-0.208972,1.286829,104653,495575,-108,96,8241,-18,-6,-24,642
1780493823.681201,104656,495580,0x0FFF,0.560925,0.329956,-1.044861,0.208972,0.604919,-0.857886,0.318958,0.362952,-0.835889,0.274963,-0.571924,1.143848,0.043994,-0.307959,1.308826,-0.065991,-0.252966,1.176843,0.175977,0.285962,-1.088855,0.219971,0.406946,-0.736902,0.109985,0.384949,-0.901880,0.153979,-0.428943,1.022864,0.120984,-0.351953,1.088855,0.120984,-0.186975,1.187842,104653,495575,-108,96,8241,-18,-6,-24,642
1780493823.683236,104658,495583,0x0FFF,0.527930,0.252966,-0.967871,0.307959,0.439941,-0.868884,0.219971,0.395947,-0.824890,0.230969,-0.703906,1.253833,0.010999,-0.318958,1.121851,0.054993,-0.230969,1.330823,0.087988,0.252966,-0.912878,0.197974,0.373950,-0.758899,0.153979,0.340955,-0.879883,0.175977,-0.351953,0.945874,0.109985,-0.274963,1.121851,0.186975,-0.219971,1.220837,104657,495581,-93,112,8231,-17,-2,-24,629
1780493823.685275,104659,495585,0x0FFF,0.472937,0.307959,-1.033862,0.296960,0.549927,-0.956873,0.230969,0.395947,-0.846887,0.219971,-0.659912,1.231836,0.054993,-0.417944,1.187842,-0.065991,-0.329956,1.209839,0.241968,0.263965,-1.055859,0.131982,0.340955,-0.769897,0.197974,0.505933,-1.000867,0.186975,-0.494934,0.945874,0.010999,-0.208972,1.198840,0.109985,-0.197974,1.165845,104657,495581,-93,112,8231,-17,-2,-24,629
1780493823.687307,104661,495587,0x0FFF,0.472937,0.384949,-0.835889,0.307959,0.428943,-1.011865,0.197974,0.417944,-0.923877,0.219971,-0.714905,1.209839,0.021997,-0.362952,1.154846,-0.021997,-0.186975,1.297827,0.285962,0.362952,-1.044861,0.186975,0.439941,-0.747900,0.076990,0.461938,-0.967871,0.142981,-0.483936,1.044861,0.065991,-0.285962,1.198840,0.098987,-0.208972,1.187842,104660,495585,-103,110,8235,-16,-5,-20,632
1780493823.689313,104662,495589,0x0FFF,0.373950,0.351953,-1.055859,0.252966,0.494934,-0.912878,0.318958,0.296960,-0.978870,0.263965,-0.670911,1.198840,0.197974,-0.274963,1.242834,-0.054993,-0.230969,1.330823,0.186975,0.307959,-1.022864,0.065991,0.362952,-0.791895,0.098987,0.472937,-0.956873,0.142981,-0.373950,0.967871,0.142981,-0.329956,1.099854,0.230969,-0.131982,1.264832,104660,495585,-103,110,8235,-16,-5,-20,632
1780493823.691333,104664,495591,0x0FFF,0.340955,0.329956,-0.967871,0.219971,0.450940,-1.033862,0.175977,0.318958,-0.956873,0.274963,-0.659912,1.242834,0.142981,-0.384949,1.176843,0.000000,-0.296960,1.253833,0.186975,0.274963,-1.044861,0.208972,0.461938,-0.857886,0.197974,0.483936,-0.912878,0.285962,-0.406946,0.923877,0.109985,-0.241968,1.209839,0.109985,-0.329956,1.209839,104663,495589,-103,111,8241,-15,-1,-19,630
1780493823.693305,104665,495593,0x0FFF,0.373950,0.318958,-0.956873,0.263965,0.417944,-0.868884,0.230969,0.362952,-0.901880,0.164978,-0.626917,1.297827,0.021997,-0.351953,1.154846,0.065991,-0.230969,1.407812,0.241968,0.373950,-1.077856,0.153979,0.406946,-0.791895,0.153979,0.439941,-0.945874,0.274963,-0.450940,1.000867,0.098987,-0.351953,1.110852,0.142981,-0.208972,1.176843,104663,495589,-103,111,8241,-15,-1,-19,630
1780493823.695364,104666,495595,0x0FFF,0.373950,0.373950,-0.956873,0.285962,0.494934,-1.044861,0.362952,0.351953,-0.824890,0.219971,-0.615918,1.253833,0.131982,-0.296960,1.187842,0.000000,-0.219971,1.275830,0.164978,0.263965,-0.934875,0.153979,0.340955,-0.681909,0.153979,0.384949,-0.956873,0.219971,-0.351953,0.945874,0.087988,-0.362952,1.143848,0.219971,-0.186975,1.099854,104663,495589,-103,111,8241,-15,-1,-19,630
1780493823.697379,104668,495597,0x0FFF,0.494934,0.373950,-1.055859,0.428943,0.516931,-0.978870,0.153979,0.285962,-0.945874,0.197974,-0.604919,1.132849,0.076990,-0.450940,1.286829,-0.087988,-0.241968,1.297827,0.186975,0.252966,-1.033862,0.186975,0.351953,-0.846887,0.076990,0.373950,-1.000867,0.153979,-0.527930,1.022864,0.000000,-0.307959,1.231836,0.098987,-0.274963,1.209839,104667,495595,-105,113,8242,-15,-3,-21,646
1780493823.699369,104669,495599,0x0FFF,0.417944,0.384949,-0.967871,0.351953,0.505933,-0.890881,0.296960,0.241968,-0.912878,0.197974,-0.703906,1.253833,0.186975,-0.307959,1.275830,0.054993,-0.252966,1.308826,0.153979,0.285962,-1.033862,0.087988,0.373950,-0.879883,0.186975,0.439941,-0.967871,0.164978,-0.439941,1.033862,0.098987,-0.296960,1.143848,0.142981,-0.131982,1.220837,104667,495595,-105,113,8242,-15,-3,-21,646
1780493823.701346,104671,495601,0x0FFF,0.549927,0.274963,-0.967871,0.362952,0.450940,-0.912878,0.241968,0.373950,-0.945874,0.285962,-0.582922,1.242834,0.065991,-0.362952,1.253833,0.010999,-0.318958,1.319824,0.219971,0.340955,-0.934875,0.142981,0.351953,-0.791895,0.076990,0.417944,-0.912878,0.274963,-0.494934,0.945874,0.120984,-0.395947,1.121851,0.109985,-0.285962,1.264832,104670,495600,-97,128,8241,-15,-2,-17,633
1780493823.703323,104672,495603,0x0FFF,0.538928,0.307959,-0.956873,0.362952,0.483936,-1.099854,0.131982,0.428943,-0.824890,0.241968,-0.527930,1.176843,0.109985,-0.274963,1.264832,0.021997,-0.296960,1.176843,0.241968,0.318958,-1.066858,0.120984,0.395947,-0.824890,0.076990,0.252966,-0.923877,0.208972,-0.549927,0.989868,0.186975,-0.373950,1.077856,0.120984,-0.208972,1.143848,104670,495600,-97,128,8241,-15,-2,-17,633
1780493823.706453,104673,495605,0x0FFF,0.538928,0.263965,-0.879883,0.373950,0.483936,-0.956873,0.274963,0.362952,-0.846887,0.175977,-0.681909,1.286829,0.087988,-0.318958,1.231836,-0.010999,-0.208972,1.253833,0.230969,0.296960,-0.857886,0.164978,0.340955,-0.824890,0.142981,0.527930,-0.791895,0.285962,-0.450940,1.044861,0.241968,-0.285962,1.176843,0.142981,-0.230969,1.220837,104670,495600,-97,128,8241,-15,-2,-17,633
1780493823.707509,104675,495608,0x0FFF,0.384949,0.384949,-1.022864,0.263965,0.340955,-0.978870,0.153979,0.307959,-0.923877,0.384949,-0.582922,1.121851,-0.010999,-0.373950,1.176843,0.043994,-0.285962,1.275830,0.175977,0.274963,-1.022864,0.164978,0.417944,-0.802893,0.087988,0.351953,-0.890881,0.164978,-0.406946,1.022864,0.109985,-0.395947,1.165845,0.087988,-0.186975,1.242834,104674,495606,-96,116,8224,-17,-3,-20,640
1780493823.710629,104676,495610,0x0FFF,0.450940,0.296960,-0.956873,0.318958,0.461938,-0.868884,0.252966,0.285962,-0.923877,0.285962,-0.582922,1.077856,0.032996,-0.307959,1.165845,0.043994,-0.340955,1.242834,0.208972,0.296960,-1.011865,0.230969,0.439941,-0.868884,0.120984,0.384949,-0.945874,0.186975,-0.362952,1.033862,-0.021997,-0.417944,1.077856,0.208972,-0.164978,1.154846,104674,495606,-96,116,8224,-17,-3,-20,640
1780493823.712660,104678,495612,0x0FFF,0.439941,0.340955,-1.022864,0.351953,0.472937,-0.879883,0.274963,0.373950,-0.879883,0.252966,-0.582922,1.264832,0.098987,-0.373950,1.198840,-0.109985,-0.252966,1.231836,0.164978,0.263965,-1.022864,0.219971,0.428943,-0.846887,0.219971,0.406946,-0.879883,0.274963,-0.450940,0.934875,0.153979,-0.329956,1.055859,0.219971,-0.307959,1.143848,104677,495610,-106,118,8236,-14,-5,-20,637
1780493823.714714,104679,495614,0x0FFF,0.472937,0.384949,-0.945874,0.285962,0.472937,-0.923877,0.230969,0.384949,-0.846887,0.241968,-0.582922,1.396814,0.175977,-0.307959,1.231836,-0.065991,-0.186975,1.297827,0.219971,0.340955,-1.066858,0.230969,0.483936,-0.736902,0.230969,0.428943,-0.923877,0.208972,-0.461938,0.945874,0.065991,-0.395947,1.066858,0.153979,-0.241968,1.209839,104677,495610,-106,118,8236,-14,-5,-20,637
1780493823.716719,104681,495616,0x0FFF,0.439941,0.351953,-0.978870,0.285962,0.582922,-0.956873,0.186975,0.307959,-1.055859,0.274963,-0.516931,1.132849,0.175977,-0.340955,1.176843,0.000000,-0.219971,1.319824,0.340955,0.329956,-0.934875,0.230969,0.351953,-0.791895,0.065991,0.516931,-0.945874,0.197974,-0.406946,0.934875,0.131982,-0.373950,1.220837,0.164978,-0.142981,1.143848,104680,495614,-101,112,8229,-16,-4,-20,634
1780493823.718687,104682,495618,0x0FFF,0.450940,0.362952,-0.857886,0.384949,0.428943,-0.857886,0.307959,0.318958,-0.813892,0.362952,-0.615918,1.264832,0.087988,-0.362952,1.286829,-0.010999,-0.318958,1.352820,0.164978,0.263965,-1.077856,0.164978,0.417944,-0.824890,0.098987,0.538928,-0.945874,0.219971,-0.373950,1.011865,0.076990,-0.362952,1.165845,0.153979,-0.230969,1.165845,104680,495614,-101,112,8229,-16,-4,-20,634
1780493823.720734,104683,495620,0x0FFF,0.472937,0.395947,-0.967871,0.318958,0.582922,-0.857886,0.241968,0.274963,-0.967871,0.296960,-0.648914,1.275830,0.065991,-0.362952,1.209839,-0.043994,-0.274963,1.275830,0.208972,0.373950,-0.956873,0.241968,0.439941,-0.736902,0.076990,0.395947,-0.780896,0.186975,-0.472937,1.033862,0.219971,-0.329956,1.176843,0.252966,-0.252966,1.143848,104680,495614,-101,112,8229,-16,-4,-20,634
1780493823.722750,104685,495622,0x0FFF,0.483936,0.329956,-0.912878,0.307959,0.472937,-0.978870,0.252966,0.483936,-0.868884,0.241968,-0.560925,1.187842,0.109985,-0.307959,1.253833,0.032996,-0.241968,1.297827,0.197974,0.395947,-1.055859,0.153979,0.395947,-0.824890,0.109985,0.450940,-0.912878,0.274963,-0.472937,0.868884,0.175977,-0.373950,1.077856,0.109985,-0.274963,1.220837,104684,495620,-90,114,8224,-17,-1,-20,626
1780493823.724802,104686,495624,0x0FFF,0.439941,0.362952,-0.923877,0.252966,0.461938,-0.967871,0.252966,0.318958,-0.879883,0.197974,-0.571924,1.165845,0.164978,-0.318958,1.341821,0.032996,-0.175977,1.253833,0.186975,0.274963,-1.011865,0.197974,0.406946,-0.780896,0.109985,0.483936,-0.945874,0.274963,-0.494934,1.044861,0.131982,-0.285962,1.154846,0.131982,-0.230969,1.110852,104684,495620,-90,114,8224,-17,-1,-20,626
1780493823.726817,104688,495626,0x0FFF,0.483936,0.362952,-0.923877,0.340955,0.494934,-0.978870,0.219971,0.329956,-0.868884,0.307959,-0.626917,1.154846,0.021997,-0.406946,1.275830,0.131982,-0.208972,1.253833,0.175977,0.340955,-1.000867,0.274963,0.362952,-0.824890,0.120984,0.461938,-0.923877,0.186975,-0.461938,0.901880,0.142981,-0.219971,1.176843,0.120984,-0.175977,1.099854,104687,495625,-82,121,8231,-15,-3,-22,630
1780493823.728780,104689,495628,0x0FFF,0.417944,0.274963,-0.945874,0.296960,0.505933,-0.890881,0.197974,0.285962,-0.901880,0.208972,-0.659912,1.176843,0.076990,-0.362952,1.253833,0.109985,-0.285962,1.341821,0.131982,0.362952,-0.923877,0.153979,0.417944,-0.692908,0.076990,0.406946,-0.989868,0.318958,-0.494934,0.967871,0.087988,-0.285962,1.231836,0.120984,-0.098987,1.187842,104687,495625,-82,121,8231,-15,-3,-22,630
1780493823.730838,104690,495630,0x0FFF,0.384949,0.428943,-1.033862,0.175977,0.527930,-0.967871,0.186975,0.428943,-0.868884,0.252966,-0.560925,1.352820,0.109985,-0.362952,1.264832,0.000000,-0.307959,1.308826,0.197974,0.329956,-1.055859,0.164978,0.340955,-0.791895,0.219971,0.362952,-0.791895,0.208972,-0.395947,1.011865,0.076990,-0.318958,1.154846,0.241968,-0.241968,1.231836,104687,495625,-82,121,8231,-15,-3,-22,630
1780493823.732850,104692,495633,0x0FFF,0.450940,0.340955,-0.879883,0.362952,0.538928,-0.956873,0.208972,0.351953,-0.857886,0.208972,-0.659912,1.242834,0.032996,-0.362952,1.286829,-0.131982,-0.252966,1.297827,0.142981,0.296960,-0.956873,0.274963,0.461938,-0.923877,0.142981,0.373950,-0.835889,0.230969,-0.384949,0.912878,0.142981,-0.406946,1.143848,0.065991,-0.197974,1.176843,104691,495631,-95,115,8230,-14,-3,-20,635
1780493823.734908,104693,495635,0x0FFF,0.395947,0.406946,-1.000867,0.318958,0.560925,-0.901880,0.175977,0.340955,-0.890881,0.153979,-0.692908,1.143848,0.109985,-0.285962,1.154846,-0.043994,-0.230969,1.253833,0.263965,0.373950,-0.956873,0.285962,0.329956,-0.802893,0.175977,0.307959,-0.956873,0.120984,-0.428943,0.945874,0.065991,-0.417944,1.055859,0.175977,-0.087988,1.132849,104691,495631,-95,115,8230,-14,-3,-20,635
1780493823.736893,104695,495637,0x0FFF,0.527930,0.318958,-1.088855,0.318958,0.483936,-0.868884,0.186975,0.329956,-0.857886,0.274963,-0.725903,1.308826,0.109985,-0.450940,1.319824,0.065991,-0.263965,1.352820,0.241968,0.307959,-0.923877,0.230969,0.472937,-0.901880,0.043994,0.439941,-0.868884,0.230969,-0.285962,0.912878,0.109985,-0.340955,1.143848,0.109985,-0.175977,1.176843,104694,495635,-94,104,8238,-15,-3,-21,636
1780493823.738848,104696,495639,0x0FFF,0.516931,0.384949,-1.099854,0.263965,0.461938,-0.989868,0.219971,0.296960,-0.824890,0.241968,-0.593921,1.231836,0.131982,-0.373950,1.209839,0.043994,-0.307959,1.385815,0.219971,0.351953,-0.901880,0.175977,0.362952,-0.835889,0.208972,0.571924,-0.901880,0.153979,-0.472937,0.923877,0.098987,-0.296960,1.143848,0.131982,-0.164978,1.220837,104694,495635,-94,104,8238,-15,-3,-21,636
1780493823.740862,104697,495641,0x0FFF,0.461938,0.329956,-0.945874,0.285962,0.395947,-0.978870,0.186975,0.230969,-0.791895,0.131982,-0.538928,1.143848,-0.010999,-0.274963,1.110852,-0.021997,-0.241968,1.330823,0.252966,0.186975,-0.923877,0.175977,0.406946,-0.835889,0.087988,0.428943,-0.978870,0.241968,-0.483936,0.890881,0.153979,-0.285962,1.110852,0.230969,-0.241968,1.198840,104694,495635,-94,104,8238,-15,-3,-21,636
1780493823.742965,104699,495643,0x0FFF,0.307959,0.384949,-0.989868,0.274963,0.362952,-0.967871,0.230969,0.296960,-0.934875,0.307959,-0.659912,1.275830,0.021997,-0.230969,1.209839,0.010999,-0.285962,1.264832,0.197974,0.384949,-1.055859,0.252966,0.439941,-0.791895,0.098987,0.450940,-1.033862,0.219971,-0.516931,0.989868,0.208972,-0.131982,1.088855,0.186975,-0.131982,1.165845,104698,495641,-93,97,8242,-18,-3,-24,640
1780493823.746126,104700,495645,0x0FFF,0.395947,0.351953,-1.000867,0.395947,0.406946,-0.868884,0.362952,0.318958,-0.934875,0.153979,-0.637915,1.165845,0.076990,-0.230969,1.231836,0.109985,-0.219971,1.242834,0.164978,0.351953,-1.022864,0.153979,0.395947,-0.857886,0.142981,0.439941,-0.989868,0.142981,-0.472937,0.956873,0.131982,-0.307959,1.165845,0.219971,-0.219971,1.154846,104698,495641,-93,97,8242,-18,-3,-24,640
1780493823.747201,104702,495647,0x0FFF,0.417944,0.197974,-0.978870,0.439941,0.406946,-0.945874,0.252966,0.395947,-0.857886,0.329956,-0.516931,1.187842,0.087988,-0.395947,1.264832,0.054993,-0.230969,1.363818,0.087988,0.318958,-0.901880,0.175977,0.406946,-0.857886,0.208972,0.318958,-0.912878,0.252966,-0.428943,1.000867,0.197974,-0.296960,1.132849,0.296960,-0.219971,1.077856,104701,495645,-85,101,8235,-16,-4,-24,638
1780493823.749211,104703,495649,0x0FFF,0.395947,0.318958,-1.022864,0.274963,0.494934,-0.978870,0.307959,0.384949,-0.868884,0.263965,-0.538928,1.242834,0.120984,-0.329956,1.198840,0.000000,-0.230969,1.275830,0.120984,0.395947,-0.989868,0.208972,0.296960,-0.824890,0.109985,0.406946,-0.934875,0.219971,-0.362952,1.000867,0.065991,-0.351953,1.154846,0.351953,-0.109985,1.209839,104701,495645,-85,101,8235,-16,-4,-24,638
1780493823.751296,104705,495651,0x0FFF,0.494934,0.351953,-1.044861,0.351953,0.549927,-0.890881,0.230969,0.274963,-0.923877,0.285962,-0.472937,1.319824,0.098987,-0.285962,1.242834,0.131982,-0.230969,1.297827,0.274963,0.362952,-0.956873,0.197974,0.373950,-0.802893,0.098987,0.461938,-1.033862,0.164978,-0.428943,0.945874,0.010999,-0.362952,1.187842,0.164978,-0.175977,1.198840,104704,495650,-89,114,8232,-16,0,-20,641
1780493823.754339,104706,495653,0x0FFF,0.483936,0.340955,-0.978870,0.263965,0.461938,-0.934875,0.219971,0.395947,-0.912878,0.307959,-0.549927,1.154846,0.109985,-0.384949,1.308826,0.032996,-0.307959,1.330823,0.175977,0.274963,-1.088855,0.252966,0.395947,-0.813892,0.109985,0.406946,-1.022864,0.142981,-0.428943,1.011865,0.076990,-0.373950,1.154846,0.175977,-0.208972,1.209839,104704,495650,-89,114,8232,-16,0,-20,641
1780493823.756413,104707,495655,0x0FFF,0.395947,0.373950,-1.011865,0.417944,0.483936,-0.978870,0.252966,0.406946,-0.879883,0.186975,-0.549927,1.308826,0.219971,-0.395947,1.341821,0.032996,-0.307959,1.297827,0.153979,0.395947,-1.055859,0.142981,0.340955,-0.769897,0.087988,0.483936,-0.967871,0.285962,-0.384949,0.934875,0.109985,-0.362952,1.099854,0.208972,-0.296960,1.231836,104704,495650,-89,114,8232,-16,0,-20,641
1780493823.758461,104709,495658,0x0FFF,0.439941,0.307959,-0.978870,0.373950,0.516931,-1.044861,0.252966,0.505933,-0.989868,0.285962,-0.736902,1.264832,0.043994,-0.340955,1.154846,-0.032996,-0.230969,1.330823,0.263965,0.263965,-1.022864,0.131982,0.406946,-0.835889,0.098987,0.461938,-1.077856,0.109985,-0.417944,1.110852,0.087988,-0.351953,1.187842,0.000000,-0.219971,1.143848,104708,495656,-110,122,8231,-18,-3,-23,623
1780493823.761417,104710,495660,0x0FFF,0.439941,0.428943,-0.967871,0.351953,0.483936,-0.813892,0.175977,0.395947,-0.802893,0.241968,-0.681909,1.132849,0.065991,-0.450940,1.286829,0.032996,-0.241968,1.374817,0.241968,0.252966,-0.978870,0.142981,0.384949,-0.967871,0.131982,0.351953,-0.901880,0.153979,-0.472937,1.000867,0.153979,-0.329956,1.187842,0.065991,-0.120984,1.088855,104708,495656,-110,122,8231,-18,-3,-23,623
1780493823.762463,104712,495662,0x0FFF,0.362952,0.318958,-0.912878,0.175977,0.483936,-0.890881,0.285962,0.428943,-0.879883,0.208972,-0.637915,1.363818,0.153979,-0.351953,1.264832,0.054993,-0.263965,1.297827,0.197974,0.340955,-0.934875,0.230969,0.494934,-0.824890,0.098987,0.450940,-0.923877,0.153979,-0.461938,0.978870,0.175977,-0.263965,1.044861,0.021997,-0.285962,1.220837,104711,495660,-94,118,8228,-14,-3,-21,636
1780493823.764271,104713,495664,0x0FFF,0.472937,0.395947,-0.901880,0.340955,0.483936,-0.934875,0.186975,0.329956,-0.879883,0.164978,-0.648914,1.220837,0.065991,-0.285962,1.220837,0.054993,-0.274963,1.319824,0.285962,0.351953,-0.890881,0.175977,0.483936,-0.692908,0.087988,0.362952,-1.022864,0.186975,-0.406946,0.956873,0.076990,-0.252966,1.154846,0.197974,-0.186975,1.286829,104711,495660,-94,118,8228,-14,-3,-21,636
1780493823.766105,104714,495666,0x0FFF,0.406946,0.417944,-1.011865,0.274963,0.494934,-0.802893,0.186975,0.395947,-0.791895,0.329956,-0.670911,1.231836,0.065991,-0.340955,1.308826,0.065991,-0.296960,1.286829,0.230969,0.318958,-0.989868,0.263965,0.395947,-0.813892,0.109985,0.329956,-1.022864,0.252966,-0.417944,0.923877,0.175977,-0.362952,1.154846,0.263965,-0.263965,1.253833,104711,495660,-94,118,8228,-14,-3,-21,636
1780493823.767951,104716,495668,0x0FFF,0.571924,0.307959,-0.857886,0.241968,0.494934,-0.868884,0.274963,0.274963,-0.890881,0.274963,-0.615918,1.198840,0.164978,-0.208972,1.253833,0.032996,-0.285962,1.286829,0.164978,0.340955,-0.978870,0.197974,0.362952,-0.901880,0.109985,0.417944,-0.912878,0.153979,-0.472937,0.945874,0.043994,-0.263965,1.132849,0.175977,-0.153979,1.209839,104715,495666,-99,117,8235,-15,0,-21,640
1780493823.770957,104717,495670,0x0FFF,0.439941,0.450940,-1.044861,0.384949,0.472937,-1.011865,0.230969,0.384949,-0.835889,0.186975,-0.604919,1.209839,0.120984,-0.329956,1.220837,0.010999,-0.241968,1.209839,0.252966,0.340955,-0.923877,0.164978,0.351953,-0.780896,0.142981,0.384949,-0.923877,0.186975,-0.384949,1.033862,0.120984,-0.351953,1.176843,0.142981,-0.263965,1.132849,104715,495666,-99,117,8235,-15,0,-21,640
1780493823.772888,104719,495672,0x0FFF,0.318958,0.230969,-0.879883,0.450940,0.527930,-0.879883,0.230969,0.417944,-0.857886,0.307959,-0.615918,1.264832,0.120984,-0.373950,1.253833,0.076990,-0.252966,1.264832,0.186975,0.274963,-0.912878,0.274963,0.384949,-0.879883,0.076990,0.472937,-0.912878,0.197974,-0.461938,1.011865,0.142981,-0.351953,1.209839,0.197974,-0.219971,1.066858,104718,495670,-97,117,8238,-15,-1,-21,640
1780493823.774840,104720,495674,0x0FFF,0.428943,0.406946,-1.088855,0.285962,0.417944,-1.011865,0.296960,0.395947,-0.945874,0.175977,-0.626917,1.253833,0.032996,-0.329956,1.132849,0.098987,-0.241968,1.220837,0.131982,0.395947,-0.967871,0.219971,0.373950,-0.824890,0.164978,0.461938,-1.044861,0.384949,-0.428943,0.923877,0.010999,-0.274963,1.187842,0.054993,-0.164978,1.209839,104718,495670,-97,117,8238,-15,-1,-21,640
1780493823.776777,104722,495676,0x0FFF,0.439941,0.318958,-1.000867,0.252966,0.516931,-0.912878,0.175977,0.417944,-0.945874,0.285962,-0.703906,1.099854,0.076990,-0.384949,1.165845,0.043994,-0.142981,1.253833,0.153979,0.417944,-0.945874,0.076990,0.428943,-0.758899,0.043994,0.406946,-0.868884,0.197974,-0.439941,1.121851,0.000000,-0.395947,1.209839,0.186975,-0.285962,1.209839,104721,495675,-91,103,8236,-15,-1,-21,635
1780493823.778695,104723,495678,0x0FFF,0.329956,0.362952,-1.088855,0.296960,0.483936,-0.934875,0.318958,0.263965,-0.912878,0.219971,-0.681909,1.319824,0.131982,-0.329956,1.264832,0.021997,-0.241968,1.264832,0.175977,0.362952,-0.879883,0.208972,0.395947,-0.758899,0.164978,0.340955,-0.945874,0.285962,-0.384949,1.033862,0.076990,-0.351953,1.264832,0.197974,-0.252966,1.165845,104721,495675,-91,103,8236,-15,-1,-21,635
1780493823.780651,104724,495680,0x0FFF,0.406946,0.263965,-0.978870,0.219971,0.461938,-0.758899,0.274963,0.241968,-0.846887,0.252966,-0.549927,1.209839,0.109985,-0.395947,1.220837,0.021997,-0.285962,1.286829,0.197974,0.263965,-0.967871,0.131982,0.340955,-0.758899,0.164978,0.439941,-0.857886,0.230969,-0.373950,0.967871,0.219971,-0.373950,1.121851,0.098987,-0.197974,1.286829,104721,495675,-91,103,8236,-15,-1,-21,635
1780493823.782579,104726,495683,0x0FFF,0.494934,0.351953,-1.000867,0.373950,0.582922,-0.989868,0.186975,0.373950,-0.934875,0.208972,-0.626917,1.231836,0.065991,-0.329956,1.220837,-0.054993,-0.164978,1.363818,0.230969,0.274963,-0.901880,0.142981,0.362952,-0.791895,0.087988,0.428943,-0.846887,0.285962,-0.406946,0.989868,0.208972,-0.483936,1.143848,0.263965,-0.197974,1.165845,104725,495681,-86,111,8232,-17,-5,-20,637
1780493823.784528,104727,495685,0x0FFF,0.384949,0.318958,-0.967871,0.318958,0.428943,-0.989868,0.241968,0.285962,-0.978870,0.252966,-0.549927,1.165845,0.109985,-0.406946,1.198840,-0.109985,-0.274963,1.253833,0.263965,0.307959,-1.022864,0.131982,0.351953,-0.868884,0.186975,0.450940,-0.923877,0.263965,-0.384949,0.901880,0.153979,-0.472937,1.165845,0.153979,-0.175977,1.231836,104725,495681,-86,111,8232,-17,-5,-20,637
1780493823.786677,104729,495687,0x0FFF,0.373950,0.351953,-0.945874,0.307959,0.527930,-0.868884,0.219971,0.318958,-0.923877,0.208972,-0.549927,1.242834,0.164978,-0.285962,1.242834,0.054993,-0.263965,1.286829,0.197974,0.274963,-0.967871,0.186975,0.406946,-0.747900,0.120984,0.483936,-1.022864,0.318958,-0.417944,0.978870,0.109985,-0.296960,1.143848,0.109985,-0.186975,1.209839,104728,495685,-90,113,8237,-16,-2,-19,642
1780493823.789679,104730,495689,0x0FFF,0.384949,0.373950,-0.989868,0.197974,0.472937,-0.901880,0.252966,0.417944,-0.901880,0.208972,-0.593921,1.231836,0.000000,-0.329956,1.308826,0.054993,-0.252966,1.275830,0.208972,0.351953,-0.956873,0.219971,0.351953,-0.857886,0.109985,0.538928,-0.934875,0.252966,-0.439941,1.000867,0.087988,-0.439941,1.099854,0.087988,-0.120984,1.242834,104728,495685,-90,113,8237,-16,-2,-19,642
1780493823.791721,104731,495691,0x0FFF,0.450940,0.362952,-0.978870,0.241968,0.538928,-0.890881,0.252966,0.274963,-0.934875,0.252966,-0.571924,1.242834,0.000000,-0.307959,1.297827,0.043994,-0.274963,1.319824,0.175977,0.417944,-0.879883,0.186975,0.329956,-0.868884,0.197974,0.461938,-0.967871,0.197974,-0.406946,1.022864,0.219971,-0.230969,1.066858,0.230969,-0.065991,1.110852,104728,495685,-90,113,8237,-16,-2,-19,642
1780493823.793677,104733,495693,0x0FFF,0.406946,0.395947,-1.055859,0.263965,0.472937,-0.780896,0.274963,0.406946,-0.868884,0.186975,-0.626917,1.198840,0.054993,-0.274963,1.220837,0.142981,-0.318958,1.231836,0.241968,0.307959,-0.945874,0.153979,0.406946,-0.824890,0.010999,0.450940,-1.022864,0.219971,-0.461938,1.011865,0.120984,-0.307959,1.077856,0.263965,-0.164978,1.297827,104732,495691,-102,105,8233,-14,-1,-21,635
1780493823.795636,104734,495695,0x0FFF,0.472937,0.439941,-1.066858,0.241968,0.483936,-1.011865,0.307959,0.340955,-0.846887,0.252966,-0.593921,1.253833,0.043994,-0.428943,1.220837,0.021997,-0.307959,1.308826,0.230969,0.362952,-0.934875,0.186975,0.472937,-0.835889,0.164978,0.329956,-0.956873,0.296960,-0.461938,1.055859,0.087988,-0.274963,1.066858,0.175977,-0.340955,1.198840,104732,495691,-102,105,8233,-14,-1,-21,635
1780493823.797565,104736,495697,0x0FFF,0.384949,0.318958,-1.022864,0.263965,0.483936,-0.901880,0.285962,0.373950,-0.857886,0.252966,-0.549927,1.253833,0.142981,-0.373950,1.330823,0.054993,-0.230969,1.231836,0.197974,0.340955,-0.901880,0.164978,0.362952,-0.802893,0.109985,0.406946,-0.912878,0.252966,-0.494934,0.989868,0.142981,-0.373950,1.121851,0.087988,-0.109985,1.198840,104735,495695,-98,122,8232,-14,0,-23,633
1780493823.799481,104737,495699,0x0FFF,0.494934,0.373950,-1.000867,0.230969,0.472937,-0.912878,0.274963,0.450940,-0.945874,0.219971,-0.582922,1.242834,0.164978,-0.406946,1.198840,0.043994,-0.120984,1.330823,0.241968,0.373950,-0.967871,0.208972,0.395947,-0.901880,0.164978,0.472937,-0.978870,0.230969,-0.516931,0.989868,0.098987,-0.274963,1.154846,0.153979,-0.219971,1.242834,104735,495695,-98,122,8232,-14,0,-23,633
1780493823.801393,104739,495701,0x0FFF,0.494934,0.439941,-0.956873,0.406946,0.516931,-0.923877,0.219971,0.340955,-0.846887,0.340955,-0.461938,1.187842,0.098987,-0.274963,1.176843,0.043994,-0.285962,1.264832,0.252966,0.318958,-1.055859,0.186975,0.439941,-0.791895,0.142981,0.384949,-0.945874,0.318958,-0.483936,0.978870,0.230969,-0.351953,1.154846,0.197974,-0.230969,1.253833,104738,495700,-94,132,8225,-16,0,-22,638
1780493823.803263,104740,495703,0x0FFF,0.461938,0.208972,-0.868884,0.384949,0.472937,-0.989868,0.197974,0.439941,-0.989868,0.274963,-0.604919,1.242834,0.131982,-0.362952,1.264832,-0.021997,-0.274963,1.253833,0.197974,0.296960,-0.967871,0.142981,0.362952,-0.857886,0.208972,0.351953,-0.857886,0.186975,-0.461938,1.000867,0.186975,-0.395947,1.187842,0.340955,-0.153979,1.121851,104738,495700,-94,132,8225,-16,0,-22,638
1780493823.806356,104741,495705,0x0FFF,0.417944,0.373950,-1.022864,0.318958,0.483936,-1.044861,0.296960,0.362952,-0.934875,0.296960,-0.571924,1.209839,0.065991,-0.417944,1.198840,-0.076990,-0.219971,1.407812,0.285962,0.340955,-1.055859,0.285962,0.406946,-0.769897,0.164978,0.439941,-0.868884,0.263965,-0.538928,1.000867,0.197974,-0.362952,1.176843,0.197974,-0.230969,1.176843,104738,495700,-94,132,8225,-16,0,-22,638
1780493823.808380,104743,495708,0x0FFF,0.417944,0.252966,-0.967871,0.263965,0.417944,-0.857886,0.230969,0.263965,-0.945874,0.186975,-0.604919,1.275830,0.076990,-0.373950,1.231836,0.043994,-0.252966,1.330823,0.197974,0.329956,-0.890881,0.263965,0.362952,-0.791895,0.175977,0.428943,-0.824890,0.120984,-0.439941,0.923877,0.153979,-0.318958,1.209839,0.142981,-0.142981,1.176843,104742,495706,-103,110,8249,-15,-1,-22,643
1780493823.810401,104744,495710,0x0FFF,0.384949,0.384949,-0.945874,0.285962,0.428943,-0.945874,0.252966,0.318958,-0.835889,0.197974,-0.725903,1.066858,0.164978,-0.329956,1.341821,-0.087988,-0.329956,1.242834,0.208972,0.340955,-0.945874,0.219971,0.373950,-0.857886,0.186975,0.329956,-0.868884,0.186975,-0.417944,0.901880,0.241968,-0.252966,1.154846,0.153979,-0.186975,1.264832,104742,495706,-103,110,8249,-15,-1,-22,643
1780493823.812391,104746,495712,0x0FFF,0.439941,0.296960,-1.011865,0.296960,0.582922,-1.000867,0.153979,0.373950,-0.945874,0.252966,-0.659912,1.143848,0.098987,-0.340955,1.275830,0.010999,-0.296960,1.330823,0.186975,0.263965,-0.989868,0.219971,0.428943,-0.802893,0.263965,0.373950,-0.879883,0.208972,-0.483936,0.956873,0.109985,-0.318958,1.209839,0.285962,-0.131982,1.286829,104745,495710,-100,117,8240,-17,-1,-21,640
1780493823.814317,104747,495714,0x0FFF,0.472937,0.307959,-1.000867,0.307959,0.439941,-0.901880,0.318958,0.439941,-0.956873,0.329956,-0.681909,1.187842,0.175977,-0.263965,1.297827,0.054993,-0.241968,1.374817,0.230969,0.373950,-1.022864,0.054993,0.439941,-0.868884,0.230969,0.351953,-0.868884,0.252966,-0.373950,0.934875,0.109985,-0.318958,1.077856,0.186975,-0.241968,1.209839,104745,495710,-100,117,8240,-17,-1,-21,640
1780493823.816354,104748,495716,0x0FFF,0.428943,0.373950,-0.956873,0.241968,0.406946,-0.846887,0.373950,0.340955,-0.769897,0.274963,-0.648914,1.198840,0.010999,-0.318958,1.220837,-0.065991,-0.197974,1.308826,0.252966,0.296960,-1.055859,0.219971,0.373950,-0.868884,0.208972,0.439941,-0.934875,0.142981,-0.527930,1.055859,0.142981,-0.340955,1.121851,0.186975,-0.175977,1.143848,104745,495710,-100,117,8240,-17,-1,-21,640
1780493823.818363,104750,495718,0x0FFF,0.461938,0.362952,-0.945874,0.285962,0.362952,-0.868884,0.285962,0.395947,-1.022864,0.219971,-0.637915,1.198840,0.054993,-0.241968,1.297827,0.010999,-0.307959,1.308826,0.219971,0.318958,-1.000867,0.142981,0.406946,-0.846887,0.142981,0.472937,-0.945874,0.241968,-0.373950,1.088855,0.054993,-0.318958,1.121851,0.175977,-0.197974,1.154846,104749,495716,-102,120,8242,-17,-1,-19,628
1780493823.820378,104751,495720,0x0FFF,0.494934,0.340955,-1.033862,0.384949,0.461938,-0.890881,0.384949,0.384949,-0.824890,0.329956,-0.626917,1.297827,0.087988,-0.417944,1.242834,0.032996,-0.263965,1.253833,0.307959,0.307959,-0.956873,0.164978,0.450940,-0.791895,0.098987,0.428943,-1.000867,0.153979,-0.395947,1.011865,0.142981,-0.340955,1.176843,0.175977,-0.274963,1.077856,104749,495716,-102,120,8242,-17,-1,-19,628
1780493823.822377,104753,495722,0x0FFF,0.417944,0.285962,-0.890881,0.252966,0.505933,-0.967871,0.208972,0.439941,-1.022864,0.252966,-0.648914,1.132849,0.087988,-0.329956,1.165845,0.109985,-0.241968,1.187842,0.219971,0.252966,-0.912878,0.307959,0.362952,-0.758899,0.131982,0.373950,-0.967871,0.252966,-0.483936,0.967871,0.098987,-0.373950,1.132849,0.109985,-0.263965,1.242834,104752,495720,-89,123,8234,-14,-3,-23,635
1780493823.824337,104754,495724,0x0FFF,0.472937,0.428943,-0.934875,0.153979,0.472937,-0.846887,0.186975,0.362952,-0.912878,0.296960,-0.549927,1.264832,0.087988,-0.274963,1.154846,0.065991,-0.362952,1.341821,0.219971,0.340955,-0.989868,0.186975,0.340955,-0.835889,0.186975,0.406946,-0.901880,0.109985,-0.417944,0.945874,0.065991,-0.252966,1.066858,0.186975,-0.164978,1.242834,104752,495720,-89,123,8234,-14,-3,-23,635
1780493823.826551,104756,495726,0x0FFF,0.505933,0.373950,-1.088855,0.252966,0.538928,-0.824890,0.241968,0.351953,-0.835889,0.219971,-0.648914,1.121851,0.109985,-0.351953,1.209839,0.054993,-0.219971,1.319824,0.274963,0.252966,-1.022864,0.230969,0.417944,-0.857886,0.087988,0.362952,-0.945874,0.219971,-0.406946,0.912878,0.032996,-0.318958,1.143848,0.219971,-0.153979,1.165845,104755,495725,-94,113,8229,-17,-1,-20,642
1780493823.828482,104757,495728,0x0FFF,0.505933,0.307959,-1.033862,0.285962,0.450940,-0.912878,0.296960,0.472937,-0.956873,0.285962,-0.615918,1.242834,0.120984,-0.296960,1.253833,0.021997,-0.263965,1.264832,0.186975,0.274963,-1.000867,0.186975,0.428943,-0.758899,0.197974,0.417944,-0.912878,0.274963,-0.373950,0.890881,0.087988,-0.395947,1.099854,0.142981,-0.197974,1.165845,104755,495725,-94,113,8229,-17,-1,-20,642
1780493823.830463,104758,495730,0x0FFF,0.395947,0.406946,-0.923877,0.351953,0.494934,-0.934875,0.241968,0.329956,-0.890881,0.307959,-0.615918,1.132849,0.120984,-0.417944,1.330823,0.065991,-0.098987,1.330823,0.109985,0.340955,-0.912878,0.230969,0.373950,-0.879883,0.087988,0.505933,-0.912878,0.274963,-0.472937,1.011865,0.098987,-0.318958,1.253833,0.131982,-0.197974,1.297827,104755,495725,-94,113,8229,-17,-1,-20,642
1780493823.832581,104760,495733,0x0FFF,0.549927,0.406946,-0.978870,0.274963,0.516931,-0.923877,0.197974,0.384949,-0.890881,0.219971,-0.560925,1.275830,0.065991,-0.329956,1.209839,-0.153979,-0.230969,1.330823,0.274963,0.307959,-0.989868,0.164978,0.362952,-0.791895,0.065991,0.417944,-0.901880,0.351953,-0.406946,0.934875,0.164978,-0.362952,1.198840,0.043994,-0.186975,1.187842,104759,495731,-106,111,8237,-17,0,-23,637
1780493823.834593,104761,495735,0x0FFF,0.461938,0.373950,-1.044861,0.252966,0.593921,-0.912878,0.175977,0.384949,-0.857886,0.219971,-0.626917,1.231836,0.153979,-0.373950,1.253833,0.043994,-0.318958,1.374817,0.153979,0.274963,-0.934875,0.120984,0.417944,-0.736902,0.131982,0.450940,-1.000867,0.186975,-0.362952,1.022864,0.131982,-0.263965,1.121851,0.021997,-0.142981,1.264832,104759,495731,-106,111,8237,-17,0,-23,637
1780493823.836678,104763,495737,0x0FFF,0.472937,0.340955,-0.890881,0.252966,0.472937,-0.956873,0.252966,0.384949,-0.956873,0.186975,-0.659912,1.132849,0.252966,-0.373950,1.209839,0.043994,-0.208972,1.231836,0.208972,0.296960,-0.989868,0.153979,0.362952,-0.824890,0.142981,0.472937,-0.879883,0.087988,-0.593921,1.011865,0.054993,-0.406946,1.220837,0.208972,-0.153979,1.297827,104762,495735,-98,113,8225,-17,-3,-25,639
1780493823.839699,104764,495739,0x0FFF,0.450940,0.417944,-0.890881,0.395947,0.604919,-0.967871,0.208972,0.208972,-0.912878,0.340955,-0.626917,1.275830,0.076990,-0.285962,1.242834,0.065991,-0.219971,1.418811,0.131982,0.417944,-0.945874,0.153979,0.461938,-0.879883,0.098987,0.505933,-0.879883,0.131982,-0.483936,0.912878,0.032996,-0.351953,1.066858,0.109985,-0.241968,1.198840,104762,495735,-98,113,8225,-17,-3,-25,639
1780493823.841716,104765,495741,0x0FFF,0.428943,0.472937,-0.989868,0.329956,0.461938,-0.967871,0.252966,0.318958,-0.813892,0.219971,-0.670911,1.231836,0.021997,-0.373950,1.297827,-0.021997,-0.219971,1.220837,0.241968,0.252966,-0.967871,0.186975,0.439941,-0.857886,0.087988,0.373950,-0.846887,0.175977,-0.340955,0.923877,0.043994,-0.285962,1.121851,0.186975,-0.241968,1.165845,104762,495735,-98,113,8225,-17,-3,-25,639
1780493823.843773,104767,495743,0x0FFF,0.483936,0.329956,-0.967871,0.362952,0.472937,-0.967871,0.373950,0.395947,-0.890881,0.274963,-0.692908,1.231836,0.175977,-0.318958,1.220837,0.120984,-0.175977,1.297827,0.065991,0.230969,-0.912878,0.142981,0.340955,-0.725903,0.098987,0.461938,-0.945874,0.296960,-0.461938,0.945874,0.098987,-0.395947,1.176843,0.175977,-0.230969,1.286829,104766,495741,-89,115,8237,-14,-1,-18,632
1780493823.845851,104768,495745,0x0FFF,0.505933,0.395947,-0.923877,0.395947,0.428943,-0.956873,0.263965,0.252966,-0.890881,0.318958,-0.626917,1.187842,0.000000,-0.395947,1.154846,-0.087988,-0.208972,1.253833,0.153979,0.395947,-0.901880,0.120984,0.450940,-0.835889,0.131982,0.417944,-0.868884,0.175977,-0.417944,1.033862,0.175977,-0.340955,1.143848,0.197974,-0.219971,1.198840,104766,495741,-89,115,8237,-14,-1,-18,632
1780493823.847868,104770,495747,0x0FFF,0.516931,0.406946,-0.901880,0.329956,0.450940,-0.890881,0.208972,0.340955,-0.923877,0.285962,-0.703906,1.231836,0.153979,-0.417944,1.308826,0.087988,-0.329956,1.242834,0.263965,0.274963,-1.022864,0.219971,0.318958,-0.791895,0.142981,0.351953,-0.912878,0.175977,-0.384949,0.978870,0.142981,-0.373950,1.121851,0.153979,-0.197974,1.264832,104769,495745,-97,97,8229,-16,-3,-20,636
1780493823.849814,104771,495749,0x0FFF,0.494934,0.329956,-1.066858,0.219971,0.549927,-0.890881,0.252966,0.274963,-0.846887,0.241968,-0.582922,1.253833,0.197974,-0.417944,1.187842,0.065991,-0.186975,1.308826,0.208972,0.428943,-0.945874,0.252966,0.406946,-0.802893,0.109985,0.428943,-0.956873,0.186975,-0.505933,0.945874,0.087988,-0.263965,1.121851,0.098987,-0.164978,1.297827,104769,495745,-97,97,8229,-16,-3,-20,636
1780493823.851847,104772,495751,0x0FFF,0.494934,0.307959,-0.989868,0.230969,0.483936,-0.923877,0.164978,0.384949,-0.901880,0.175977,-0.615918,1.286829,0.175977,-0.362952,1.242834,0.120984,-0.274963,1.308826,0.241968,0.351953,-0.956873,0.186975,0.494934,-0.780896,0.120984,0.450940,-1.011865,0.285962,-0.373950,1.033862,0.076990,-0.351953,1.220837,0.208972,-0.186975,1.253833,104769,495745,-97,97,8229,-16,-3,-20,636
1780493823.853856,104774,495753,0x0FFF,0.340955,0.329956,-0.901880,0.395947,0.527930,-0.978870,0.274963,0.329956,-0.934875,0.252966,-0.593921,1.319824,0.043994,-0.395947,1.253833,-0.021997,-0.318958,1.319824,0.351953,0.406946,-1.033862,0.296960,0.252966,-0.747900,0.175977,0.417944,-0.967871,0.263965,-0.472937,0.945874,0.186975,-0.252966,1.132849,0.120984,-0.120984,1.143848,104773,495752,-100,119,8243,-17,-2,-21,638
1780493823.855923,104775,495755,0x0FFF,0.472937,0.373950,-1.000867,0.373950,0.560925,-0.989868,0.230969,0.329956,-0.857886,0.252966,-0.648914,1.209839,0.065991,-0.318958,1.275830,-0.010999,-0.318958,1.286829,0.186975,0.318958,-1.033862,0.120984,0.362952,-0.802893,0.153979,0.395947,-0.868884,0.153979,-0.439941,0.978870,0.065991,-0.483936,1.066858,0.164978,-0.219971,1.132849,104773,495752,-100,119,8243,-17,-2,-21,638
1780493823.857968,104777,495758,0x0FFF,0.450940,0.428943,-1.022864,0.208972,0.384949,-0.879883,0.219971,0.472937,-0.923877,0.329956,-0.637915,1.209839,-0.010999,-0.450940,1.165845,0.000000,-0.263965,1.242834,0.241968,0.285962,-1.011865,0.252966,0.340955,-0.868884,0.208972,0.516931,-0.945874,0.230969,-0.329956,1.066858,0.142981,-0.285962,1.055859,0.098987,-0.230969,1.220837,104776,495756,-103,114,8241,-18,-2,-22,639
1780493823.859957,104778,495760,0x0FFF,0.505933,0.373950,-0.901880,0.362952,0.461938,-1.000867,0.186975,0.384949,-0.989868,0.252966,-0.615918,1.286829,0.054993,-0.384949,1.154846,0.021997,-0.219971,1.242834,0.285962,0.285962,-0.967871,0.175977,0.373950,-0.791895,0.131982,0.351953,-0.923877,0.219971,-0.428943,0.879883,0.098987,-0.263965,1.143848,0.131982,-0.087988,1.154846,104776,495756,-103,114,8241,-18,-2,-22,639
1780493823.861948,104780,495762,0x0FFF,0.461938,0.373950,-0.912878,0.252966,0.516931,-0.868884,0.340955,0.241968,-0.813892,0.241968,-0.703906,1.319824,0.175977,-0.362952,1.198840,0.076990,-0.241968,1.297827,0.285962,0.241968,-0.978870,0.098987,0.373950,-0.780896,0.186975,0.318958,-0.989868,0.230969,-0.516931,1.022864,0.142981,-0.340955,1.132849,0.296960,-0.208972,1.143848,104779,495760,-100,120,8235,-15,1,-23,634
1780493823.863901,104781,495764,0x0FFF,0.472937,0.351953,-1.088855,0.307959,0.494934,-0.824890,0.219971,0.318958,-0.912878,0.296960,-0.527930,1.242834,0.098987,-0.351953,1.264832,-0.021997,-0.307959,1.264832,0.241968,0.340955,-0.956873,0.153979,0.395947,-0.857886,0.219971,0.439941,-1.000867,0.230969,-0.505933,0.857886,0.043994,-0.351953,1.099854,0.109985,-0.252966,1.121851,104779,495760,-100,120,8235,-15,1,-23,634
1780493823.866154,104782,495766,0x0FFF,0.417944,0.351953,-0.967871,0.197974,0.483936,-0.945874,0.285962,0.472937,-0.890881,0.230969,-0.593921,1.154846,0.208972,-0.340955,1.352820,0.054993,-0.285962,1.253833,0.087988,0.285962,-1.033862,0.186975,0.384949,-0.901880,0.164978,0.461938,-1.000867,0.241968,-0.428943,0.912878,0.109985,-0.230969,1.253833,0.285962,-0.175977,1.308826,104779,495760,-100,120,8235,-15,1,-23,634
1780493823.868227,104784,495768,0x0FFF,0.395947,0.274963,-1.000867,0.241968,0.395947,-1.033862,0.164978,0.417944,-0.945874,0.230969,-0.582922,1.253833,0.153979,-0.362952,1.220837,-0.043994,-0.186975,1.297827,0.285962,0.340955,-0.890881,0.186975,0.318958,-0.736902,0.065991,0.439941,-0.945874,0.285962,-0.472937,1.055859,0.076990,-0.296960,1.220837,0.087988,-0.186975,1.330823,104783,495766,-98,128,8230,-18,-3,-21,649
1780493823.870196,104785,495770,0x0FFF,0.428943,0.351953,-0.901880,0.131982,0.450940,-0.879883,0.362952,0.263965,-0.879883,0.219971,-0.582922,1.176843,0.043994,-0.406946,1.176843,0.000000,-0.318958,1.220837,0.208972,0.274963,-0.923877,0.186975,0.340955,-0.780896,0.054993,0.395947,-0.879883,0.318958,-0.417944,0.923877,0.109985,-0.263965,1.176843,0.153979,-0.208972,1.187842,104783,495766,-98,128,8230,-18,-3,-21,649
1780493823.872123,104787,495772,0x0FFF,0.483936,0.252966,-1.044861,0.340955,0.582922,-0.879883,0.285962,0.340955,-0.901880,0.318958,-0.593921,1.286829,0.131982,-0.263965,1.165845,0.054993,-0.208972,1.253833,0.219971,0.296960,-0.978870,0.175977,0.307959,-0.802893,0.010999,0.450940,-0.923877,0.285962,-0.373950,0.890881,0.109985,-0.296960,1.132849,0.208972,-0.153979,1.187842,104786,495770,-91,107,8235,-16,-2,-19,644
1780493823.875147,104788,495774,0x0FFF,0.428943,0.285962,-1.055859,0.285962,0.494934,-0.846887,0.219971,0.428943,-0.956873,0.296960,-0.714905,1.176843,0.131982,-0.285962,1.220837,0.054993,-0.329956,1.407812,0.175977,0.274963,-0.989868,0.285962,0.373950,-0.945874,0.109985,0.461938,-0.890881,0.274963,-0.351953,0.956873,0.164978,-0.296960,1.044861,0.219971,-0.131982,1.253833,104786,495770,-91,107,8235,-16,-2,-19,644
1780493823.877221,104789,495776,0x0FFF,0.494934,0.208972,-1.011865,0.439941,0.549927,-0.879883,0.318958,0.329956,-0.967871,0.186975,-0.648914,1.209839,0.098987,-0.351953,1.209839,0.054993,-0.241968,1.187842,0.274963,0.329956,-0.989868,0.076990,0.428943,-0.780896,0.098987,0.439941,-0.945874,0.219971,-0.549927,0.934875,0.109985,-0.384949,1.209839,0.208972,-0.087988,1.231836,104786,495770,-91,107,8235,-16,-2,-19,644
1780493823.879214,104791,495778,0x0FFF,0.505933,0.340955,-1.011865,0.241968,0.483936,-0.846887,0.175977,0.252966,-0.934875,0.296960,-0.527930,1.242834,0.109985,-0.384949,1.220837,-0.120984,-0.296960,1.319824,0.164978,0.362952,-0.989868,0.175977,0.362952,-0.747900,0.087988,0.472937,-0.868884,0.164978,-0.472937,0.901880,0.164978,-0.373950,1.220837,0.087988,-0.230969,1.363818,104790,495777,-102,94,8239,-17,-1,-19,630
1780493823.881248,104792,495780,0x0FFF,0.406946,0.417944,-0.967871,0.307959,0.417944,-0.857886,0.307959,0.395947,-0.945874,0.186975,-0.527930,1.253833,0.098987,-0.351953,1.242834,-0.054993,-0.274963,1.352820,0.197974,0.274963,-0.978870,0.175977,0.384949,-0.857886,0.175977,0.494934,-0.934875,0.164978,-0.483936,1.011865,0.142981,-0.296960,1.099854,0.175977,-0.186975,1.264832,104790,495777,-102,94,8239,-17,-1,-19,630
1780493823.883244,104794,495783,0x0FFF,0.329956,0.461938,-0.934875,0.450940,0.472937,-0.934875,0.241968,0.373950,-0.967871,0.219971,-0.593921,1.242834,0.043994,-0.318958,1.198840,0.043994,-0.318958,1.231836,0.186975,0.395947,-0.901880,0.252966,0.406946,-0.912878,0.208972,0.516931,-0.978870,0.153979,-0.505933,0.967871,0.142981,-0.241968,1.264832,0.043994,-0.208972,1.231836,104793,495781,-95,111,8241,-16,-1,-20,631
1780493823.885283,104795,495785,0x0FFF,0.450940,0.428943,-0.978870,0.285962,0.494934,-0.835889,0.417944,0.395947,-0.934875,0.285962,-0.615918,1.363818,0.087988,-0.351953,1.264832,0.010999,-0.340955,1.407812,0.186975,0.296960,-1.022864,0.230969,0.329956,-0.780896,0.230969,0.439941,-0.912878,0.208972,-0.417944,0.923877,0.098987,-0.318958,1.132849,0.197974,-0.230969,1.242834,104793,495781,-95,111,8241,-16,-1,-20,631
1780493823.887287,104797,495787,0x0FFF,0.439941,0.252966,-0.967871,0.351953,0.406946,-0.934875,0.230969,0.428943,-0.956873,0.307959,-0.593921,1.154846,0.043994,-0.395947,1.165845,0.032996,-0.296960,1.242834,0.131982,0.340955,-1.033862,0.230969,0.351953,-0.747900,0.076990,0.329956,-0.879883,0.186975,-0.406946,1.033862,0.142981,-0.395947,1.132849,0.131982,-0.263965,1.220837,104796,495785,-99,118,8241,-14,-3,-19,633
1780493823.889249,104798,495789,0x0FFF,0.439941,0.241968,-0.967871,0.274963,0.516931,-0.989868,0.175977,0.362952,-0.912878,0.186975,-0.703906,1.242834,0.142981,-0.318958,1.297827,0.065991,-0.318958,1.385815,0.241968,0.274963,-0.912878,0.164978,0.417944,-0.747900,0.087988,0.450940,-0.890881,0.230969,-0.439941,0.945874,0.054993,-0.351953,1.066858,0.153979,-0.252966,1.286829,104796,495785,-99,118,8241,-14,-3,-19,633
1780493823.891295,104799,495791,0x0FFF,0.351953,0.351953,-0.934875,0.263965,0.527930,-0.879883,0.285962,0.395947,-0.868884,0.340955,-0.582922,1.253833,0.131982,-0.351953,1.319824,0.000000,-0.164978,1.330823,0.175977,0.307959,-1.000867,0.175977,0.406946,-0.736902,0.142981,0.340955,-0.901880,0.186975,-0.362952,0.956873,0.230969,-0.351953,1.165845,0.186975,-0.230969,1.242834,104796,495785,-99,118,8241,-14,-3,-19,633
1780493823.893311,104801,495793,0x0FFF,0.384949,0.362952,-0.945874,0.263965,0.450940,-1.000867,0.175977,0.340955,-0.901880,0.197974,-0.714905,1.220837,0.054993,-0.274963,1.308826,0.076990,-0.208972,1.264832,0.098987,0.307959,-0.901880,0.186975,0.428943,-0.868884,0.175977,0.450940,-0.945874,0.098987,-0.373950,1.055859,0.032996,-0.219971,1.099854,0.219971,-0.263965,1.209839,104800,495791,-98,112,8229,-15,-2,-19,646
1780493823.895373,104802,495795,0x0FFF,0.516931,0.384949,-0.901880,0.384949,0.472937,-0.802893,0.362952,0.362952,-0.857886,0.252966,-0.615918,1.319824,0.054993,-0.329956,1.319824,-0.032996,-0.131982,1.308826,0.274963,0.263965,-1.099854,0.252966,0.417944,-0.868884,0.131982,0.450940,-0.934875,0.318958,-0.472937,1.033862,0.087988,-0.285962,1.066858,0.164978,-0.274963,1.209839,104800,495791,-98,112,8229,-15,-2,-19,646
1780493823.897371,104804,495797,0x0FFF,0.417944,0.307959,-0.967871,0.274963,0.549927,-1.011865,0.131982,0.241968,-0.923877,0.307959,-0.560925,1.275830,0.076990,-0.340955,1.286829,-0.010999,-0.307959,1.209839,0.241968,0.230969,-1.022864,0.186975,0.406946,-0.901880,0.142981,0.417944,-0.934875,0.175977,-0.494934,0.868884,0.043994,-0.285962,1.099854,0.186975,-0.285962,1.198840,104803,495795,-93,120,8229,-20,-5,-22,634
1780493823.899302,104805,495799,0x0FFF,0.362952,0.395947,-0.901880,0.241968,0.582922,-0.857886,0.274963,0.340955,-1.000867,0.230969,-0.703906,1.220837,0.098987,-0.340955,1.286829,0.120984,-0.373950,1.374817,0.230969,0.230969,-0.967871,0.175977,0.395947,-0.725903,0.109985,0.538928,-0.934875,0.219971,-0.494934,1.066858,0.142981,-0.428943,1.154846,0.230969,-0.208972,1.264832,104803,495795,-93,120,8229,-20,-5,-22,634
1780493823.901266,104806,495801,0x0FFF,0.538928,0.329956,-0.879883,0.318958,0.516931,-0.934875,0.274963,0.318958,-0.901880,0.373950,-0.604919,1.209839,0.142981,-0.406946,1.143848,-0.032996,-0.208972,1.330823,0.263965,0.307959,-1.143848,0.230969,0.428943,-0.846887,0.120984,0.505933,-0.912878,0.142981,-0.373950,0.978870,0.065991,-0.263965,1.121851,0.131982,-0.120984,1.044861,104803,495795,-93,120,8229,-20,-5,-22,634
1780493823.903361,104808,495803,0x0FFF,0.461938,0.318958,-1.011865,0.219971,0.615918,-0.890881,0.153979,0.351953,-0.824890,0.252966,-0.604919,1.209839,0.120984,-0.230969,1.187842,0.054993,-0.197974,1.297827,0.252966,0.340955,-0.912878,0.142981,0.329956,-0.769897,0.197974,0.373950,-0.967871,0.197974,-0.428943,0.978870,0.131982,-0.318958,1.088855,0.109985,-0.153979,1.176843,104807,495802,-101,117,8237,-17,-1,-18,623
1780493823.905426,104809,495805,0x0FFF,0.527930,0.263965,-0.890881,0.252966,0.428943,-0.978870,0.252966,0.406946,-0.989868,0.197974,-0.714905,1.275830,0.120984,-0.362952,1.253833,0.043994,-0.175977,1.187842,0.153979,0.274963,-0.934875,0.153979,0.472937,-0.890881,0.120984,0.450940,-0.978870,0.164978,-0.461938,1.044861,0.164978,-0.362952,1.077856,0.076990,-0.164978,1.198840,104807,495802,-101,117,8237,-17,-1,-18,623
1780493823.907511,104811,495808,0x0FFF,0.439941,0.351953,-0.956873,0.329956,0.406946,-0.912878,0.307959,0.340955,-0.945874,0.285962,-0.637915,1.264832,0.076990,-0.274963,1.363818,0.000000,-0.219971,1.363818,0.252966,0.252966,-1.044861,0.241968,0.373950,-0.835889,0.153979,0.406946,-0.956873,0.098987,-0.351953,1.033862,-0.021997,-0.439941,1.165845,0.241968,-0.241968,1.275830,104810,495806,-109,96,8236,-14,-2,-20,635
1780493823.910624,104812,495810,0x0FFF,0.439941,0.439941,-1.011865,0.186975,0.472937,-0.901880,0.208972,0.406946,-0.923877,0.241968,-0.637915,1.209839,0.098987,-0.351953,1.187842,-0.043994,-0.175977,1.099854,0.153979,0.373950,-0.923877,0.098987,0.417944,-0.780896,0.065991,0.428943,-0.945874,0.274963,-0.483936,0.978870,0.142981,-0.263965,1.121851,0.109985,-0.208972,1.143848,104810,495806,-109,96,8236,-14,-2,-20,635
1780493823.912653,104814,495812,0x0FFF,0.439941,0.505933,-0.989868,0.241968,0.428943,-0.857886,0.230969,0.318958,-0.890881,0.285962,-0.659912,1.209839,0.230969,-0.351953,1.319824,0.021997,-0.340955,1.176843,0.208972,0.428943,-0.934875,0.241968,0.340955,-0.846887,0.120984,0.450940,-1.033862,0.307959,-0.472937,0.967871,0.120984,-0.450940,1.121851,0.098987,-0.120984,1.264832,104813,495810,-103,121,8233,-15,-5,-18,625
1780493823.914638,104815,495814,0x0FFF,0.428943,0.329956,-0.945874,0.307959,0.439941,-0.967871,0.241968,0.329956,-0.857886,0.252966,-0.604919,1.242834,0.043994,-0.340955,1.319824,0.010999,-0.263965,1.286829,0.219971,0.362952,-1.033862,0.197974,0.450940,-0.813892,0.142981,0.395947,-0.978870,0.164978,-0.472937,0.967871,0.054993,-0.307959,1.176843,0.219971,-0.197974,1.187842,104813,495810,-103,121,8233,-15,-5,-18,625
1780493823.916680,104816,495816,0x0FFF,0.472937,0.384949,-1.000867,0.373950,0.549927,-0.956873,0.296960,0.241968,-0.901880,0.329956,-0.615918,1.209839,-0.021997,-0.340955,1.231836,0.076990,-0.285962,1.242834,0.175977,0.417944,-0.901880,0.186975,0.417944,-0.813892,0.087988,0.483936,-0.879883,0.241968,-0.494934,0.923877,0.065991,-0.439941,1.033862,0.087988,-0.164978,1.154846,104813,495810,-103,121,8233,-15,-5,-18,625
1780493823.918720,104818,495818,0x0FFF,0.439941,0.285962,-0.901880,0.219971,0.461938,-0.934875,0.164978,0.384949,-0.978870,0.109985,-0.604919,1.231836,0.098987,-0.351953,1.253833,0.065991,-0.219971,1.341821,0.164978,0.406946,-1.066858,0.230969,0.384949,-0.780896,0.087988,0.417944,-0.912878,0.252966,-0.428943,0.912878,0.120984,-0.351953,1.099854,0.219971,-0.296960,1.209839,104817,495816,-105,112,8230,-16,0,-22,635
1780493823.920774,104819,495820,0x0FFF,0.461938,0.219971,-1.011865,0.208972,0.472937,-0.857886,0.252966,0.296960,-0.923877,0.230969,-0.582922,1.154846,0.054993,-0.351953,1.242834,0.000000,-0.318958,1.308826,0.285962,0.318958,-0.868884,0.208972,0.428943,-0.912878,0.098987,0.406946,-0.945874,0.186975,-0.406946,1.066858,0.087988,-0.274963,1.154846,0.230969,-0.175977,1.231836,104817,495816,-105,112,8230,-16,0,-22,635
1780493823.922797,104821,495822,0x0FFF,0.494934,0.329956,-1.110852,0.329956,0.505933,-1.000867,0.252966,0.406946,-0.780896,0.219971,-0.681909,1.220837,0.219971,-0.373950,1.066858,0.032996,-0.230969,1.330823,0.153979,0.318958,-0.901880,0.109985,0.340955,-0.879883,0.186975,0.494934,-0.780896,0.285962,-0.450940,1.121851,0.120984,-0.362952,1.121851,0.153979,-0.230969,1.209839,104820,495820,-99,114,8235,-15,0,-20,645
1780493823.924796,104822,495824,0x0FFF,0.450940,0.241968,-1.077856,0.274963,0.593921,-0.978870,0.120984,0.450940,-0.912878,0.318958,-0.615918,1.187842,0.087988,-0.329956,1.209839,-0.065991,-0.285962,1.220837,0.241968,0.307959,-1.022864,0.208972,0.494934,-0.846887,0.043994,0.351953,-0.890881,0.131982,-0.428943,0.989868,0.076990,-0.285962,1.099854,0.230969,-0.285962,1.231836,104820,495820,-99,114,8235,-15,0,-20,645
1780493823.926862,104823,495826,0x0FFF,0.373950,0.340955,-1.000867,0.340955,0.450940,-0.890881,0.252966,0.329956,-0.901880,0.208972,-0.615918,1.297827,0.076990,-0.340955,1.198840,-0.054993,-0.329956,1.385815,0.340955,0.406946,-1.044861,0.252966,0.461938,-0.813892,0.197974,0.439941,-0.945874,0.230969,-0.406946,0.978870,0.098987,-0.296960,1.121851,0.252966,-0.197974,1.264832,104820,495820,-99,114,8235,-15,0,-20,645
1780493823.928905,104825,495828,0x0FFF,0.395947,0.362952,-0.989868,0.340955,0.406946,-0.846887,0.219971,0.351953,-0.890881,0.197974,-0.692908,1.099854,0.076990,-0.307959,1.220837,-0.043994,-0.296960,1.319824,0.142981,0.263965,-1.033862,0.120984,0.362952,-0.824890,0.043994,0.417944,-0.934875,0.307959,-0.527930,0.978870,0.175977,-0.329956,1.077856,0.175977,-0.296960,1.088855,104824,495827,-90,115,8255,-17,-5,-21,635
1780493823.930932,104826,495830,0x0FFF,0.461938,0.362952,-0.934875,0.197974,0.428943,-0.934875,0.307959,0.186975,-0.901880,0.285962,-0.615918,1.308826,0.186975,-0.296960,1.242834,0.032996,-0.296960,1.242834,0.351953,0.351953,-0.989868,0.230969,0.384949,-0.879883,0.087988,0.362952,-0.791895,0.142981,-0.406946,1.044861,0.087988,-0.219971,1.275830,0.076990,-0.208972,1.198840,104824,495827,-90,115,8255,-17,-5,-21,635
1780493823.932926,104828,495833,0x0FFF,0.439941,0.395947,-1.066858,0.351953,0.604919,-0.956873,0.219971,0.417944,-0.923877,0.252966,-0.637915,1.253833,0.065991,-0.274963,1.187842,-0.043994,-0.241968,1.319824,0.285962,0.340955,-0.945874,0.197974,0.450940,-0.846887,0.120984,0.285962,-0.945874,0.186975,-0.483936,0.989868,0.142981,-0.318958,1.231836,0.318958,-0.098987,1.187842,104827,495831,-104,115,8242,-16,-1,-22,647
1780493823.934934,104829,495835,0x0FFF,0.538928,0.340955,-0.978870,0.318958,0.439941,-1.055859,0.274963,0.274963,-0.890881,0.252966,-0.703906,1.275830,0.164978,-0.296960,1.231836,0.098987,-0.417944,1.286829,0.274963,0.318958,-0.945874,0.142981,0.395947,-0.802893,0.054993,0.296960,-0.879883,0.318958,-0.428943,1.066858,0.098987,-0.395947,1.209839,0.208972,-0.153979,1.154846,104827,495831,-104,115,8242,-16,-1,-22,647
1780493823.936920,104831,495837,0x0FFF,0.505933,0.373950,-1.033862,0.329956,0.417944,-0.835889,0.230969,0.395947,-0.956873,0.241968,-0.593921,1.143848,0.043994,-0.373950,1.198840,0.065991,-0.241968,1.286829,0.164978,0.428943,-0.989868,0.186975,0.450940,-0.758899,0.109985,0.527930,-0.956873,0.208972,-0.417944,0.989868,0.197974,-0.384949,1.154846,0.109985,-0.098987,1.121851,104830,495835,-97,98,8235,-16,-2,-20,638
1780493823.938878,104832,495839,0x0FFF,0.560925,0.362952,-1.055859,0.219971,0.505933,-0.857886,0.219971,0.351953,-0.945874,0.197974,-0.659912,1.220837,0.076990,-0.472937,1.187842,0.032996,-0.318958,1.374817,0.208972,0.318958,-0.934875,0.131982,0.340955,-0.747900,0.065991,0.450940,-0.901880,0.296960,-0.329956,0.923877,0.175977,-0.362952,1.110852,0.164978,-0.197974,1.220837,104830,495835,-97,98,8235,-16,-2,-20,638
1780493823.940861,104833,495841,0x0FFF,0.483936,0.329956,-0.923877,0.208972,0.516931,-0.945874,0.296960,0.329956,-0.846887,0.285962,-0.681909,1.143848,0.065991,-0.274963,1.198840,0.043994,-0.175977,1.297827,0.208972,0.329956,-0.967871,0.208972,0.340955,-0.857886,0.142981,0.538928,-0.857886,0.252966,-0.373950,0.956873,0.065991,-0.307959,1.154846,0.120984,-0.219971,1.198840,104830,495835,-97,98,8235,-16,-2,-20,638
1780493823.942951,104835,495843,0x0FFF,0.395947,0.274963,-1.033862,0.307959,0.494934,-0.824890,0.329956,0.318958,-0.901880,0.274963,-0.670911,1.231836,0.076990,-0.274963,1.275830,0.098987,-0.197974,1.330823,0.186975,0.296960,-0.989868,0.263965,0.329956,-0.846887,0.109985,0.439941,-0.978870,0.142981,-0.373950,0.934875,0.054993,-0.329956,1.286829,0.142981,-0.285962,1.231836,104834,495841,-93,112,8234,-17,-5,-20,646
1780493823.944989,104836,495845,0x0FFF,0.373950,0.329956,-1.022864,0.318958,0.483936,-0.912878,0.340955,0.274963,-0.802893,0.208972,-0.714905,1.253833,0.197974,-0.351953,1.286829,0.043994,-0.241968,1.286829,0.219971,0.296960,-0.989868,0.219971,0.417944,-0.802893,0.131982,0.395947,-0.978870,0.197974,-0.483936,1.011865,0.153979,-0.285962,1.187842,0.098987,-0.208972,1.198840,104834,495841,-93,112,8234,-17,-5,-20,646
1780493823.947073,104838,495847,0x0FFF,0.417944,0.406946,-0.912878,0.241968,0.428943,-1.000867,0.219971,0.373950,-0.857886,0.153979,-0.560925,1.253833,0.087988,-0.307959,1.297827,-0.032996,-0.197974,1.220837,0.164978,0.285962,-1.055859,0.164978,0.417944,-0.648914,0.197974,0.373950,-0.934875,0.175977,-0.505933,0.934875,0.120984,-0.318958,1.165845,0.186975,-0.175977,1.286829,104837,495845,-91,104,8237,-18,-3,-19,639
1780493823.950146,104839,495849,0x0FFF,0.516931,0.296960,-0.901880,0.164978,0.527930,-0.923877,0.186975,0.252966,-0.813892,0.296960,-0.615918,1.198840,0.098987,-0.384949,1.165845,0.087988,-0.241968,1.275830,0.164978,0.395947,-1.044861,0.164978,0.395947,-0.868884,0.131982,0.417944,-0.978870,0.219971,-0.428943,1.055859,0.142981,-0.362952,1.220837,0.208972,-0.208972,1.220837,104837,495845,-91,104,8237,-18,-3,-19,639
1780493823.952212,104840,495851,0x0FFF,0.384949,0.571924,-1.066858,0.274963,0.472937,-0.846887,0.296960,0.450940,-0.912878,0.307959,-0.593921,1.220837,0.175977,-0.373950,1.264832,0.120984,-0.098987,1.341821,0.208972,0.219971,-0.978870,0.208972,0.362952,-0.901880,0.120984,0.395947,-0.934875,0.142981,-0.450940,1.022864,0.087988,-0.417944,1.099854,0.186975,-0.153979,1.209839,104837,495845,-91,104,8237,-18,-3,-19,639
1780493823.954286,104842,495853,0x0FFF,0.406946,0.307959,-1.099854,0.285962,0.527930,-0.890881,0.219971,0.307959,-0.912878,0.241968,-0.604919,1.275830,0.076990,-0.373950,1.209839,0.000000,-0.230969,1.308826,0.241968,0.219971,-1.011865,0.186975,0.351953,-0.824890,0.131982,0.527930,-1.033862,0.197974,-0.483936,0.989868,0.109985,-0.296960,1.055859,0.263965,-0.252966,1.132849,104841,495852,-102,110,8232,-18,-1,-20,636
1780493823.956362,104843,495855,0x0FFF,0.450940,0.395947,-0.978870,0.285962,0.439941,-0.945874,0.197974,0.307959,-0.879883,0.340955,-0.615918,1.209839,0.087988,-0.351953,1.121851,0.076990,-0.263965,1.242834,0.263965,0.351953,-0.967871,0.219971,0.285962,-0.692908,0.186975,0.406946,-1.011865,0.219971,-0.373950,1.044861,0.131982,-0.263965,1.209839,0.197974,-0.098987,1.110852,104841,495852,-102,110,8232,-18,-1,-20,636
1780493823.958378,104845,495858,0x0FFF,0.428943,0.263965,-0.956873,0.296960,0.472937,-1.033862,0.164978,0.307959,-1.055859,0.241968,-0.593921,1.231836,0.076990,-0.285962,1.132849,-0.021997,-0.274963,1.374817,0.120984,0.307959,-1.022864,0.175977,0.406946,-0.780896,0.153979,0.417944,-0.890881,0.263965,-0.450940,0.912878,0.065991,-0.252966,1.088855,0.252966,-0.208972,1.154846,104844,495856,-100,123,8223,-15,-3,-22,637
1780493823.960424,104846,495860,0x0FFF,0.439941,0.351953,-0.967871,0.329956,0.516931,-0.923877,0.230969,0.439941,-0.813892,0.230969,-0.637915,1.308826,0.142981,-0.417944,1.319824,0.000000,-0.318958,1.374817,0.219971,0.417944,-0.934875,0.219971,0.406946,-0.868884,0.131982,0.538928,-0.857886,0.263965,-0.483936,0.945874,0.142981,-0.307959,1.099854,0.197974,-0.274963,1.209839,104844,495856,-100,123,8223,-15,-3,-22,637
1780493823.962475,104848,495862,0x0FFF,0.362952,0.362952,-1.044861,0.296960,0.549927,-0.901880,0.296960,0.274963,-0.956873,0.186975,-0.582922,1.242834,0.065991,-0.307959,1.209839,-0.010999,-0.230969,1.330823,0.131982,0.340955,-0.989868,0.263965,0.450940,-0.868884,0.142981,0.472937,-0.989868,0.241968,-0.472937,1.044861,0.186975,-0.395947,1.033862,0.142981,-0.274963,1.165845,104847,495860,-94,109,8239,-16,-2,-21,634
1780493823.964427,104849,495864,0x0FFF,0.472937,0.329956,-0.967871,0.296960,0.450940,-0.835889,0.285962,0.362952,-0.868884,0.274963,-0.593921,1.341821,0.087988,-0.318958,1.253833,0.164978,-0.230969,1.297827,0.230969,0.263965,-1.110852,0.219971,0.329956,-0.934875,0.164978,0.439941,-0.901880,0.252966,-0.516931,0.901880,0.065991,-0.263965,1.176843,0.197974,-0.219971,1.198840,104847,495860,-94,109,8239,-16,-2,-21,634
1780493823.966465,104850,495866,0x0FFF,0.483936,0.395947,-1.011865,0.274963,0.505933,-0.967871,0.252966,0.274963,-0.901880,0.175977,-0.615918,1.242834,0.131982,-0.296960,1.308826,-0.065991,-0.318958,1.231836,0.230969,0.285962,-0.967871,0.087988,0.362952,-0.846887,0.109985,0.351953,-0.923877,0.318958,-0.549927,1.000867,0.164978,-0.285962,1.231836,0.219971,-0.252966,1.187842,104847,495860,-94,109,8239,-16,-2,-21,634
1780493823.968448,104852,495868,0x0FFF,0.428943,0.439941,-1.044861,0.340955,0.428943,-0.978870,0.384949,0.384949,-0.912878,0.318958,-0.604919,1.143848,0.153979,-0.307959,1.253833,0.087988,-0.153979,1.341821,0.186975,0.296960,-0.945874,0.230969,0.406946,-0.725903,0.175977,0.351953,-1.011865,0.164978,-0.384949,0.967871,0.098987,-0.351953,1.198840,0.098987,-0.285962,1.231836,104851,495866,-100,114,8242,-16,-2,-24,637
1780493823.970465,104853,495870,0x0FFF,0.472937,0.351953,-0.912878,0.318958,0.428943,-0.901880,0.274963,0.318958,-0.945874,0.230969,-0.582922,1.242834,0.153979,-0.329956,1.176843,-0.010999,-0.230969,1.187842,0.263965,0.296960,-0.945874,0.153979,0.373950,-0.879883,0.109985,0.428943,-0.912878,0.241968,-0.450940,0.989868,0.109985,-0.307959,1.088855,0.186975,-0.197974,1.143848,104851,495866,-100,114,8242,-16,-2,-24,637
1780493823.972469,104855,495872,0x0FFF,0.428943,0.329956,-0.967871,0.131982,0.417944,-0.890881,0.252966,0.285962,-0.978870,0.197974,-0.615918,1.242834,0.043994,-0.296960,1.198840,0.076990,-0.219971,1.374817,0.241968,0.252966,-1.022864,0.230969,0.461938,-0.835889,0.175977,0.450940,-0.901880,0.241968,-0.439941,1.000867,0.109985,-0.318958,1.231836,0.164978,-0.219971,1.198840,104854,495870,-105,104,8238,-15,-3,-22,632
1780493823.974430,104856,495874,0x0FFF,0.406946,0.362952,-0.978870,0.318958,0.516931,-0.890881,0.186975,0.318958,-0.857886,0.219971,-0.538928,1.099854,0.120984,-0.384949,1.220837,-0.087988,-0.153979,1.407812,0.175977,0.417944,-1.011865,0.153979,0.406946,-0.835889,0.164978,0.362952,-0.890881,0.208972,-0.406946,0.967871,0.021997,-0.296960,1.165845,0.032996,-0.285962,1.154846,104854,495870,-105,104,8238,-15,-3,-22,632
1780493823.976463,104857,495876,0x0FFF,0.615918,0.296960,-0.956873,0.252966,0.637915,-1.011865,0.252966,0.373950,-0.934875,0.241968,-0.527930,1.253833,0.065991,-0.406946,1.264832,0.131982,-0.252966,1.297827,0.208972,0.362952,-1.011865,0.142981,0.439941,-0.824890,0.131982,0.417944,-0.956873,0.197974,-0.450940,0.923877,0.186975,-0.241968,1.088855,0.153979,-0.219971,1.308826,104854,495870,-105,104,8238,-15,-3,-22,632
1780493823.978469,104859,495878,0x0FFF,0.406946,0.384949,-0.978870,0.230969,0.384949,-1.033862,0.241968,0.296960,-0.879883,0.296960,-0.637915,1.209839,0.109985,-0.362952,1.143848,-0.054993,-0.340955,1.297827,0.285962,0.373950,-1.044861,0.087988,0.395947,-0.912878,0.197974,0.428943,-0.945874,0.296960,-0.450940,0.934875,0.087988,-0.318958,1.220837,0.241968,-0.274963,1.297827,104858,495877,-84,110,8236,-17,-1,-20,648
1780493823.980408,104860,495880,0x0FFF,0.461938,0.395947,-1.088855,0.406946,0.560925,-0.923877,0.164978,0.307959,-0.967871,0.340955,-0.637915,1.187842,0.142981,-0.329956,1.286829,0.032996,-0.296960,1.385815,0.197974,0.252966,-0.945874,0.131982,0.362952,-0.846887,0.153979,0.494934,-0.934875,0.252966,-0.340955,0.945874,0.109985,-0.395947,1.187842,0.197974,-0.230969,1.198840,104858,495877,-84,110,8236,-17,-1,-20,648
1780493823.982483,104862,495883,0x0FFF,0.527930,0.351953,-0.978870,0.219971,0.505933,-1.033862,0.142981,0.307959,-0.868884,0.219971,-0.637915,1.363818,0.076990,-0.417944,1.275830,0.098987,-0.252966,1.264832,0.197974,0.285962,-0.967871,0.153979,0.318958,-0.791895,0.109985,0.483936,-0.901880,0.153979,-0.428943,0.978870,0.098987,-0.285962,1.165845,0.175977,-0.164978,1.253833,104861,495881,-105,115,8236,-16,-1,-17,646
1780493823.985641,104863,495885,0x0FFF,0.461938,0.329956,-1.000867,0.318958,0.450940,-0.868884,0.219971,0.373950,-0.923877,0.329956,-0.659912,1.374817,0.120984,-0.274963,1.187842,0.021997,-0.318958,1.242834,0.252966,0.296960,-1.000867,0.219971,0.472937,-0.802893,0.054993,0.406946,-0.945874,0.241968,-0.384949,1.033862,0.098987,-0.318958,1.121851,0.175977,-0.241968,1.209839,104861,495881,-105,115,8236,-16,-1,-17,646
1780493823.987738,104864,495887,0x0FFF,0.538928,0.362952,-0.978870,0.307959,0.483936,-0.868884,0.241968,0.384949,-0.879883,0.208972,-0.571924,1.110852,0.164978,-0.175977,1.209839,0.021997,-0.252966,1.319824,0.175977,0.285962,-1.011865,0.208972,0.384949,-0.835889,0.120984,0.428943,-0.901880,0.153979,-0.395947,0.989868,0.120984,-0.296960,1.110852,0.230969,-0.197974,1.220837,104861,495881,-105,115,8236,-16,-1,-17,646
1780493823.989781,104866,495889,0x0FFF,0.362952,0.483936,-1.022864,0.384949,0.527930,-1.022864,0.131982,0.274963,-0.868884,0.241968,-0.604919,1.187842,0.197974,-0.373950,1.209839,0.032996,-0.318958,1.286829,0.230969,0.395947,-0.967871,0.186975,0.307959,-0.813892,0.076990,0.450940,-0.945874,0.164978,-0.461938,1.000867,0.164978,-0.307959,1.143848,0.208972,-0.263965,1.110852,104865,495887,-112,119,8246,-15,-3,-21,646
1780493823.991842,104867,495891,0x0FFF,0.417944,0.406946,-0.890881,0.373950,0.439941,-0.978870,0.230969,0.362952,-0.857886,0.252966,-0.527930,1.176843,0.076990,-0.384949,1.220837,0.000000,-0.230969,1.363818,0.318958,0.340955,-1.044861,0.131982,0.417944,-0.934875,0.098987,0.406946,-0.956873,0.340955,-0.472937,1.066858,0.252966,-0.362952,1.154846,0.351953,-0.131982,1.165845,104865,495887,-112,119,8246,-15,-3,-21,646
1780493823.993138,104869,495893,0x0FFF,0.450940,0.395947,-0.945874,0.296960,0.604919,-0.912878,0.252966,0.406946,-0.890881,0.175977,-0.604919,1.220837,0.098987,-0.417944,1.330823,0.065991,-0.285962,1.385815,0.252966,0.351953,-1.000867,0.120984,0.362952,-0.802893,0.065991,0.373950,-1.011865,0.175977,-0.472937,1.000867,0.153979,-0.417944,1.154846,0.241968,-0.208972,1.209839,104868,495891,-96,112,8236,-16,-3,-23,643
1780493823.995021,104870,495895,0x0FFF,0.505933,0.351953,-0.934875,0.307959,0.494934,-0.890881,0.153979,0.351953,-0.901880,0.175977,-0.637915,1.297827,0.120984,-0.318958,1.231836,0.032996,-0.219971,1.319824,0.241968,0.362952,-1.055859,0.186975,0.461938,-0.835889,0.087988,0.373950,-0.934875,0.252966,-0.417944,0.989868,0.153979,-0.329956,1.088855,0.263965,-0.153979,1.330823,104868,495891,-96,112,8236,-16,-3,-23,643
1780493823.997133,104872,495897,0x0FFF,0.428943,0.351953,-1.066858,0.318958,0.483936,-0.901880,0.241968,0.329956,-0.934875,0.274963,-0.648914,1.275830,0.142981,-0.406946,1.308826,-0.021997,-0.263965,1.231836,0.208972,0.406946,-0.989868,0.142981,0.406946,-0.846887,0.142981,0.428943,-0.934875,0.307959,-0.428943,1.033862,0.175977,-0.296960,1.154846,0.164978,-0.131982,1.209839,104871,495895,-102,107,8242,-17,-1,-21,630
1780493824.000167,104873,495899,0x0FFF,0.439941,0.296960,-1.011865,0.241968,0.571924,-0.934875,0.274963,0.373950,-0.846887,0.252966,-0.615918,1.253833,0.098987,-0.263965,1.253833,0.076990,-0.274963,1.231836,0.208972,0.318958,-1.044861,0.318958,0.395947,-0.835889,0.065991,0.417944,-0.956873,0.263965,-0.395947,1.055859,0.087988,-0.384949,1.143848,0.230969,-0.274963,1.176843,104871,495895,-102,107,8242,-17,-1,-21,630
1780493824.002205,104874,495901,0x0FFF,0.406946,0.329956,-0.879883,0.263965,0.505933,-0.923877,0.197974,0.395947,-0.923877,0.241968,-0.615918,1.121851,0.197974,-0.428943,1.264832,-0.032996,-0.230969,1.319824,0.153979,0.307959,-0.879883,0.109985,0.560925,-0.813892,-0.021997,0.384949,-0.868884,0.241968,-0.461938,0.978870,0.164978,-0.329956,1.209839,0.175977,-0.153979,1.264832,104871,495895,-102,107,8242,-17,-1,-21,630
1780493824.004225,104876,495903,0x0FFF,0.483936,0.307959,-0.923877,0.296960,0.516931,-0.956873,0.219971,0.373950,-0.868884,0.274963,-0.681909,1.132849,0.032996,-0.340955,1.231836,0.010999,-0.252966,1.396814,0.109985,0.450940,-1.044861,0.131982,0.340955,-0.835889,0.065991,0.307959,-0.890881,0.197974,-0.395947,0.912878,0.065991,-0.219971,1.231836,0.318958,-0.219971,1.297827,104875,495902,-98,113,8243,-18,-2,-21,628
1780493824.006261,104877,495905,0x0FFF,0.472937,0.307959,-0.846887,0.395947,0.494934,-0.923877,0.252966,0.428943,-0.780896,0.351953,-0.615918,1.330823,0.131982,-0.307959,1.275830,0.076990,-0.274963,1.352820,0.230969,0.263965,-0.934875,0.197974,0.406946,-0.868884,0.153979,0.461938,-0.857886,0.219971,-0.494934,1.000867,0.098987,-0.241968,1.176843,0.219971,-0.153979,1.308826,104875,495902,-98,113,8243,-18,-2,-21,628
1780493824.008291,104879,495908,0x0FFF,0.428943,0.395947,-0.978870,0.296960,0.417944,-0.802893,0.219971,0.384949,-0.846887,0.230969,-0.571924,1.165845,0.054993,-0.406946,1.154846,-0.032996,-0.186975,1.275830,0.109985,0.318958,-0.978870,0.186975,0.428943,-0.802893,0.098987,0.329956,-0.890881,0.230969,-0.472937,1.033862,0.109985,-0.362952,1.165845,0.131982,-0.219971,1.297827,104878,495906,-101,108,8244,-16,-4,-16,634
1780493824.010176,104880,495910,0x0FFF,0.406946,0.340955,-1.011865,0.296960,0.549927,-1.055859,0.241968,0.340955,-0.912878,0.340955,-0.681909,1.308826,0.153979,-0.329956,1.275830,-0.076990,-0.274963,1.275830,0.197974,0.439941,-0.989868,0.186975,0.439941,-0.769897,0.087988,0.417944,-1.011865,0.263965,-0.373950,1.011865,0.087988,-0.285962,1.088855,0.109985,-0.252966,1.132849,104878,495906,-101,108,8244,-16,-4,-16,634
1780493824.012137,104881,495912,0x0FFF,0.406946,0.417944,-0.967871,0.274963,0.560925,-1.011865,0.241968,0.307959,-0.989868,0.384949,-0.615918,1.264832,0.076990,-0.329956,1.242834,-0.065991,-0.230969,1.253833,0.219971,0.351953,-0.978870,0.197974,0.472937,-0.736902,0.197974,0.483936,-0.934875,0.340955,-0.373950,1.011865,0.032996,-0.351953,1.242834,0.043994,-0.153979,1.209839,104878,495906,-101,108,8244,-16,-4,-16,634
1780493824.014074,104883,495914,0x0FFF,0.516931,0.307959,-1.099854,0.428943,0.450940,-0.945874,0.263965,0.351953,-0.890881,0.230969,-0.615918,1.231836,0.065991,-0.362952,1.286829,0.000000,-0.230969,1.242834,0.241968,0.329956,-1.022864,0.263965,0.461938,-0.868884,0.197974,0.395947,-0.934875,0.109985,-0.340955,1.088855,0.043994,-0.252966,1.088855,0.131982,-0.164978,1.121851,104882,495912,-95,101,8237,-16,0,-17,650
1780493824.016042,104884,495916,0x0FFF,0.494934,0.450940,-1.044861,0.296960,0.516931,-0.989868,0.241968,0.340955,-0.879883,0.186975,-0.681909,1.198840,0.065991,-0.395947,1.088855,-0.032996,-0.351953,1.275830,0.230969,0.351953,-0.956873,0.219971,0.549927,-0.835889,0.109985,0.406946,-0.901880,0.142981,-0.472937,1.000867,0.021997,-0.373950,1.121851,0.153979,-0.241968,1.209839,104882,495912,-95,101,8237,-16,0,-17,650
1780493824.017976,104886,495918,0x0FFF,0.351953,0.318958,-1.000867,0.219971,0.494934,-0.967871,0.252966,0.340955,-0.879883,0.252966,-0.582922,1.264832,0.098987,-0.428943,1.319824,-0.054993,-0.307959,1.275830,0.230969,0.373950,-1.033862,0.263965,0.417944,-0.857886,0.065991,0.450940,-0.956873,0.219971,-0.417944,1.077856,0.054993,-0.307959,1.121851,0.219971,-0.241968,1.297827,104885,495916,-89,106,8231,-13,-1,-21,633
1780493824.021356,104887,495920,0x0FFF,0.527930,0.428943,-0.934875,0.296960,0.450940,-0.923877,0.285962,0.461938,-0.967871,0.186975,-0.538928,1.264832,0.109985,-0.373950,1.198840,0.010999,-0.296960,1.363818,0.241968,0.307959,-0.967871,0.131982,0.450940,-0.780896,0.131982,0.428943,-0.967871,0.142981,-0.483936,0.978870,0.120984,-0.340955,1.198840,0.098987,-0.186975,1.099854,104885,495916,-89,106,8231,-13,-1,-21,633
1780493824.022425,104889,495922,0x0FFF,0.516931,0.340955,-1.000867,0.241968,0.417944,-1.022864,0.252966,0.318958,-0.901880,0.230969,-0.670911,1.242834,0.175977,-0.285962,1.132849,0.021997,-0.307959,1.330823,0.230969,0.318958,-1.033862,0.252966,0.384949,-0.769897,0.087988,0.329956,-0.857886,0.274963,-0.373950,0.945874,0.109985,-0.384949,1.154846,0.197974,-0.285962,1.264832,104888,495920,-97,113,8239,-15,-1,-21,645
1780493824.024586,104890,495924,0x0FFF,0.483936,0.329956,-1.066858,0.384949,0.450940,-0.978870,0.263965,0.395947,-0.912878,0.274963,-0.505933,1.198840,0.043994,-0.373950,1.220837,0.010999,-0.285962,1.275830,0.219971,0.263965,-0.868884,0.241968,0.351953,-0.780896,0.186975,0.505933,-0.956873,0.241968,-0.395947,0.989868,0.087988,-0.362952,1.187842,0.109985,-0.263965,1.209839,104888,495920,-97,113,8239,-15,-1,-21,645
1780493824.026790,104891,495926,0x0FFF,0.516931,0.373950,-0.934875,0.241968,0.516931,-0.978870,0.263965,0.406946,-0.802893,0.252966,-0.659912,1.231836,0.076990,-0.318958,1.187842,-0.065991,-0.296960,1.352820,0.252966,0.307959,-0.934875,0.252966,0.494934,-0.780896,0.098987,0.516931,-0.978870,0.164978,-0.494934,0.978870,0.142981,-0.241968,1.044861,0.186975,-0.285962,1.176843,104888,495920,-97,113,8239,-15,-1,-21,645
1780493824.029046,104893,495928,0x0FFF,0.406946,0.373950,-1.044861,0.252966,0.538928,-0.901880,0.098987,0.483936,-0.791895,0.351953,-0.593921,1.330823,0.109985,-0.340955,1.132849,-0.021997,-0.230969,1.253833,0.208972,0.175977,-0.989868,0.219971,0.406946,-0.758899,0.120984,0.351953,-0.923877,0.241968,-0.384949,0.956873,0.175977,-0.373950,1.209839,0.186975,-0.219971,1.143848,104892,495927,-93,95,8245,-14,-3,-21,646
1780493824.031300,104894,495930,0x0FFF,0.417944,0.362952,-0.890881,0.406946,0.417944,-0.846887,0.384949,0.373950,-0.879883,0.252966,-0.560925,1.209839,0.065991,-0.329956,1.341821,0.065991,-0.219971,1.352820,0.164978,0.263965,-0.890881,0.208972,0.428943,-0.780896,0.054993,0.395947,-1.011865,0.329956,-0.439941,1.011865,0.098987,-0.384949,1.121851,0.186975,-0.208972,1.154846,104892,495927,-93,95,8245,-14,-3,-21,646
1780493824.033484,104896,495933,0x0FFF,0.505933,0.241968,-0.978870,0.307959,0.472937,-0.978870,0.307959,0.263965,-0.978870,0.384949,-0.483936,1.242834,0.032996,-0.417944,1.220837,-0.021997,-0.296960,1.407812,0.175977,0.439941,-1.011865,0.153979,0.417944,-0.879883,0.109985,0.494934,-0.890881,0.219971,-0.351953,0.934875,0.054993,-0.351953,1.187842,0.175977,-0.329956,1.154846,104895,495931,-96,105,8233,-19,-2,-18,643
1780493824.035583,104897,495935,0x0FFF,0.428943,0.318958,-0.923877,0.329956,0.505933,-0.945874,0.208972,0.362952,-0.780896,0.219971,-0.582922,1.176843,-0.021997,-0.362952,1.231836,0.043994,-0.351953,1.165845,0.164978,0.307959,-0.923877,0.252966,0.329956,-0.857886,0.065991,0.406946,-0.945874,0.296960,-0.483936,0.978870,0.098987,-0.285962,1.253833,0.164978,-0.087988,1.220837,104895,495931,-96,105,8233,-19,-2,-18,643
1780493824.037779,104898,495937,0x0FFF,0.417944,0.296960,-0.956873,0.395947,0.461938,-0.945874,0.285962,0.362952,-0.901880,0.230969,-0.593921,1.154846,0.175977,-0.340955,1.198840,-0.021997,-0.208972,1.363818,0.241968,0.318958,-1.011865,0.263965,0.351953,-0.824890,0.230969,0.439941,-0.989868,0.296960,-0.340955,1.044861,0.076990,-0.362952,1.154846,0.164978,-0.164978,1.297827,104895,495931,-96,105,8233,-19,-2,-18,643
1780493824.038862,104900,495939,0x0FFF,0.384949,0.318958,-1.022864,0.329956,0.373950,-0.813892,0.219971,0.318958,-0.923877,0.164978,-0.626917,1.187842,0.065991,-0.318958,1.308826,-0.021997,-0.329956,1.231836,0.252966,0.274963,-0.923877,0.153979,0.483936,-0.879883,0.175977,0.417944,-0.923877,0.219971,-0.384949,0.956873,0.186975,-0.241968,1.121851,0.120984,-0.164978,1.176843,104899,495937,-97,119,8239,-17,-3,-20,644
1780493824.040973,104901,495941,0x0FFF,0.483936,0.395947,-0.901880,0.285962,0.571924,-0.967871,0.186975,0.351953,-0.912878,0.098987,-0.593921,1.253833,0.197974,-0.373950,1.319824,0.010999,-0.263965,1.231836,0.208972,0.285962,-1.088855,0.076990,0.428943,-0.857886,0.142981,0.307959,-0.934875,0.230969,-0.516931,0.956873,0.043994,-0.274963,1.055859,0.043994,-0.186975,1.088855,104899,495937,-97,119,8239,-17,-3,-20,644
1780493824.043435,104903,495943,0x0FFF,0.483936,0.285962,-1.033862,0.241968,0.527930,-0.923877,0.274963,0.285962,-0.879883,0.230969,-0.648914,1.308826,0.142981,-0.340955,1.231836,0.021997,-0.274963,1.341821,0.164978,0.406946,-0.912878,0.208972,0.362952,-0.780896,0.142981,0.395947,-0.890881,0.230969,-0.505933,1.066858,0.142981,-0.340955,1.154846,0.197974,-0.263965,1.220837,104902,495941,-102,113,8244,-14,-3,-19,644
1780493824.045595,104904,495945,0x0FFF,0.417944,0.296960,-1.022864,0.296960,0.505933,-0.956873,0.285962,0.318958,-0.890881,0.285962,-0.560925,1.297827,0.098987,-0.417944,1.275830,0.054993,-0.373950,1.297827,0.153979,0.230969,-0.978870,0.175977,0.362952,-0.879883,0.120984,0.516931,-0.989868,0.219971,-0.439941,0.989868,0.120984,-0.307959,1.044861,0.142981,-0.131982,1.165845,104902,495941,-102,113,8244,-14,-3,-19,644
1780493824.047781,104906,495947,0x0FFF,0.406946,0.351953,-0.934875,0.329956,0.505933,-0.978870,0.230969,0.351953,-0.868884,0.252966,-0.626917,1.308826,0.065991,-0.296960,1.253833,0.054993,-0.241968,1.242834,0.186975,0.285962,-0.846887,0.186975,0.362952,-0.824890,0.120984,0.428943,-0.978870,0.263965,-0.439941,0.923877,0.164978,-0.395947,1.110852,0.175977,-0.230969,1.275830,104905,495945,-96,121,8236,-15,-3,-21,633
1780493824.049992,104907,495949,0x0FFF,0.384949,0.450940,-0.923877,0.373950,0.527930,-0.901880,0.142981,0.318958,-0.945874,0.241968,-0.494934,1.319824,0.109985,-0.406946,1.187842,-0.032996,-0.318958,1.385815,0.263965,0.373950,-0.956873,0.153979,0.329956,-0.824890,0.054993,0.351953,-0.868884,0.164978,-0.549927,1.000867,0.087988,-0.252966,1.209839,0.142981,-0.241968,1.297827,104905,495945,-96,121,8236,-15,-3,-21,633
1780493824.052204,104908,495951,0x0FFF,0.549927,0.362952,-0.945874,0.252966,0.428943,-0.967871,0.252966,0.373950,-0.967871,0.340955,-0.615918,1.231836,0.153979,-0.329956,1.264832,-0.087988,-0.362952,1.253833,0.175977,0.406946,-0.945874,0.241968,0.395947,-0.890881,0.087988,0.362952,-0.901880,0.219971,-0.450940,1.132849,0.109985,-0.340955,1.165845,0.131982,-0.219971,1.165845,104905,495945,-96,121,8236,-15,-3,-21,633
1780493824.054359,104910,495953,0x0FFF,0.406946,0.450940,-0.956873,0.351953,0.494934,-0.901880,0.274963,0.263965,-0.824890,0.285962,-0.648914,1.286829,0.131982,-0.362952,1.198840,0.065991,-0.230969,1.330823,0.153979,0.351953,-0.857886,0.208972,0.395947,-0.758899,0.087988,0.406946,-0.978870,0.153979,-0.417944,0.978870,0.142981,-0.362952,1.198840,0.164978,-0.230969,1.187842,104909,495952,-95,112,8241,-18,-5,-19,630
1780493824.056577,104911,495955,0x0FFF,0.307959,0.285962,-0.989868,0.373950,0.505933,-0.923877,0.274963,0.329956,-0.890881,0.175977,-0.604919,1.165845,0.186975,-0.329956,1.154846,-0.065991,-0.318958,1.187842,0.120984,0.340955,-0.901880,0.318958,0.384949,-0.824890,0.098987,0.527930,-0.956873,0.186975,-0.406946,1.033862,0.087988,-0.252966,1.220837,0.197974,-0.175977,1.231836,104909,495952,-95,112,8241,-18,-5,-19,630
1780493824.057597,104913,495958,0x0FFF,0.373950,0.285962,-0.989868,0.340955,0.571924,-0.890881,0.296960,0.395947,-0.989868,0.208972,-0.626917,1.220837,0.065991,-0.417944,1.209839,0.000000,-0.373950,1.209839,0.153979,0.362952,-0.813892,0.175977,0.450940,-0.835889,0.153979,0.516931,-0.824890,0.219971,-0.450940,1.099854,0.164978,-0.351953,1.077856,0.219971,-0.175977,1.242834,104912,495956,-111,112,8223,-17,-5,-21,641
1780493824.059674,104914,495960,0x0FFF,0.384949,0.406946,-0.978870,0.241968,0.461938,-0.945874,0.241968,0.373950,-0.945874,0.285962,-0.670911,1.165845,0.131982,-0.318958,1.264832,-0.054993,-0.351953,1.231836,0.164978,0.296960,-0.912878,0.175977,0.461938,-0.780896,0.230969,0.571924,-0.912878,0.197974,-0.450940,1.011865,0.164978,-0.373950,1.110852,0.153979,-0.109985,1.209839,104912,495956,-111,112,8223,-17,-5,-21,641
1780493824.061753,104915,495962,0x0FFF,0.483936,0.329956,-0.956873,0.252966,0.461938,-0.835889,0.263965,0.384949,-0.824890,0.263965,-0.626917,1.286829,0.109985,-0.296960,1.187842,-0.010999,-0.296960,1.308826,0.164978,0.406946,-1.011865,0.208972,0.362952,-0.780896,0.197974,0.417944,-0.846887,0.175977,-0.428943,0.956873,0.109985,-0.406946,1.253833,0.252966,-0.186975,1.187842,104912,495956,-111,112,8223,-17,-5,-21,641
1780493824.063997,104917,495964,0x0FFF,0.483936,0.285962,-0.989868,0.362952,0.461938,-0.967871,0.208972,0.472937,-0.802893,0.186975,-0.593921,1.275830,0.142981,-0.329956,1.264832,0.010999,-0.263965,1.286829,0.274963,0.329956,-1.044861,0.230969,0.417944,-0.824890,0.208972,0.450940,-0.846887,0.230969,-0.472937,1.077856,0.032996,-0.274963,1.110852,0.153979,-0.241968,1.209839,104916,495962,-94,104,8225,-16,-4,-23,640
1780493824.065964,104918,495966,0x0FFF,0.527930,0.307959,-0.912878,0.296960,0.461938,-0.956873,0.340955,0.384949,-0.923877,0.274963,-0.626917,1.253833,0.043994,-0.406946,1.264832,0.065991,-0.274963,1.231836,0.219971,0.307959,-0.934875,0.186975,0.417944,-0.846887,0.153979,0.450940,-1.033862,0.274963,-0.450940,1.011865,0.087988,-0.395947,1.110852,0.197974,-0.285962,1.253833,104916,495962,-94,104,8225,-16,-4,-23,640
1780493824.068257,104920,495968,0x0FFF,0.417944,0.307959,-0.923877,0.263965,0.538928,-0.956873,0.230969,0.384949,-0.945874,0.087988,-0.549927,1.297827,0.131982,-0.362952,1.275830,0.087988,-0.296960,1.231836,0.120984,0.384949,-1.022864,0.098987,0.406946,-0.868884,0.164978,0.417944,-0.956873,0.296960,-0.384949,1.066858,0.164978,-0.274963,1.176843,0.263965,-0.164978,1.220837,104919,495966,-88,108,8239,-16,-2,-21,633
1780493824.070203,104921,495970,0x0FFF,0.483936,0.318958,-1.099854,0.208972,0.494934,-0.934875,0.186975,0.384949,-0.967871,0.230969,-0.637915,1.330823,0.164978,-0.417944,1.242834,0.054993,-0.219971,1.187842,0.230969,0.230969,-0.956873,0.186975,0.439941,-0.890881,0.197974,0.439941,-0.912878,0.197974,-0.384949,0.945874,0.065991,-0.384949,1.176843,0.109985,-0.164978,1.209839,104919,495966,-88,108,8239,-16,-2,-21,633
1780493824.072342,104923,495972,0x0FFF,0.450940,0.340955,-0.879883,0.307959,0.516931,-0.934875,0.186975,0.307959,-0.824890,0.230969,-0.505933,1.253833,0.043994,-0.296960,1.297827,0.131982,-0.296960,1.297827,0.153979,0.296960,-0.945874,0.186975,0.516931,-0.846887,0.000000,0.395947,-0.912878,0.087988,-0.505933,1.055859,0.054993,-0.417944,1.143848,0.142981,-0.274963,1.198840,104922,495971,-95,93,8230,-15,-2,-22,635
1780493824.074294,104924,495974,0x0FFF,0.428943,0.395947,-1.044861,0.296960,0.395947,-0.868884,0.285962,0.318958,-0.934875,0.274963,-0.681909,1.231836,0.131982,-0.417944,1.264832,0.010999,-0.340955,1.374817,0.131982,0.296960,-0.912878,0.340955,0.428943,-0.934875,0.230969,0.560925,-0.934875,0.142981,-0.428943,0.967871,0.164978,-0.362952,1.165845,0.274963,-0.153979,1.242834,104922,495971,-95,93,8230,-15,-2,-22,635
1780493824.076256,104925,495976,0x0FFF,0.472937,0.340955,-0.890881,0.351953,0.516931,-0.901880,0.208972,0.329956,-0.934875,0.252966,-0.593921,1.209839,0.054993,-0.428943,1.319824,0.109985,-0.263965,1.308826,0.274963,0.307959,-0.824890,0.197974,0.406946,-0.912878,0.153979,0.406946,-0.890881,0.186975,-0.483936,0.967871,0.098987,-0.450940,1.143848,0.175977,-0.087988,1.308826,104922,495971,-95,93,8230,-15,-2,-22,635
1780493824.078405,104927,495978,0x0FFF,0.406946,0.351953,-1.011865,0.307959,0.461938,-0.934875,0.142981,0.395947,-0.978870,0.351953,-0.659912,1.209839,0.098987,-0.329956,1.253833,0.109985,-0.263965,1.407812,0.241968,0.252966,-0.978870,0.274963,0.373950,-0.736902,0.208972,0.406946,-1.000867,0.208972,-0.384949,1.033862,0.087988,-0.351953,1.143848,0.208972,-0.142981,1.176843,104926,495977,-104,104,8232,-15,1,-19,631
1780493824.081738,104928,495980,0x0FFF,0.472937,0.252966,-0.901880,0.252966,0.450940,-0.945874,0.307959,0.406946,-0.934875,0.164978,-0.670911,1.264832,0.142981,-0.285962,1.286829,-0.010999,-0.241968,1.319824,0.230969,0.230969,-1.044861,0.175977,0.307959,-0.912878,0.142981,0.461938,-0.912878,0.252966,-0.494934,0.857886,0.197974,-0.307959,1.154846,0.065991,-0.175977,1.286829,104926,495977,-104,104,8232,-15,1,-19,631
1780493824.082671,104930,495983,0x0FFF,0.450940,0.351953,-0.912878,0.263965,0.483936,-0.967871,0.219971,0.450940,-0.934875,0.197974,-0.560925,1.187842,0.153979,-0.307959,1.231836,0.065991,-0.285962,1.297827,0.164978,0.285962,-1.033862,0.164978,0.450940,-0.868884,0.175977,0.406946,-1.022864,0.109985,-0.417944,0.967871,0.043994,-0.296960,1.253833,0.131982,-0.142981,1.165845,104929,495981,-103,119,8230,-15,-3,-20,644
1780493824.084604,104931,495985,0x0FFF,0.417944,0.318958,-0.989868,0.296960,0.450940,-0.923877,0.241968,0.318958,-0.780896,0.263965,-0.593921,1.264832,0.142981,-0.296960,1.286829,0.142981,-0.329956,1.308826,0.208972,0.296960,-0.967871,0.219971,0.362952,-0.835889,0.109985,0.450940,-0.923877,0.219971,-0.472937,0.890881,0.043994,-0.417944,1.132849,0.252966,-0.186975,1.275830,104929,495981,-103,119,8230,-15,-3,-20,644
1780493824.087810,104932,495987,0x0FFF,0.406946,0.329956,-1.011865,0.296960,0.505933,-0.967871,0.175977,0.417944,-0.813892,0.329956,-0.604919,1.176843,0.109985,-0.406946,1.352820,0.021997,-0.230969,1.286829,0.219971,0.340955,-1.066858,0.142981,0.274963,-0.780896,0.065991,0.307959,-0.989868,0.164978,-0.450940,0.978870,0.120984,-0.296960,1.033862,0.098987,-0.120984,1.165845,104929,495981,-103,119,8230,-15,-3,-20,644
1780493824.088765,104934,495989,0x0FFF,0.461938,0.318958,-0.956873,0.307959,0.516931,-1.022864,0.252966,0.263965,-0.923877,0.219971,-0.560925,1.264832,0.054993,-0.274963,1.220837,0.010999,-0.329956,1.275830,0.175977,0.395947,-1.000867,0.208972,0.472937,-0.769897,0.219971,0.329956,-1.000867,0.241968,-0.384949,0.967871,0.164978,-0.384949,1.165845,0.098987,-0.120984,1.231836,104933,495987,-95,128,8239,-17,-3,-23,636
1780493824.091926,104935,495991,0x0FFF,0.483936,0.406946,-1.044861,0.285962,0.516931,-0.967871,0.208972,0.318958,-0.879883,0.197974,-0.637915,1.154846,0.054993,-0.395947,1.286829,-0.010999,-0.241968,1.308826,0.252966,0.362952,-1.011865,0.274963,0.439941,-0.703906,0.219971,0.472937,-0.890881,0.241968,-0.406946,1.055859,0.087988,-0.351953,1.132849,0.197974,-0.230969,1.143848,104933,495987,-95,128,8239,-17,-3,-23,636
1780493824.093993,104937,495993,0x0FFF,0.395947,0.340955,-0.945874,0.296960,0.527930,-0.824890,0.274963,0.329956,-0.945874,0.307959,-0.505933,1.209839,0.076990,-0.439941,1.264832,-0.043994,-0.252966,1.242834,0.164978,0.296960,-0.890881,0.164978,0.428943,-0.857886,0.208972,0.494934,-0.923877,0.186975,-0.450940,1.022864,0.076990,-0.285962,1.132849,0.219971,-0.219971,1.165845,104936,495991,-103,130,8237,-14,-3,-21,635
1780493824.096056,104938,495995,0x0FFF,0.505933,0.461938,-1.022864,0.241968,0.362952,-0.890881,0.252966,0.307959,-0.912878,0.230969,-0.461938,1.209839,0.197974,-0.285962,1.264832,-0.021997,-0.263965,1.253833,0.208972,0.296960,-1.022864,0.230969,0.329956,-0.835889,0.142981,0.483936,-0.945874,0.153979,-0.483936,1.044861,0.076990,-0.296960,1.165845,0.098987,-0.164978,1.055859,104936,495991,-103,130,8237,-14,-3,-21,635
1780493824.098102,104940,495997,0x0FFF,0.505933,0.373950,-1.000867,0.285962,0.527930,-0.835889,0.164978,0.406946,-0.923877,0.153979,-0.637915,1.154846,0.043994,-0.461938,1.275830,0.032996,-0.219971,1.363818,0.153979,0.241968,-0.989868,0.252966,0.362952,-0.725903,0.208972,0.384949,-0.868884,0.219971,-0.483936,0.879883,0.153979,-0.362952,1.297827,0.230969,-0.164978,1.176843,104939,495996,-101,122,8239,-18,-3,-21,640
1780493824.100074,104941,495999,0x0FFF,0.439941,0.274963,-1.055859,0.340955,0.461938,-0.967871,0.307959,0.329956,-0.879883,0.219971,-0.659912,1.308826,0.076990,-0.406946,1.209839,0.043994,-0.208972,1.231836,0.241968,0.373950,-1.044861,0.219971,0.494934,-0.769897,0.142981,0.538928,-0.912878,0.307959,-0.406946,1.022864,0.065991,-0.285962,1.055859,0.164978,-0.208972,1.198840,104939,495996,-101,122,8239,-18,-3,-21,640
1780493824.102148,104942,496001,0x0FFF,0.329956,0.395947,-0.868884,0.307959,0.472937,-0.901880,0.296960,0.296960,-0.923877,0.263965,-0.604919,1.253833,0.043994,-0.373950,1.253833,0.032996,-0.296960,1.286829,0.153979,0.307959,-0.934875,0.087988,0.384949,-0.868884,0.175977,0.406946,-1.077856,0.307959,-0.494934,0.835889,0.186975,-0.307959,1.154846,0.098987,-0.098987,1.187842,104939,495996,-101,122,8239,-18,-3,-21,640
1780493824.104242,104944,496003,0x0FFF,0.450940,0.384949,-1.022864,0.340955,0.527930,-0.989868,0.208972,0.329956,-0.923877,0.296960,-0.538928,1.198840,0.021997,-0.395947,1.187842,-0.043994,-0.274963,1.253833,0.197974,0.296960,-0.912878,0.208972,0.472937,-0.846887,0.109985,0.615918,-0.890881,0.120984,-0.472937,1.000867,0.032996,-0.285962,1.099854,0.142981,-0.131982,1.198840,104943,496002,-101,116,8240,-15,-5,-21,628
1780493824.106277,104945,496005,0x0FFF,0.527930,0.395947,-1.000867,0.296960,0.439941,-0.890881,0.329956,0.263965,-0.846887,0.274963,-0.582922,1.286829,0.043994,-0.384949,1.154846,0.131982,-0.318958,1.253833,0.175977,0.329956,-1.033862,0.087988,0.450940,-0.868884,0.153979,0.406946,-0.912878,0.263965,-0.604919,1.033862,0.164978,-0.329956,1.253833,0.131982,-0.263965,1.231836,104943,496002,-101,116,8240,-15,-5,-21,628
1780493824.108470,104947,496008,0x0FFF,0.395947,0.494934,-1.121851,0.285962,0.516931,-0.956873,0.252966,0.307959,-0.967871,0.142981,-0.747900,1.099854,0.153979,-0.274963,1.165845,0.087988,-0.120984,1.198840,0.197974,0.340955,-0.945874,0.186975,0.395947,-0.879883,0.208972,0.439941,-0.912878,0.296960,-0.439941,1.066858,0.175977,-0.274963,1.011865,0.208972,-0.153979,1.176843,104946,496006,-88,118,8230,-15,-1,-17,633
1780493824.110440,104948,496010,0x0FFF,0.362952,0.329956,-0.945874,0.362952,0.428943,-0.846887,0.219971,0.395947,-0.846887,0.285962,-0.582922,1.198840,0.098987,-0.307959,1.297827,0.021997,-0.274963,1.220837,0.175977,0.329956,-0.956873,0.197974,0.384949,-0.857886,0.153979,0.505933,-0.989868,0.230969,-0.373950,0.912878,0.164978,-0.384949,1.033862,0.175977,-0.131982,1.275830,104946,496006,-88,118,8230,-15,-1,-17,633
1780493824.112455,104949,496012,0x0FFF,0.373950,0.329956,-0.945874,0.340955,0.417944,-0.857886,0.175977,0.230969,-0.802893,0.340955,-0.604919,1.253833,0.120984,-0.351953,1.220837,0.021997,-0.274963,1.264832,0.219971,0.362952,-1.022864,0.197974,0.395947,-0.901880,0.186975,0.428943,-0.857886,0.241968,-0.439941,1.011865,0.197974,-0.329956,1.220837,0.197974,-0.120984,1.275830,104946,496006,-88,118,8230,-15,-1,-17,633
1780493824.114477,104951,496014,0x0FFF,0.505933,0.362952,-0.934875,0.329956,0.483936,-0.879883,0.263965,0.395947,-0.912878,0.186975,-0.571924,1.308826,0.043994,-0.494934,1.198840,-0.010999,-0.208972,1.297827,0.197974,0.263965,-0.934875,0.131982,0.373950,-0.791895,0.131982,0.362952,-0.890881,0.252966,-0.417944,0.901880,0.087988,-0.296960,1.143848,0.142981,-0.131982,1.187842,104950,496012,-88,100,8231,-16,-1,-19,640
1780493824.116500,104952,496016,0x0FFF,0.472937,0.307959,-0.923877,0.362952,0.384949,-0.978870,0.197974,0.296960,-0.934875,0.230969,-0.659912,1.253833,0.175977,-0.450940,1.220837,0.010999,-0.208972,1.319824,0.153979,0.406946,-0.989868,0.208972,0.417944,-0.736902,0.098987,0.351953,-0.945874,0.175977,-0.428943,1.055859,0.153979,-0.351953,1.121851,0.274963,-0.274963,1.132849,104950,496012,-88,100,8231,-16,-1,-19,640
1780493824.118514,104954,496018,0x0FFF,0.505933,0.351953,-1.099854,0.285962,0.472937,-0.989868,0.208972,0.318958,-0.868884,0.219971,-0.670911,1.275830,0.098987,-0.450940,1.264832,0.000000,-0.274963,1.198840,0.186975,0.340955,-1.022864,0.285962,0.373950,-0.813892,0.087988,0.384949,-0.967871,0.186975,-0.450940,1.011865,0.109985,-0.362952,1.000867,0.109985,-0.263965,1.154846,104953,496016,-96,109,8232,-16,-1,-23,640
1780493824.120464,104955,496020,0x0FFF,0.560925,0.395947,-0.912878,0.329956,0.439941,-0.945874,0.307959,0.230969,-0.901880,0.219971,-0.626917,1.154846,0.087988,-0.362952,1.264832,0.065991,-0.241968,1.330823,0.109985,0.351953,-1.055859,0.175977,0.395947,-0.901880,0.131982,0.428943,-0.868884,0.098987,-0.395947,0.989868,0.076990,-0.263965,1.143848,0.197974,-0.120984,1.253833,104953,496016,-96,109,8232,-16,-1,-23,640
1780493824.122510,104956,496022,0x0FFF,0.384949,0.362952,-0.989868,0.252966,0.428943,-0.934875,0.219971,0.340955,-0.978870,0.219971,-0.637915,1.176843,0.010999,-0.406946,1.264832,0.010999,-0.296960,1.297827,0.252966,0.340955,-0.945874,0.120984,0.362952,-0.879883,0.142981,0.516931,-0.945874,0.296960,-0.461938,1.000867,0.109985,-0.230969,1.209839,0.186975,-0.186975,1.198840,104953,496016,-96,109,8232,-16,-1,-23,640
1780493824.124506,104958,496024,0x0FFF,0.450940,0.406946,-0.978870,0.296960,0.439941,-1.044861,0.263965,0.285962,-0.879883,0.230969,-0.615918,1.341821,0.032996,-0.384949,1.330823,-0.010999,-0.197974,1.297827,0.142981,0.252966,-1.132849,0.153979,0.406946,-0.868884,0.120984,0.461938,-0.956873,0.175977,-0.417944,1.066858,0.142981,-0.241968,1.132849,0.186975,-0.230969,1.165845,104957,496022,-104,115,8242,-16,-1,-19,637
1780493824.126557,104959,496026,0x0FFF,0.527930,0.340955,-0.989868,0.351953,0.483936,-0.967871,0.296960,0.439941,-0.923877,0.307959,-0.670911,1.275830,0.043994,-0.340955,1.231836,0.021997,-0.120984,1.253833,0.186975,0.307959,-1.066858,0.109985,0.395947,-0.802893,0.241968,0.483936,-0.967871,0.274963,-0.494934,1.000867,0.087988,-0.263965,1.187842,0.120984,-0.274963,1.286829,104957,496022,-104,115,8242,-16,-1,-19,637
1780493824.128545,104961,496028,0x0FFF,0.483936,0.351953,-0.989868,0.351953,0.505933,-0.978870,0.274963,0.329956,-0.901880,0.219971,-0.571924,1.264832,0.153979,-0.318958,1.264832,0.000000,-0.230969,1.319824,0.164978,0.252966,-1.055859,0.230969,0.439941,-0.802893,0.109985,0.472937,-0.901880,0.153979,-0.406946,1.033862,0.109985,-0.263965,1.154846,0.175977,-0.219971,1.209839,104960,496027,-97,113,8236,-15,-2,-20,637
1780493824.130598,104962,496030,0x0FFF,0.571924,0.417944,-1.055859,0.395947,0.560925,-0.901880,0.285962,0.406946,-0.857886,0.186975,-0.549927,1.286829,0.076990,-0.395947,1.198840,0.000000,-0.164978,1.253833,0.241968,0.351953,-0.956873,0.087988,0.428943,-0.901880,0.131982,0.428943,-0.967871,0.241968,-0.439941,1.044861,0.076990,-0.285962,1.187842,0.142981,-0.186975,1.198840,104960,496027,-97,113,8236,-15,-2,-20,637
1780493824.132695,104964,496033,0x0FFF,0.439941,0.406946,-0.923877,0.351953,0.373950,-0.857886,0.263965,0.318958,-0.923877,0.241968,-0.582922,1.319824,0.043994,-0.384949,1.209839,0.032996,-0.208972,1.330823,0.285962,0.351953,-0.890881,0.164978,0.362952,-0.802893,0.197974,0.351953,-0.923877,0.285962,-0.428943,0.912878,0.186975,-0.439941,1.110852,0.153979,-0.164978,1.209839,104963,496031,-94,105,8231,-14,0,-22,649
1780493824.134805,104965,496035,0x0FFF,0.329956,0.395947,-0.967871,0.263965,0.472937,-0.912878,0.186975,0.340955,-0.901880,0.274963,-0.648914,1.176843,0.131982,-0.395947,1.154846,-0.010999,-0.219971,1.319824,0.241968,0.373950,-0.978870,0.186975,0.428943,-0.769897,0.109985,0.384949,-0.912878,0.274963,-0.274963,1.055859,0.109985,-0.395947,1.154846,0.065991,-0.164978,1.198840,104963,496031,-94,105,8231,-14,0,-22,649
1780493824.136770,104966,496037,0x0FFF,0.505933,0.329956,-1.033862,0.340955,0.494934,-0.868884,0.285962,0.296960,-0.890881,0.318958,-0.637915,1.143848,0.131982,-0.406946,1.187842,0.032996,-0.186975,1.330823,0.186975,0.351953,-0.945874,0.153979,0.428943,-0.769897,0.175977,0.340955,-0.912878,0.263965,-0.439941,0.978870,0.010999,-0.362952,1.154846,0.043994,-0.263965,1.198840,104963,496031,-94,105,8231,-14,0,-22,649
1780493824.138894,104968,496039,0x0FFF,0.450940,0.296960,-0.956873,0.362952,0.549927,-0.945874,0.208972,0.384949,-0.956873,0.230969,-0.538928,1.231836,0.153979,-0.362952,1.209839,0.010999,-0.197974,1.352820,0.120984,0.241968,-1.077856,0.120984,0.340955,-0.791895,0.164978,0.340955,-0.879883,0.197974,-0.362952,1.011865,0.197974,-0.186975,1.077856,0.065991,-0.164978,1.264832,104967,496037,-103,110,8237,-15,-2,-19,633
1780493824.140870,104969,496041,0x0FFF,0.340955,0.373950,-0.934875,0.263965,0.516931,-0.945874,0.230969,0.285962,-0.879883,0.263965,-0.681909,1.286829,0.142981,-0.362952,1.264832,-0.043994,-0.296960,1.352820,0.021997,0.351953,-1.033862,0.186975,0.318958,-0.802893,0.164978,0.428943,-0.989868,0.131982,-0.362952,0.978870,0.120984,-0.329956,1.176843,0.274963,-0.208972,1.220837,104967,496037,-103,110,8237,-15,-2,-19,633
1780493824.143402,104971,496043,0x0FFF,0.439941,0.406946,-0.923877,0.307959,0.461938,-0.879883,0.263965,0.351953,-0.956873,0.252966,-0.505933,1.242834,0.131982,-0.296960,1.242834,0.000000,-0.296960,1.253833,0.252966,0.263965,-0.956873,0.208972,0.406946,-0.912878,0.153979,0.461938,-1.011865,0.351953,-0.461938,1.044861,0.076990,-0.439941,1.077856,0.175977,-0.340955,1.121851,104970,496041,-113,118,8242,-17,-1,-18,640
1780493824.145655,104972,496045,0x0FFF,0.494934,0.274963,-1.000867,0.219971,0.450940,-0.901880,0.208972,0.362952,-0.967871,0.219971,-0.604919,1.132849,0.065991,-0.296960,1.143848,-0.032996,-0.296960,1.264832,0.197974,0.307959,-0.978870,0.230969,0.384949,-0.923877,0.120984,0.406946,-0.824890,0.274963,-0.395947,1.011865,0.120984,-0.285962,1.176843,0.175977,-0.241968,1.143848,104970,496041,-113,118,8242,-17,-1,-18,640
1780493824.148039,104973,496047,0x0FFF,0.461938,0.384949,-0.956873,0.329956,0.450940,-0.967871,0.230969,0.307959,-0.923877,0.296960,-0.582922,1.242834,0.054993,-0.395947,1.330823,-0.010999,-0.252966,1.341821,0.230969,0.351953,-0.967871,0.164978,0.428943,-0.758899,0.153979,0.461938,-0.923877,0.153979,-0.494934,1.022864,0.076990,-0.285962,1.286829,0.164978,-0.219971,1.198840,104970,496041,-113,118,8242,-17,-1,-18,640
1780493824.150175,104975,496049,0x0FFF,0.560925,0.395947,-1.044861,0.285962,0.439941,-0.967871,0.296960,0.285962,-0.868884,0.252966,-0.593921,1.231836,0.153979,-0.307959,1.209839,0.000000,-0.142981,1.253833,0.230969,0.384949,-0.912878,0.241968,0.318958,-0.659912,0.032996,0.340955,-1.022864,0.219971,-0.340955,1.044861,0.131982,-0.285962,1.110852,0.098987,-0.230969,1.165845,104974,496047,-104,114,8243,-17,-3,-21,629
1780493824.152371,104976,496051,0x0FFF,0.527930,0.428943,-1.022864,0.263965,0.472937,-0.923877,0.230969,0.285962,-0.967871,0.208972,-0.549927,1.176843,0.120984,-0.362952,1.242834,0.000000,-0.197974,1.264832,0.274963,0.252966,-1.055859,0.208972,0.428943,-0.846887,0.120984,0.527930,-1.033862,0.164978,-0.461938,0.901880,0.153979,-0.340955,1.055859,0.164978,-0.230969,1.198840,104974,496047,-104,114,8243,-17,-3,-21,629
1780493824.153182,104978,496053,0x0FFF,0.450940,0.351953,-1.011865,0.252966,0.505933,-0.934875,0.285962,0.373950,-0.868884,0.208972,-0.571924,1.176843,0.109985,-0.285962,1.220837,0.021997,-0.329956,1.264832,0.285962,0.241968,-0.945874,0.164978,0.318958,-0.835889,0.076990,0.351953,-0.813892,0.296960,-0.395947,1.022864,0.164978,-0.340955,1.143848,0.208972,-0.252966,1.231836,104977,496052,-110,116,8232,-15,-1,-20,634
1780493824.156521,104979,496055,0x0FFF,0.450940,0.373950,-0.967871,0.395947,0.549927,-0.912878,0.175977,0.384949,-0.901880,0.230969,-0.659912,1.154846,0.021997,-0.296960,1.330823,-0.065991,-0.285962,1.275830,0.164978,0.329956,-1.011865,0.153979,0.428943,-0.703906,0.109985,0.318958,-0.945874,0.252966,-0.406946,0.989868,0.076990,-0.318958,1.066858,0.109985,-0.252966,1.209839,104977,496052,-110,116,8232,-15,-1,-20,634
1780493824.157309,104981,496058,0x0FFF,0.483936,0.351953,-0.978870,0.417944,0.483936,-1.000867,0.274963,0.340955,-0.967871,0.263965,-0.626917,1.253833,0.000000,-0.340955,1.330823,-0.032996,-0.274963,1.341821,0.307959,0.285962,-0.945874,0.153979,0.439941,-0.901880,0.043994,0.626917,-0.989868,0.340955,-0.571924,0.934875,0.208972,-0.329956,1.121851,0.186975,-0.285962,1.209839,104980,496056,-92,104,8233,-15,-2,-20,631
1780493824.160537,104982,496060,0x0FFF,0.516931,0.219971,-1.011865,0.318958,0.494934,-0.868884,0.175977,0.318958,-0.901880,0.219971,-0.593921,1.308826,0.109985,-0.428943,1.253833,0.000000,-0.296960,1.352820,0.208972,0.307959,-0.912878,0.131982,0.461938,-0.868884,0.109985,0.505933,-0.923877,0.263965,-0.362952,0.912878,0.120984,-0.351953,1.165845,0.208972,-0.230969,1.198840,104980,496056,-92,104,8233,-15,-2,-20,631
1780493824.162647,104983,496062,0x0FFF,0.428943,0.384949,-1.033862,0.384949,0.461938,-0.857886,0.208972,0.362952,-0.945874,0.197974,-0.670911,1.154846,0.153979,-0.329956,1.220837,-0.043994,-0.351953,1.319824,0.285962,0.263965,-0.989868,0.186975,0.373950,-0.758899,0.186975,0.483936,-0.989868,0.208972,-0.340955,0.890881,0.087988,-0.351953,1.110852,0.131982,-0.219971,1.297827,104980,496056,-92,104,8233,-15,-2,-20,631
1780493824.164771,104985,496064,0x0FFF,0.428943,0.329956,-0.967871,0.351953,0.472937,-1.044861,0.274963,0.307959,-0.923877,0.241968,-0.659912,1.143848,0.098987,-0.428943,1.264832,-0.120984,-0.219971,1.209839,0.164978,0.285962,-0.846887,0.131982,0.329956,-0.813892,0.186975,0.439941,-1.000867,0.252966,-0.483936,1.099854,0.043994,-0.318958,1.044861,0.076990,-0.153979,1.165845,104984,496062,-90,121,8233,-18,-3,-20,636
1780493824.166875,104986,496066,0x0FFF,0.505933,0.285962,-1.000867,0.307959,0.527930,-0.989868,0.285962,0.285962,-0.901880,0.296960,-0.604919,1.253833,0.087988,-0.362952,1.231836,0.065991,-0.208972,1.187842,0.186975,0.285962,-1.033862,0.241968,0.472937,-0.813892,0.131982,0.329956,-0.912878,0.340955,-0.505933,1.011865,0.109985,-0.351953,1.154846,0.197974,-0.219971,1.187842,104984,496062,-90,121,8233,-18,-3,-20,636
1780493824.168954,104988,496068,0x0FFF,0.494934,0.384949,-0.934875,0.340955,0.538928,-0.835889,0.263965,0.461938,-0.967871,0.252966,-0.659912,1.253833,0.120984,-0.362952,1.319824,-0.010999,-0.274963,1.231836,0.285962,0.274963,-0.956873,0.164978,0.472937,-0.835889,0.087988,0.340955,-1.055859,0.153979,-0.395947,1.033862,0.153979,-0.329956,1.209839,0.142981,-0.241968,1.066858,104987,496066,-94,118,8246,-14,-3,-22,637
1780493824.170866,104989,496070,0x0FFF,0.439941,0.373950,-1.055859,0.252966,0.549927,-0.934875,0.274963,0.384949,-0.912878,0.164978,-0.681909,1.121851,0.054993,-0.384949,1.209839,-0.043994,-0.307959,1.352820,0.175977,0.362952,-1.011865,0.241968,0.516931,-0.901880,0.186975,0.373950,-0.868884,0.318958,-0.439941,0.923877,0.131982,-0.340955,1.143848,0.208972,-0.274963,1.132849,104987,496066,-94,118,8246,-14,-3,-22,637
1780493824.172927,104990,496072,0x0FFF,0.494934,0.362952,-1.121851,0.307959,0.406946,-0.857886,0.208972,0.461938,-0.967871,0.186975,-0.527930,1.242834,0.153979,-0.285962,1.242834,-0.032996,-0.340955,1.319824,0.142981,0.219971,-0.989868,0.186975,0.395947,-0.769897,0.109985,0.395947,-1.044861,0.186975,-0.505933,0.945874,0.043994,-0.296960,1.143848,0.120984,-0.274963,1.198840,104987,496066,-94,118,8246,-14,-3,-22,637
1780493824.175106,104992,496074,0x0FFF,0.461938,0.450940,-0.967871,0.307959,0.472937,-0.956873,0.230969,0.351953,-0.868884,0.285962,-0.582922,1.143848,0.186975,-0.395947,1.154846,0.021997,-0.274963,1.286829,0.164978,0.307959,-1.011865,0.219971,0.406946,-0.868884,0.098987,0.439941,-0.912878,0.219971,-0.494934,0.912878,0.153979,-0.417944,1.088855,0.153979,-0.263965,1.132849,104991,496072,-97,112,8240,-13,-3,-22,649
1780493824.177106,104993,496076,0x0FFF,0.483936,0.274963,-0.967871,0.296960,0.483936,-0.879883,0.208972,0.241968,-0.868884,0.307959,-0.593921,1.242834,0.142981,-0.329956,1.253833,0.032996,-0.296960,1.187842,0.186975,0.230969,-0.967871,0.263965,0.461938,-0.736902,0.153979,0.461938,-0.956873,0.164978,-0.461938,0.989868,0.186975,-0.296960,1.275830,0.109985,-0.153979,1.187842,104991,496072,-97,112,8240,-13,-3,-22,649
1780493824.179120,104995,496078,0x0FFF,0.428943,0.296960,-1.088855,0.285962,0.417944,-0.901880,0.208972,0.373950,-0.890881,0.362952,-0.659912,1.198840,0.175977,-0.362952,1.231836,-0.010999,-0.307959,1.187842,0.186975,0.274963,-0.956873,0.197974,0.439941,-0.747900,0.186975,0.461938,-0.890881,0.252966,-0.417944,0.945874,0.219971,-0.329956,1.121851,0.109985,-0.164978,1.264832,104994,496077,-102,106,8244,-17,-2,-18,637
1780493824.181049,104996,496080,0x0FFF,0.406946,0.395947,-0.967871,0.274963,0.516931,-0.978870,0.307959,0.296960,-0.912878,0.241968,-0.527930,1.077856,0.098987,-0.274963,1.330823,-0.021997,-0.263965,1.297827,0.142981,0.373950,-0.901880,0.164978,0.340955,-0.879883,0.032996,0.373950,-0.956873,0.263965,-0.384949,1.066858,0.076990,-0.274963,1.033862,0.153979,-0.197974,1.209839,104994,496077,-102,106,8244,-17,-2,-18,637
1780493824.183096,104998,496083,0x0FFF,0.450940,0.406946,-0.945874,0.274963,0.439941,-0.912878,0.219971,0.340955,-0.868884,0.208972,-0.593921,1.286829,0.021997,-0.274963,1.231836,0.043994,-0.263965,1.231836,0.164978,0.263965,-0.923877,0.164978,0.362952,-0.670911,0.274963,0.439941,-0.879883,0.109985,-0.483936,0.956873,0.153979,-0.340955,1.121851,0.285962,-0.153979,1.242834,104997,496081,-104,112,8238,-17,-1,-22,635
1780493824.184953,104999,496085,0x0FFF,0.450940,0.428943,-0.978870,0.406946,0.516931,-0.901880,0.329956,0.362952,-0.967871,0.175977,-0.626917,1.242834,0.131982,-0.362952,1.143848,0.109985,-0.164978,1.363818,0.208972,0.285962,-0.846887,0.153979,0.329956,-0.780896,0.076990,0.505933,-0.846887,0.219971,-0.428943,0.901880,0.076990,-0.318958,1.132849,0.219971,-0.164978,1.220837,104997,496081,-104,112,8238,-17,-1,-22,635
1780493824.186898,105000,496087,0x0FFF,0.483936,0.461938,-0.978870,0.230969,0.472937,-0.989868,0.340955,0.406946,-0.846887,0.175977,-0.560925,1.231836,0.076990,-0.362952,1.231836,-0.021997,-0.263965,1.220837,0.208972,0.274963,-1.000867,0.186975,0.384949,-0.857886,0.054993,0.417944,-0.978870,0.197974,-0.450940,1.110852,0.164978,-0.384949,1.187842,0.164978,-0.318958,1.253833,104997,496081,-104,112,8238,-17,-1,-22,635
1780493824.188657,105002,496089,0x0FFF,0.329956,0.450940,-0.934875,0.263965,0.538928,-0.989868,0.186975,0.417944,-0.956873,0.296960,-0.659912,1.264832,0.000000,-0.329956,1.264832,0.109985,-0.285962,1.374817,0.307959,0.362952,-0.967871,0.263965,0.340955,-0.846887,0.109985,0.450940,-0.835889,0.175977,-0.417944,0.945874,0.076990,-0.362952,1.198840,0.131982,-0.219971,1.176843,105001,496087,-103,99,8242,-18,-4,-18,631
1780493824.192108,105003,496091,0x0FFF,0.406946,0.219971,-0.934875,0.340955,0.428943,-0.879883,0.186975,0.285962,-0.901880,0.230969,-0.703906,1.253833,0.120984,-0.417944,1.231836,0.021997,-0.274963,1.275830,0.153979,0.362952,-1.011865,0.175977,0.362952,-0.670911,0.021997,0.428943,-0.813892,0.131982,-0.494934,1.011865,0.153979,-0.230969,1.198840,0.175977,-0.197974,1.297827,105001,496087,-103,99,8242,-18,-4,-18,631
1780493824.193074,105005,496093,0x0FFF,0.494934,0.406946,-0.967871,0.318958,0.461938,-0.989868,0.197974,0.439941,-0.945874,0.296960,-0.560925,1.220837,0.087988,-0.428943,1.341821,0.021997,-0.120984,1.341821,0.164978,0.351953,-0.923877,0.164978,0.494934,-0.901880,0.142981,0.450940,-0.967871,0.197974,-0.527930,1.022864,0.120984,-0.373950,1.077856,0.208972,-0.219971,1.187842,105004,496091,-103,124,8224,-17,-3,-20,643
1780493824.195159,105006,496095,0x0FFF,0.428943,0.373950,-1.055859,0.307959,0.549927,-0.879883,0.252966,0.197974,-0.846887,0.274963,-0.604919,1.231836,-0.065991,-0.406946,1.187842,0.065991,-0.263965,1.187842,0.208972,0.285962,-0.901880,0.274963,0.362952,-0.813892,0.054993,0.461938,-0.912878,0.219971,-0.406946,1.022864,0.197974,-0.296960,1.165845,0.208972,-0.307959,1.165845,105004,496091,-103,124,8224,-17,-3,-20,643
1780493824.197258,105007,496097,0x0FFF,0.351953,0.175977,-1.099854,0.351953,0.439941,-0.890881,0.208972,0.307959,-0.956873,0.252966,-0.637915,1.231836,0.153979,-0.307959,1.231836,-0.065991,-0.252966,1.286829,0.274963,0.373950,-0.989868,0.263965,0.461938,-0.824890,0.109985,0.395947,-0.956873,0.230969,-0.373950,0.890881,0.186975,-0.384949,1.165845,0.263965,-0.175977,1.264832,105004,496091,-103,124,8224,-17,-3,-20,643
1780493824.199676,105009,496099,0x0FFF,0.439941,0.483936,-0.967871,0.296960,0.527930,-1.000867,0.175977,0.428943,-0.846887,0.241968,-0.659912,1.209839,0.021997,-0.362952,1.275830,0.076990,-0.274963,1.187842,0.252966,0.329956,-1.022864,0.186975,0.527930,-0.758899,0.263965,0.439941,-0.967871,0.241968,-0.362952,1.044861,0.087988,-0.340955,1.143848,0.241968,-0.208972,1.077856,105008,496097,-103,101,8250,-15,-3,-20,630
1780493824.201836,105010,496101,0x0FFF,0.428943,0.428943,-0.978870,0.208972,0.428943,-0.967871,0.186975,0.384949,-0.890881,0.252966,-0.516931,1.363818,0.120984,-0.329956,1.154846,0.000000,-0.219971,1.275830,0.164978,0.373950,-1.022864,0.109985,0.263965,-0.802893,0.164978,0.505933,-0.890881,0.186975,-0.494934,1.011865,0.142981,-0.351953,1.132849,0.274963,-0.230969,1.297827,105008,496097,-103,101,8250,-15,-3,-20,630
1780493824.204049,105012,496103,0x0FFF,0.439941,0.362952,-1.110852,0.296960,0.461938,-0.879883,0.252966,0.351953,-0.945874,0.208972,-0.549927,1.264832,0.197974,-0.373950,1.132849,-0.043994,-0.274963,1.253833,0.186975,0.285962,-0.901880,0.131982,0.395947,-0.824890,0.109985,0.307959,-0.956873,0.197974,-0.450940,1.066858,0.120984,-0.384949,1.132849,0.153979,-0.186975,1.209839,105011,496102,-96,114,8236,-16,-3,-18,637
1780493824.206231,105013,496105,0x0FFF,0.406946,0.274963,-1.000867,0.263965,0.384949,-0.890881,0.230969,0.406946,-0.912878,0.307959,-0.615918,1.220837,0.054993,-0.439941,1.176843,0.000000,-0.175977,1.352820,0.186975,0.340955,-1.066858,0.153979,0.384949,-0.846887,0.197974,0.417944,-0.901880,0.164978,-0.395947,1.088855,0.131982,-0.395947,1.154846,0.197974,-0.131982,1.143848,105011,496102,-96,114,8236,-16,-3,-18,637
1780493824.208590,105015,496108,0x0FFF,0.472937,0.406946,-0.989868,0.285962,0.439941,-0.978870,0.241968,0.296960,-0.890881,0.219971,-0.604919,1.187842,0.032996,-0.351953,1.220837,0.109985,-0.219971,1.286829,0.186975,0.274963,-1.066858,0.186975,0.472937,-0.846887,0.065991,0.439941,-0.912878,0.186975,-0.395947,0.912878,0.098987,-0.362952,1.176843,0.296960,-0.241968,1.143848,105014,496106,-85,107,8239,-16,-2,-21,642
1780493824.210692,105016,496110,0x0FFF,0.450940,0.395947,-0.956873,0.307959,0.472937,-0.868884,0.219971,0.395947,-0.956873,0.318958,-0.648914,1.275830,0.087988,-0.384949,1.187842,-0.065991,-0.285962,1.275830,0.142981,0.252966,-0.912878,0.296960,0.307959,-0.912878,0.186975,0.450940,-0.956873,0.274963,-0.439941,0.967871,0.032996,-0.450940,1.154846,0.252966,-0.087988,1.132849,105014,496106,-85,107,8239,-16,-2,-21,642
1780493824.213306,105017,496112,0x0FFF,0.450940,0.307959,-0.923877,0.307959,0.615918,-0.890881,0.274963,0.362952,-0.879883,0.230969,-0.670911,1.121851,0.120984,-0.329956,1.154846,0.098987,-0.274963,1.363818,0.219971,0.274963,-0.945874,0.131982,0.483936,-0.780896,0.153979,0.362952,-0.967871,0.252966,-0.439941,0.956873,0.186975,-0.406946,1.143848,0.131982,-0.131982,1.187842,105014,496106,-85,107,8239,-16,-2,-21,642
1780493824.214529,105019,496114,0x0FFF,0.417944,0.340955,-0.978870,0.252966,0.505933,-0.923877,0.098987,0.329956,-0.879883,0.241968,-0.571924,1.231836,0.065991,-0.494934,1.209839,0.010999,-0.263965,1.286829,0.065991,0.252966,-0.912878,0.120984,0.461938,-0.791895,0.186975,0.450940,-0.934875,0.186975,-0.516931,0.978870,0.153979,-0.329956,1.121851,0.197974,-0.186975,1.308826,105018,496112,-101,110,8242,-17,-2,-20,633
1780493824.216799,105020,496116,0x0FFF,0.362952,0.274963,-0.978870,0.296960,0.604919,-0.846887,0.296960,0.362952,-0.945874,0.208972,-0.670911,1.253833,0.087988,-0.329956,1.242834,-0.076990,-0.274963,1.253833,0.296960,0.318958,-0.835889,0.153979,0.450940,-0.890881,0.087988,0.472937,-0.923877,0.307959,-0.406946,1.000867,0.142981,-0.406946,1.132849,0.054993,-0.318958,1.088855,105018,496112,-101,110,8242,-17,-2,-20,633
1780493824.219013,105022,496118,0x0FFF,0.428943,0.340955,-0.967871,0.329956,0.538928,-1.000867,0.263965,0.351953,-0.758899,0.296960,-0.604919,1.220837,0.087988,-0.351953,1.242834,-0.065991,-0.263965,1.220837,0.296960,0.318958,-1.044861,0.285962,0.395947,-0.923877,0.076990,0.406946,-0.890881,0.252966,-0.373950,0.967871,0.043994,-0.362952,1.143848,0.153979,-0.076990,1.143848,105021,496116,-100,111,8240,-17,-3,-21,625
1780493824.221135,105023,496120,0x0FFF,0.362952,0.373950,-0.923877,0.307959,0.439941,-0.989868,0.142981,0.362952,-0.967871,0.263965,-0.615918,1.077856,0.054993,-0.384949,1.231836,0.032996,-0.296960,1.297827,0.153979,0.362952,-0.945874,0.274963,0.439941,-0.824890,0.131982,0.461938,-0.967871,0.263965,-0.340955,0.912878,0.142981,-0.296960,1.176843,0.252966,-0.186975,1.187842,105021,496116,-100,111,8240,-17,-3,-21,625
1780493824.222265,105024,496122,0x0FFF,0.384949,0.373950,-0.967871,0.241968,0.516931,-0.857886,0.329956,0.285962,-0.835889,0.263965,-0.615918,1.121851,0.010999,-0.373950,1.187842,0.000000,-0.241968,1.275830,0.219971,0.373950,-1.022864,0.252966,0.318958,-0.824890,0.175977,0.472937,-0.945874,0.241968,-0.439941,0.967871,0.120984,-0.318958,1.066858,0.186975,-0.219971,1.165845,105021,496116,-100,111,8240,-17,-3,-21,625
1780493824.224596,105026,496124,0x0FFF,0.483936,0.318958,-0.989868,0.384949,0.505933,-0.868884,0.340955,0.252966,-0.824890,0.175977,-0.637915,1.220837,0.000000,-0.318958,1.209839,-0.021997,-0.318958,1.154846,0.252966,0.307959,-0.978870,0.175977,0.406946,-0.824890,0.065991,0.439941,-0.879883,0.164978,-0.406946,1.022864,0.021997,-0.274963,1.220837,0.241968,-0.186975,1.077856,105025,496122,-106,108,8239,-17,-7,-19,624
1780493824.226820,105027,496126,0x0FFF,0.428943,0.351953,-0.989868,0.285962,0.483936,-0.967871,0.263965,0.318958,-0.857886,0.219971,-0.659912,1.242834,0.065991,-0.340955,1.209839,0.043994,-0.285962,1.341821,0.230969,0.263965,-0.956873,0.241968,0.362952,-0.824890,0.043994,0.340955,-0.945874,0.241968,-0.494934,0.956873,0.109985,-0.274963,1.187842,0.164978,-0.164978,1.165845,105025,496122,-106,108,8239,-17,-7,-19,624
1780493824.229009,105029,496128,0x0FFF,0.450940,0.263965,-0.978870,0.230969,0.461938,-0.868884,0.274963,0.285962,-0.956873,0.285962,-0.659912,1.154846,0.120984,-0.274963,1.165845,-0.032996,-0.274963,1.231836,0.109985,0.329956,-1.066858,0.219971,0.450940,-0.714905,0.098987,0.450940,-0.923877,0.252966,-0.494934,1.066858,0.131982,-0.329956,1.264832,0.175977,-0.296960,1.187842,105028,496127,-98,119,8250,-15,-2,-23,635
1780493824.231356,105030,496130,0x0FFF,0.384949,0.373950,-0.956873,0.395947,0.483936,-0.967871,0.208972,0.351953,-0.912878,0.252966,-0.648914,1.231836,0.087988,-0.252966,1.253833,-0.010999,-0.219971,1.242834,0.142981,0.417944,-0.989868,0.208972,0.472937,-0.835889,0.186975,0.296960,-0.978870,0.252966,-0.450940,0.967871,0.098987,-0.296960,1.154846,0.142981,-0.175977,1.066858,105028,496127,-98,119,8250,-15,-2,-23,635
1780493824.233653,105031,496133,0x0FFF,0.483936,0.351953,-1.000867,0.329956,0.417944,-0.857886,0.175977,0.208972,-0.945874,0.362952,-0.648914,1.187842,0.087988,-0.307959,1.297827,-0.043994,-0.208972,1.341821,0.252966,0.318958,-1.077856,0.197974,0.351953,-0.813892,0.175977,0.483936,-0.901880,0.219971,-0.483936,0.923877,0.054993,-0.340955,1.110852,0.208972,-0.230969,1.264832,105028,496127,-98,119,8250,-15,-2,-23,635
1780493824.234758,105033,496135,0x0FFF,0.428943,0.406946,-1.022864,0.318958,0.538928,-0.912878,0.329956,0.296960,-0.934875,0.296960,-0.670911,1.088855,0.109985,-0.208972,1.341821,0.032996,-0.296960,1.253833,0.197974,0.329956,-1.132849,0.153979,0.406946,-0.736902,0.142981,0.483936,-0.956873,0.186975,-0.461938,1.011865,0.109985,-0.395947,1.198840,0.109985,-0.197974,1.187842,105032,496133,-101,110,8244,-15,2,-18,639
1780493824.236889,105034,496137,0x0FFF,0.472937,0.307959,-0.978870,0.307959,0.505933,-0.923877,0.274963,0.340955,-0.758899,0.164978,-0.637915,1.187842,0.087988,-0.373950,1.242834,-0.010999,-0.285962,1.319824,0.175977,0.252966,-0.934875,0.175977,0.395947,-0.813892,0.098987,0.450940,-0.912878,0.197974,-0.384949,0.967871,0.142981,-0.340955,1.033862,0.208972,-0.307959,1.132849,105032,496133,-101,110,8244,-15,2,-18,639
1780493824.239188,105036,496139,0x0FFF,0.472937,0.318958,-1.033862,0.285962,0.395947,-0.824890,0.219971,0.296960,-0.989868,0.186975,-0.659912,1.220837,0.076990,-0.395947,1.242834,0.065991,-0.164978,1.385815,0.208972,0.263965,-0.967871,0.230969,0.362952,-0.725903,0.153979,0.560925,-1.022864,0.208972,-0.406946,1.066858,0.109985,-0.362952,1.143848,0.120984,-0.219971,1.099854,105035,496137,-89,108,8236,-17,-2,-21,633
1780493824.241358,105037,496141,0x0FFF,0.571924,0.351953,-0.956873,0.274963,0.461938,-0.879883,0.274963,0.241968,-0.846887,0.175977,-0.681909,1.198840,0.043994,-0.329956,1.253833,-0.054993,-0.263965,1.253833,0.197974,0.252966,-1.044861,0.186975,0.362952,-0.725903,0.219971,0.384949,-0.890881,0.186975,-0.450940,0.967871,0.208972,-0.362952,1.165845,0.175977,-0.186975,1.253833,105035,496137,-89,108,8236,-17,-2,-21,633
1780493824.243634,105039,496143,0x0FFF,0.450940,0.362952,-0.901880,0.241968,0.593921,-0.956873,0.208972,0.362952,-0.901880,0.329956,-0.538928,1.242834,-0.054993,-0.428943,1.132849,0.043994,-0.263965,1.374817,0.208972,0.351953,-1.000867,0.098987,0.384949,-0.692908,0.164978,0.417944,-0.945874,0.208972,-0.406946,1.055859,0.076990,-0.318958,1.143848,0.175977,-0.307959,1.176843,105038,496141,-107,100,8237,-15,-2,-21,645
1780493824.245774,105040,496145,0x0FFF,0.329956,0.285962,-1.011865,0.340955,0.560925,-0.857886,0.175977,0.395947,-0.879883,0.186975,-0.593921,1.220837,0.032996,-0.263965,1.286829,0.010999,-0.307959,1.242834,0.153979,0.340955,-0.868884,0.109985,0.406946,-0.725903,0.076990,0.483936,-0.956873,0.120984,-0.417944,1.000867,0.131982,-0.307959,1.187842,0.131982,-0.087988,1.286829,105038,496141,-107,100,8237,-15,-2,-21,645
1780493824.248546,105041,496147,0x0FFF,0.472937,0.296960,-0.989868,0.241968,0.549927,-0.989868,0.263965,0.340955,-0.879883,0.219971,-0.615918,1.198840,0.098987,-0.274963,1.209839,-0.010999,-0.208972,1.330823,0.197974,0.362952,-0.978870,0.219971,0.373950,-0.802893,0.175977,0.494934,-0.901880,0.219971,-0.450940,1.022864,0.109985,-0.384949,1.099854,0.307959,-0.164978,1.154846,105038,496141,-107,100,8237,-15,-2,-21,645
1780493824.249511,105043,496149,0x0FFF,0.516931,0.296960,-0.945874,0.274963,0.483936,-0.857886,0.208972,0.351953,-0.901880,0.241968,-0.648914,1.253833,0.098987,-0.417944,1.220837,0.021997,-0.175977,1.308826,0.175977,0.329956,-1.033862,0.054993,0.340955,-0.758899,0.065991,0.461938,-0.813892,0.241968,-0.439941,0.989868,0.142981,-0.351953,1.154846,0.175977,-0.164978,1.275830,105042,496147,-97,116,8237,-15,-4,-18,645
1780493824.251414,105044,496151,0x0FFF,0.505933,0.362952,-0.956873,0.307959,0.560925,-0.956873,0.274963,0.285962,-0.923877,0.296960,-0.670911,1.264832,0.032996,-0.351953,1.253833,0.131982,-0.274963,1.275830,0.153979,0.373950,-0.989868,0.186975,0.406946,-0.923877,0.087988,0.538928,-0.835889,0.230969,-0.417944,0.956873,0.120984,-0.285962,1.187842,0.175977,-0.274963,1.264832,105042,496147,-97,116,8237,-15,-4,-18,645
1780493824.253258,105046,496153,0x0FFF,0.549927,0.329956,-1.066858,0.274963,0.417944,-1.011865,0.120984,0.318958,-0.868884,0.274963,-0.516931,1.132849,0.054993,-0.329956,1.297827,0.054993,-0.263965,1.264832,0.197974,0.274963,-0.978870,0.120984,0.439941,-0.758899,0.142981,0.417944,-0.989868,0.230969,-0.494934,1.033862,0.054993,-0.351953,1.132849,0.120984,-0.153979,1.264832,105045,496152,-94,116,8233,-16,-5,-23,636
1780493824.256224,105047,496155,0x0FFF,0.494934,0.351953,-1.011865,0.263965,0.439941,-1.000867,0.230969,0.252966,-0.967871,0.340955,-0.681909,1.286829,0.109985,-0.285962,1.220837,0.010999,-0.219971,1.275830,0.164978,0.384949,-0.934875,0.263965,0.351953,-0.857886,0.098987,0.384949,-0.956873,0.197974,-0.505933,1.033862,0.142981,-0.351953,1.044861,0.263965,-0.230969,1.220837,105045,496152,-94,116,8233,-16,-5,-23,636
1780493824.258228,105048,496158,0x0FFF,0.417944,0.296960,-0.901880,0.318958,0.450940,-0.945874,0.296960,0.340955,-0.879883,0.274963,-0.659912,1.231836,0.109985,-0.450940,1.110852,0.142981,-0.296960,1.319824,0.219971,0.384949,-1.121851,0.318958,0.340955,-0.857886,0.131982,0.428943,-0.956873,0.153979,-0.428943,0.945874,0.131982,-0.274963,1.165845,0.153979,-0.241968,1.187842,105045,496152,-94,116,8233,-16,-5,-23,636
1780493824.260279,105050,496160,0x0FFF,0.472937,0.384949,-1.011865,0.307959,0.494934,-0.879883,0.351953,0.318958,-0.901880,0.307959,-0.637915,1.220837,0.087988,-0.296960,1.308826,0.054993,-0.263965,1.132849,0.197974,0.384949,-0.923877,0.164978,0.395947,-0.879883,0.087988,0.373950,-0.978870,0.208972,-0.406946,1.044861,0.120984,-0.351953,1.220837,0.186975,-0.274963,1.264832,105049,496158,-87,121,8240,-17,-4,-24,631
1780493824.262341,105051,496162,0x0FFF,0.516931,0.351953,-0.934875,0.285962,0.494934,-0.945874,0.296960,0.340955,-0.989868,0.241968,-0.516931,1.220837,0.065991,-0.329956,1.231836,-0.054993,-0.307959,1.341821,0.208972,0.296960,-1.110852,0.120984,0.395947,-0.857886,0.153979,0.428943,-0.901880,0.142981,-0.318958,0.923877,0.186975,-0.307959,1.187842,0.197974,-0.208972,1.176843,105049,496158,-87,121,8240,-17,-4,-24,631
1780493824.264328,105053,496164,0x0FFF,0.428943,0.340955,-0.912878,0.285962,0.417944,-0.857886,0.318958,0.395947,-0.967871,0.230969,-0.560925,1.286829,0.032996,-0.373950,1.198840,-0.054993,-0.208972,1.341821,0.142981,0.307959,-0.956873,0.164978,0.340955,-0.835889,0.164978,0.219971,-0.890881,0.197974,-0.450940,1.088855,0.098987,-0.296960,1.176843,0.208972,-0.219971,1.176843,105052,496162,-101,127,8239,-17,-1,-21,645
1780493824.266335,105054,496166,0x0FFF,0.494934,0.362952,-1.044861,0.274963,0.450940,-0.890881,0.274963,0.296960,-0.901880,0.285962,-0.593921,1.099854,0.186975,-0.241968,1.253833,0.032996,-0.241968,1.363818,0.208972,0.340955,-0.945874,0.252966,0.384949,-0.912878,0.076990,0.450940,-0.967871,0.252966,-0.461938,1.044861,0.098987,-0.406946,1.110852,0.208972,-0.230969,1.220837,105052,496162,-101,127,8239,-17,-1,-21,645
1780493824.268329,105056,496168,0x0FFF,0.461938,0.296960,-0.978870,0.252966,0.549927,-0.978870,0.142981,0.384949,-0.923877,0.164978,-0.527930,1.220837,0.098987,-0.230969,1.297827,-0.010999,-0.263965,1.341821,0.219971,0.417944,-0.978870,0.175977,0.417944,-0.747900,0.219971,0.373950,-0.934875,0.274963,-0.450940,0.835889,0.131982,-0.329956,1.088855,0.197974,-0.230969,1.209839,105055,496166,-84,117,8230,-15,-1,-19,640
1780493824.270265,105057,496170,0x0FFF,0.395947,0.373950,-0.967871,0.351953,0.428943,-0.978870,0.230969,0.362952,-0.890881,0.153979,-0.670911,1.319824,0.131982,-0.351953,1.275830,-0.065991,-0.241968,1.286829,0.208972,0.318958,-1.044861,0.197974,0.417944,-0.758899,0.076990,0.461938,-0.846887,0.230969,-0.450940,0.967871,0.087988,-0.296960,1.187842,0.098987,-0.197974,1.121851,105055,496166,-84,117,8230,-15,-1,-19,640
1780493824.272297,105058,496172,0x0FFF,0.461938,0.417944,-0.989868,0.285962,0.505933,-0.868884,0.252966,0.439941,-0.890881,0.285962,-0.758899,1.264832,0.076990,-0.384949,1.231836,0.054993,-0.252966,1.297827,0.153979,0.362952,-1.077856,0.351953,0.373950,-0.879883,0.109985,0.296960,-0.879883,0.186975,-0.428943,1.055859,0.142981,-0.362952,1.198840,0.120984,-0.197974,1.220837,105055,496166,-84,117,8230,-15,-1,-19,640
1780493824.274291,105060,496174,0x0FFF,0.428943,0.428943,-0.934875,0.241968,0.494934,-0.945874,0.208972,0.428943,-0.824890,0.241968,-0.593921,1.165845,0.131982,-0.351953,1.297827,0.021997,-0.263965,1.330823,0.252966,0.395947,-0.879883,0.263965,0.318958,-0.923877,0.131982,0.406946,-0.978870,0.230969,-0.384949,0.912878,0.120984,-0.351953,1.165845,0.120984,-0.197974,1.187842,105059,496172,-97,126,8230,-16,-2,-22,642
1780493824.276288,105061,496176,0x0FFF,0.494934,0.362952,-0.956873,0.439941,0.560925,-0.857886,0.274963,0.252966,-0.879883,0.318958,-0.681909,1.077856,0.186975,-0.384949,1.275830,0.087988,-0.230969,1.297827,0.219971,0.329956,-0.989868,0.175977,0.274963,-0.846887,0.153979,0.373950,-0.978870,0.153979,-0.373950,0.967871,0.153979,-0.395947,1.088855,0.142981,-0.230969,1.198840,105059,496172,-97,126,8230,-16,-2,-22,642
1780493824.278426,105063,496178,0x0FFF,0.560925,0.285962,-0.967871,0.373950,0.461938,-0.923877,0.186975,0.285962,-0.978870,0.318958,-0.725903,1.253833,0.098987,-0.428943,1.187842,0.043994,-0.252966,1.297827,0.197974,0.274963,-1.044861,0.241968,0.461938,-0.758899,0.252966,0.494934,-0.956873,0.219971,-0.395947,0.967871,0.043994,-0.318958,1.187842,0.098987,-0.142981,1.198840,105062,496177,-91,119,8242,-16,-3,-17,627
1780493824.280411,105064,496180,0x0FFF,0.516931,0.307959,-0.967871,0.252966,0.439941,-0.978870,0.274963,0.318958,-0.967871,0.197974,-0.637915,1.319824,0.109985,-0.329956,1.187842,0.065991,-0.241968,1.220837,0.131982,0.340955,-0.945874,0.164978,0.428943,-0.879883,0.010999,0.461938,-0.879883,0.186975,-0.450940,1.033862,0.131982,-0.329956,1.132849,0.120984,-0.186975,1.220837,105062,496177,-91,119,8242,-16,-3,-17,627
1780493824.283597,105065,496183,0x0FFF,0.406946,0.307959,-0.912878,0.263965,0.527930,-0.868884,0.252966,0.351953,-1.000867,0.142981,-0.571924,1.242834,0.142981,-0.362952,1.264832,0.010999,-0.285962,1.275830,0.263965,0.296960,-0.923877,0.186975,0.395947,-0.736902,0.197974,0.406946,-0.824890,0.208972,-0.472937,0.978870,0.175977,-0.362952,1.066858,0.186975,-0.197974,1.198840,105062,496177,-91,119,8242,-16,-3,-17,627
1780493824.284573,105067,496185,0x0FFF,0.439941,0.406946,-1.011865,0.274963,0.516931,-0.934875,0.274963,0.362952,-0.923877,0.263965,-0.593921,1.220837,0.065991,-0.340955,1.187842,0.109985,-0.274963,1.220837,0.296960,0.318958,-0.956873,0.087988,0.373950,-0.747900,0.153979,0.505933,-0.989868,0.142981,-0.373950,1.000867,0.164978,-0.318958,1.165845,0.076990,-0.109985,1.231836,105066,496183,-92,110,8238,-17,-2,-21,647
1780493824.288214,105068,496187,0x0FFF,0.494934,0.307959,-1.055859,0.384949,0.362952,-0.890881,0.219971,0.285962,-0.868884,0.263965,-0.527930,1.231836,0.000000,-0.263965,1.242834,0.065991,-0.230969,1.209839,0.230969,0.340955,-0.923877,0.175977,0.340955,-0.923877,0.054993,0.450940,-0.835889,0.197974,-0.362952,1.033862,0.065991,-0.329956,1.132849,0.131982,-0.274963,1.187842,105066,496183,-92,110,8238,-17,-2,-21,647
1780493824.289154,105070,496189,0x0FFF,0.428943,0.285962,-0.912878,0.296960,0.538928,-0.901880,0.340955,0.307959,-0.978870,0.197974,-0.648914,1.352820,0.120984,-0.307959,1.209839,0.065991,-0.230969,1.264832,0.098987,0.406946,-0.868884,0.197974,0.318958,-0.879883,0.131982,0.384949,-0.945874,0.208972,-0.461938,0.956873,0.153979,-0.296960,1.044861,0.252966,-0.208972,1.209839,105069,496187,-103,119,8253,-18,0,-23,641
1780493824.291162,105071,496191,0x0FFF,0.329956,0.362952,-1.055859,0.307959,0.472937,-0.923877,0.296960,0.362952,-0.813892,0.307959,-0.593921,1.253833,0.131982,-0.340955,1.088855,0.142981,-0.274963,1.187842,0.186975,0.395947,-0.989868,0.197974,0.417944,-0.758899,0.032996,0.461938,-0.901880,0.164978,-0.505933,0.956873,0.065991,-0.263965,1.198840,0.230969,-0.142981,1.220837,105069,496187,-103,119,8253,-18,0,-23,641
1780493824.293117,105073,496193,0x0FFF,0.406946,0.307959,-1.044861,0.296960,0.461938,-0.901880,0.263965,0.373950,-0.868884,0.307959,-0.593921,1.275830,0.109985,-0.373950,1.308826,0.131982,-0.208972,1.286829,0.208972,0.252966,-0.967871,0.307959,0.373950,-0.736902,0.197974,0.406946,-0.945874,0.208972,-0.472937,0.923877,0.131982,-0.362952,1.110852,0.076990,-0.329956,1.308826,105072,496191,-92,117,8236,-15,-1,-23,638
1780493824.295014,105074,496195,0x0FFF,0.450940,0.296960,-0.868884,0.362952,0.483936,-0.923877,0.296960,0.395947,-0.923877,0.296960,-0.615918,1.110852,0.153979,-0.395947,1.319824,0.021997,-0.230969,1.264832,0.230969,0.340955,-0.923877,0.153979,0.373950,-0.846887,0.208972,0.417944,-0.934875,0.329956,-0.395947,0.802893,0.120984,-0.285962,1.066858,0.142981,-0.208972,1.231836,105072,496191,-92,117,8236,-15,-1,-23,638
1780493824.298146,105075,496197,0x0FFF,0.516931,0.351953,-0.912878,0.307959,0.472937,-0.791895,0.230969,0.439941,-0.956873,0.263965,-0.615918,1.286829,0.142981,-0.307959,1.165845,-0.043994,-0.263965,1.308826,0.197974,0.362952,-1.033862,0.087988,0.329956,-0.747900,0.175977,0.296960,-0.978870,0.274963,-0.406946,0.934875,0.076990,-0.384949,1.220837,0.164978,-0.164978,1.198840,105072,496191,-92,117,8236,-15,-1,-23,638
1780493824.300149,105077,496199,0x0FFF,0.384949,0.406946,-1.000867,0.340955,0.461938,-0.912878,0.219971,0.373950,-0.967871,0.296960,-0.714905,1.143848,0.087988,-0.384949,1.308826,0.010999,-0.274963,1.286829,0.164978,0.252966,-0.934875,0.219971,0.362952,-0.714905,0.131982,0.516931,-0.879883,0.153979,-0.494934,0.956873,0.120984,-0.285962,1.198840,0.186975,-0.274963,1.187842,105076,496197,-94,124,8225,-16,-2,-23,643
1780493824.302222,105078,496201,0x0FFF,0.417944,0.296960,-1.000867,0.285962,0.384949,-0.912878,0.252966,0.395947,-0.956873,0.285962,-0.571924,1.143848,0.142981,-0.362952,1.231836,0.087988,-0.230969,1.220837,0.153979,0.307959,-0.978870,0.318958,0.450940,-0.824890,0.087988,0.439941,-0.901880,0.241968,-0.351953,0.978870,0.186975,-0.307959,1.055859,0.131982,-0.208972,1.176843,105076,496197,-94,124,8225,-16,-2,-23,643
1780493824.304205,105080,496203,0x0FFF,0.417944,0.340955,-0.989868,0.241968,0.472937,-1.066858,0.208972,0.395947,-0.901880,0.175977,-0.604919,1.187842,0.131982,-0.395947,1.286829,-0.076990,-0.208972,1.308826,0.153979,0.285962,-0.879883,0.197974,0.351953,-0.945874,0.142981,0.450940,-0.890881,0.175977,-0.472937,0.989868,0.131982,-0.395947,1.143848,0.197974,-0.197974,1.154846,105079,496202,-91,125,8242,-16,-3,-21,639
1780493824.306124,105081,496205,0x0FFF,0.538928,0.384949,-1.000867,0.329956,0.483936,-0.967871,0.175977,0.296960,-0.956873,0.307959,-0.571924,1.187842,0.054993,-0.318958,1.275830,-0.021997,-0.219971,1.396814,0.274963,0.373950,-0.923877,0.219971,0.428943,-0.725903,0.186975,0.450940,-1.022864,0.307959,-0.417944,1.055859,0.054993,-0.263965,1.077856,0.131982,-0.175977,1.253833,105079,496202,-91,125,8242,-16,-3,-21,639
1780493824.308146,105082,496208,0x0FFF,0.417944,0.340955,-0.967871,0.329956,0.593921,-0.956873,0.307959,0.538928,-0.813892,0.329956,-0.648914,1.231836,-0.021997,-0.351953,1.242834,0.010999,-0.208972,1.187842,0.219971,0.340955,-0.956873,0.164978,0.329956,-0.912878,0.142981,0.329956,-0.945874,0.230969,-0.395947,1.022864,0.131982,-0.307959,1.176843,0.142981,-0.219971,1.198840,105079,496202,-91,125,8242,-16,-3,-21,639
1780493824.310127,105084,496210,0x0FFF,0.428943,0.351953,-0.934875,0.285962,0.417944,-0.912878,0.285962,0.483936,-0.846887,0.307959,-0.648914,1.209839,0.131982,-0.340955,1.231836,0.109985,-0.230969,1.176843,0.175977,0.285962,-0.945874,0.197974,0.395947,-0.846887,0.153979,0.472937,-0.989868,0.219971,-0.472937,1.022864,0.131982,-0.274963,1.154846,0.142981,-0.153979,1.242834,105083,496208,-95,120,8241,-15,-2,-20,640
1780493824.312188,105085,496212,0x0FFF,0.318958,0.296960,-0.901880,0.296960,0.384949,-0.901880,0.153979,0.340955,-0.923877,0.329956,-0.582922,1.220837,0.142981,-0.373950,1.220837,-0.098987,-0.362952,1.297827,0.186975,0.340955,-1.022864,0.175977,0.428943,-0.879883,0.186975,0.417944,-0.967871,0.186975,-0.571924,1.011865,0.065991,-0.450940,1.253833,0.175977,-0.109985,1.209839,105083,496208,-95,120,8241,-15,-2,-20,640
1780493824.314178,105087,496214,0x0FFF,0.439941,0.340955,-0.989868,0.296960,0.373950,-0.956873,0.318958,0.351953,-0.813892,0.186975,-0.571924,1.231836,0.197974,-0.417944,1.231836,-0.010999,-0.208972,1.275830,0.230969,0.384949,-1.000867,0.164978,0.362952,-0.934875,0.142981,0.307959,-0.857886,0.197974,-0.439941,1.033862,0.043994,-0.439941,1.264832,0.241968,-0.142981,1.198840,105086,496212,-99,118,8244,-14,-4,-22,637
1780493824.316175,105088,496216,0x0FFF,0.560925,0.417944,-1.055859,0.296960,0.494934,-0.890881,0.329956,0.362952,-0.868884,0.252966,-0.637915,1.209839,0.109985,-0.307959,1.374817,-0.054993,-0.263965,1.275830,0.230969,0.318958,-0.956873,0.219971,0.395947,-0.813892,0.164978,0.439941,-0.967871,0.219971,-0.296960,0.978870,0.197974,-0.252966,1.231836,0.241968,-0.131982,1.143848,105086,496212,-99,118,8244,-14,-4,-22,637
1780493824.318176,105090,496218,0x0FFF,0.505933,0.417944,-0.923877,0.351953,0.428943,-1.033862,0.318958,0.362952,-0.901880,0.274963,-0.670911,1.319824,0.054993,-0.296960,1.264832,0.000000,-0.241968,1.286829,0.208972,0.263965,-0.945874,0.219971,0.307959,-0.725903,0.076990,0.395947,-0.890881,0.263965,-0.505933,0.967871,0.208972,-0.307959,1.143848,0.120984,-0.230969,1.132849,105089,496216,-88,124,8244,-18,-4,-23,634
1780493824.320093,105091,496220,0x0FFF,0.373950,0.329956,-1.077856,0.219971,0.494934,-0.868884,0.263965,0.362952,-0.912878,0.362952,-0.648914,1.286829,0.142981,-0.494934,1.220837,0.098987,-0.252966,1.308826,0.087988,0.329956,-0.934875,0.087988,0.340955,-0.780896,0.153979,0.395947,-0.945874,0.340955,-0.560925,0.956873,0.043994,-0.219971,1.165845,0.197974,-0.208972,1.110852,105089,496216,-88,124,8244,-18,-4,-23,634
1780493824.323276,105092,496222,0x0FFF,0.373950,0.384949,-0.934875,0.362952,0.472937,-0.967871,0.197974,0.373950,-0.857886,0.307959,-0.648914,1.209839,0.153979,-0.252966,1.275830,0.010999,-0.153979,1.231836,0.351953,0.230969,-0.912878,0.241968,0.329956,-0.747900,0.153979,0.351953,-0.945874,0.208972,-0.439941,1.011865,0.120984,-0.329956,1.154846,0.142981,-0.219971,1.187842,105089,496216,-88,124,8244,-18,-4,-23,634
1780493824.324220,105094,496224,0x0FFF,0.428943,0.428943,-1.000867,0.197974,0.395947,-0.890881,0.329956,0.318958,-0.989868,0.285962,-0.527930,1.231836,0.142981,-0.384949,1.330823,-0.032996,-0.318958,1.220837,0.109985,0.307959,-0.890881,0.186975,0.263965,-0.835889,0.164978,0.384949,-1.000867,0.274963,-0.560925,0.901880,0.219971,-0.384949,1.154846,0.263965,-0.263965,1.165845,105093,496222,-88,117,8235,-17,-6,-21,635
1780493824.327354,105095,496226,0x0FFF,0.384949,0.351953,-0.956873,0.296960,0.527930,-1.000867,0.230969,0.252966,-0.857886,0.263965,-0.571924,1.231836,0.120984,-0.395947,1.275830,0.000000,-0.296960,1.253833,0.164978,0.439941,-0.912878,0.219971,0.384949,-0.835889,0.120984,0.417944,-0.890881,0.252966,-0.516931,0.934875,0.054993,-0.263965,1.220837,0.142981,-0.142981,1.132849,105093,496222,-88,117,8235,-17,-6,-21,635
1780493824.328338,105097,496228,0x0FFF,0.417944,0.318958,-0.846887,0.351953,0.450940,-0.879883,0.230969,0.307959,-0.857886,0.153979,-0.604919,1.297827,0.043994,-0.329956,1.220837,0.054993,-0.329956,1.231836,0.285962,0.428943,-1.000867,0.230969,0.362952,-0.813892,0.131982,0.483936,-1.011865,0.186975,-0.571924,1.033862,0.131982,-0.318958,1.209839,0.054993,-0.285962,1.154846,105096,496227,-100,120,8232,-17,-4,-19,636
1780493824.331417,105098,496230,0x0FFF,0.307959,0.373950,-1.011865,0.197974,0.450940,-0.934875,0.164978,0.362952,-0.879883,0.230969,-0.505933,1.176843,0.043994,-0.285962,1.220837,-0.065991,-0.230969,1.264832,0.208972,0.362952,-0.978870,0.241968,0.461938,-0.824890,0.131982,0.395947,-0.890881,0.186975,-0.450940,0.901880,0.109985,-0.285962,1.154846,0.186975,-0.241968,1.297827,105096,496227,-100,120,8232,-17,-4,-19,636
1780493824.333508,105099,496233,0x0FFF,0.538928,0.318958,-0.978870,0.296960,0.516931,-0.912878,0.153979,0.340955,-0.934875,0.296960,-0.648914,1.264832,0.076990,-0.428943,1.286829,0.098987,-0.285962,1.297827,0.285962,0.274963,-0.923877,0.230969,0.384949,-0.835889,0.098987,0.516931,-0.956873,0.120984,-0.450940,0.934875,0.241968,-0.351953,1.220837,0.274963,-0.131982,1.088855,105096,496227,-100,120,8232,-17,-4,-19,636
1780493824.335553,105101,496235,0x0FFF,0.527930,0.406946,-0.945874,0.384949,0.516931,-0.780896,0.296960,0.285962,-0.835889,0.373950,-0.593921,1.231836,0.087988,-0.340955,1.286829,0.032996,-0.241968,1.231836,0.241968,0.318958,-1.088855,0.120984,0.505933,-0.780896,0.098987,0.395947,-1.000867,0.087988,-0.494934,0.923877,-0.010999,-0.263965,1.264832,0.164978,-0.164978,1.231836,105100,496233,-98,115,8228,-18,-1,-19,631
1780493824.337690,105102,496237,0x0FFF,0.494934,0.296960,-0.912878,0.230969,0.549927,-0.890881,0.263965,0.406946,-0.879883,0.252966,-0.670911,1.209839,0.032996,-0.329956,1.286829,0.054993,-0.285962,1.209839,0.219971,0.406946,-1.033862,0.285962,0.351953,-0.824890,0.142981,0.483936,-0.967871,0.131982,-0.461938,1.044861,0.175977,-0.296960,1.176843,0.076990,-0.131982,1.220837,105100,496233,-98,115,8228,-18,-1,-19,631
1780493824.339722,105104,496239,0x0FFF,0.351953,0.197974,-1.055859,0.351953,0.538928,-0.846887,0.296960,0.208972,-0.835889,0.263965,-0.648914,1.165845,0.087988,-0.296960,1.187842,0.032996,-0.230969,1.308826,0.296960,0.318958,-0.967871,0.175977,0.472937,-0.846887,0.142981,0.450940,-0.934875,0.186975,-0.505933,1.033862,0.054993,-0.263965,1.077856,0.109985,-0.175977,1.231836,105103,496237,-93,111,8238,-17,1,-21,644
1780493824.341872,105105,496241,0x0FFF,0.439941,0.307959,-1.000867,0.274963,0.483936,-0.912878,0.340955,0.362952,-0.967871,0.219971,-0.538928,1.209839,0.120984,-0.439941,1.198840,0.000000,-0.252966,1.264832,0.164978,0.406946,-0.912878,0.186975,0.384949,-0.868884,0.153979,0.439941,-1.033862,0.230969,-0.450940,0.923877,0.142981,-0.340955,1.099854,0.252966,-0.241968,1.165845,105103,496237,-93,111,8238,-17,1,-21,644
1780493824.343958,105107,496243,0x0FFF,0.373950,0.373950,-0.890881,0.340955,0.439941,-1.000867,0.208972,0.285962,-0.857886,0.296960,-0.593921,1.165845,0.175977,-0.373950,1.231836,0.043994,-0.263965,1.352820,0.164978,0.406946,-0.868884,0.208972,0.527930,-0.934875,0.032996,0.417944,-0.978870,0.197974,-0.318958,1.066858,0.054993,-0.362952,1.187842,0.087988,-0.186975,1.242834,105106,496241,-83,93,8232,-15,-2,-18,649
1780493824.345913,105108,496245,0x0FFF,0.439941,0.362952,-1.055859,0.219971,0.615918,-0.824890,0.164978,0.384949,-0.923877,0.307959,-0.692908,1.231836,0.087988,-0.241968,1.231836,0.000000,-0.230969,1.297827,0.219971,0.307959,-0.989868,0.252966,0.307959,-0.791895,0.120984,0.505933,-0.835889,0.153979,-0.406946,0.901880,0.032996,-0.274963,1.165845,0.219971,-0.109985,1.231836,105106,496241,-83,93,8232,-15,-2,-18,649
1780493824.347960,105109,496247,0x0FFF,0.472937,0.461938,-1.044861,0.252966,0.549927,-0.879883,0.164978,0.373950,-0.846887,0.329956,-0.703906,1.154846,0.065991,-0.296960,1.231836,-0.076990,-0.175977,1.231836,0.131982,0.351953,-0.923877,0.153979,0.527930,-0.846887,0.164978,0.417944,-1.033862,0.296960,-0.362952,0.901880,0.043994,-0.461938,1.165845,0.142981,-0.120984,1.176843,105106,496241,-83,93,8232,-15,-2,-18,649
1780493824.350006,105111,496249,0x0FFF,0.483936,0.329956,-0.879883,0.241968,0.417944,-1.011865,0.230969,0.340955,-0.934875,0.219971,-0.538928,1.121851,0.175977,-0.450940,1.231836,0.032996,-0.406946,1.231836,0.263965,0.285962,-0.945874,0.252966,0.516931,-0.890881,0.175977,0.428943,-0.846887,0.252966,-0.318958,1.088855,0.164978,-0.417944,1.176843,0.109985,-0.197974,1.176843,105110,496247,-95,109,8248,-18,-1,-20,642
1780493824.352059,105112,496251,0x0FFF,0.439941,0.450940,-1.000867,0.285962,0.483936,-0.912878,0.186975,0.241968,-0.967871,0.219971,-0.615918,1.297827,0.098987,-0.373950,1.308826,0.000000,-0.318958,1.319824,0.241968,0.318958,-1.033862,0.230969,0.428943,-0.912878,0.153979,0.406946,-0.923877,0.208972,-0.483936,1.022864,0.164978,-0.274963,1.220837,0.274963,-0.307959,1.209839,105110,496247,-95,109,8248,-18,-1,-20,642
1780493824.354779,105114,496253,0x0FFF,0.549927,0.296960,-0.989868,0.362952,0.494934,-0.901880,0.131982,0.296960,-0.945874,0.208972,-0.615918,1.154846,0.076990,-0.351953,1.198840,0.043994,-0.274963,1.352820,0.230969,0.329956,-1.033862,0.208972,0.395947,-0.725903,0.098987,0.439941,-0.989868,0.120984,-0.417944,0.923877,0.032996,-0.340955,1.044861,0.098987,-0.164978,1.286829,105113,496252,-102,110,8244,-16,-3,-21,640
1780493824.355641,105115,496255,0x0FFF,0.417944,0.384949,-1.066858,0.285962,0.527930,-0.945874,0.175977,0.252966,-0.890881,0.285962,-0.659912,1.253833,0.142981,-0.395947,1.231836,0.065991,-0.252966,1.297827,0.263965,0.340955,-1.000867,0.197974,0.417944,-0.901880,0.098987,0.417944,-0.934875,0.252966,-0.461938,0.923877,0.120984,-0.362952,1.176843,0.164978,-0.142981,1.297827,105113,496252,-102,110,8244,-16,-3,-21,640
1780493824.357514,105116,496258,0x0FFF,0.439941,0.351953,-0.978870,0.340955,0.461938,-1.077856,0.296960,0.362952,-0.901880,0.318958,-0.604919,1.231836,0.021997,-0.329956,1.286829,0.010999,-0.307959,1.242834,0.186975,0.307959,-0.934875,0.208972,0.351953,-0.659912,0.054993,0.560925,-0.923877,0.109985,-0.417944,0.978870,0.186975,-0.472937,1.143848,0.241968,-0.120984,1.187842,105113,496252,-102,110,8244,-16,-3,-21,640
1780493824.359552,105118,496260,0x0FFF,0.505933,0.362952,-0.967871,0.285962,0.472937,-0.802893,0.120984,0.406946,-0.923877,0.274963,-0.593921,1.264832,0.087988,-0.296960,1.187842,0.043994,-0.285962,1.231836,0.186975,0.285962,-1.066858,0.241968,0.428943,-0.857886,0.164978,0.406946,-0.978870,0.186975,-0.351953,0.989868,0.120984,-0.307959,1.176843,0.219971,-0.219971,1.187842,105117,496258,-101,110,8250,-17,-4,-19,627
1780493824.362672,105119,496262,0x0FFF,0.439941,0.351953,-1.022864,0.340955,0.516931,-0.945874,0.329956,0.483936,-0.890881,0.252966,-0.538928,1.242834,0.109985,-0.329956,1.209839,-0.054993,-0.230969,1.286829,0.164978,0.395947,-1.011865,0.186975,0.362952,-0.736902,0.197974,0.406946,-0.978870,0.241968,-0.340955,0.890881,0.186975,-0.274963,1.143848,0.197974,-0.175977,1.187842,105117,496258,-101,110,8250,-17,-4,-19,627
1780493824.364704,105121,496264,0x0FFF,0.329956,0.483936,-0.978870,0.241968,0.538928,-0.967871,0.219971,0.373950,-0.835889,0.307959,-0.604919,1.253833,0.131982,-0.329956,1.253833,0.087988,-0.230969,1.396814,0.175977,0.296960,-0.923877,0.263965,0.516931,-0.802893,0.175977,0.373950,-1.011865,0.230969,-0.483936,0.978870,0.098987,-0.307959,1.264832,0.153979,-0.164978,1.165845,105120,496262,-112,115,8242,-15,-5,-22,628
1780493824.366941,105122,496266,0x0FFF,0.450940,0.340955,-0.912878,0.329956,0.516931,-0.978870,0.274963,0.340955,-0.890881,0.285962,-0.604919,1.297827,0.054993,-0.252966,1.253833,0.021997,-0.263965,1.275830,0.241968,0.318958,-1.044861,0.065991,0.362952,-0.824890,0.098987,0.505933,-0.912878,0.186975,-0.417944,1.000867,0.000000,-0.373950,1.187842,0.285962,-0.230969,1.165845,105120,496262,-112,115,8242,-15,-5,-22,628
1780493824.369519,105123,496268,0x0FFF,0.439941,0.285962,-0.978870,0.318958,0.461938,-0.846887,0.318958,0.395947,-0.890881,0.230969,-0.549927,1.220837,0.021997,-0.373950,1.187842,0.032996,-0.230969,1.242834,0.076990,0.274963,-0.945874,0.087988,0.395947,-0.846887,0.109985,0.340955,-0.901880,0.175977,-0.362952,0.978870,0.131982,-0.274963,1.176843,0.153979,-0.208972,1.154846,105120,496262,-112,115,8242,-15,-5,-22,628
1780493824.370442,105125,496270,0x0FFF,0.494934,0.428943,-0.934875,0.175977,0.516931,-0.967871,0.252966,0.406946,-0.824890,0.285962,-0.637915,1.330823,0.175977,-0.362952,1.264832,0.054993,-0.263965,1.143848,0.186975,0.296960,-1.000867,0.241968,0.450940,-0.780896,0.153979,0.373950,-1.022864,0.263965,-0.450940,1.011865,0.142981,-0.351953,1.132849,0.153979,-0.131982,1.242834,105124,496268,-101,106,8236,-17,-3,-20,635
1780493824.372406,105126,496272,0x0FFF,0.472937,0.428943,-1.000867,0.208972,0.472937,-0.945874,0.230969,0.472937,-0.835889,0.252966,-0.659912,1.176843,0.131982,-0.373950,1.231836,0.076990,-0.164978,1.308826,0.186975,0.395947,-1.044861,0.208972,0.395947,-0.857886,0.043994,0.395947,-0.956873,0.142981,-0.439941,1.022864,0.109985,-0.395947,1.165845,0.153979,-0.131982,1.165845,105124,496268,-101,106,8236,-17,-3,-20,635
1780493824.374347,105128,496274,0x0FFF,0.560925,0.296960,-1.055859,0.329956,0.439941,-0.912878,0.186975,0.362952,-1.022864,0.263965,-0.692908,1.176843,0.164978,-0.340955,1.242834,-0.010999,-0.219971,1.308826,0.230969,0.318958,-0.989868,0.175977,0.318958,-0.791895,0.043994,0.428943,-0.945874,0.274963,-0.384949,0.989868,0.087988,-0.252966,1.143848,0.153979,-0.153979,1.187842,105127,496272,-111,121,8236,-19,-2,-19,625
1780493824.376299,105129,496276,0x0FFF,0.571924,0.252966,-0.956873,0.252966,0.516931,-0.791895,0.296960,0.362952,-0.857886,0.241968,-0.582922,1.264832,0.065991,-0.329956,1.231836,-0.010999,-0.274963,1.319824,0.186975,0.318958,-0.967871,0.208972,0.340955,-0.901880,0.175977,0.428943,-0.879883,0.285962,-0.450940,1.022864,0.186975,-0.307959,1.154846,0.153979,-0.186975,1.198840,105127,496272,-111,121,8236,-19,-2,-19,625
1780493824.378395,105131,496278,0x0FFF,0.483936,0.296960,-0.945874,0.175977,0.406946,-0.956873,0.285962,0.329956,-0.978870,0.219971,-0.626917,1.187842,0.142981,-0.351953,1.176843,-0.032996,-0.241968,1.242834,0.208972,0.307959,-1.000867,0.098987,0.318958,-0.813892,0.087988,0.450940,-0.912878,0.252966,-0.417944,1.088855,0.098987,-0.362952,1.055859,0.208972,-0.252966,1.143848,105130,496277,-106,107,8225,-16,-2,-18,643
1780493824.380404,105132,496280,0x0FFF,0.362952,0.373950,-0.934875,0.406946,0.472937,-0.934875,0.307959,0.373950,-0.978870,0.142981,-0.692908,1.209839,0.219971,-0.329956,1.220837,-0.032996,-0.230969,1.396814,0.208972,0.296960,-0.945874,0.252966,0.384949,-0.901880,0.153979,0.384949,-0.835889,0.208972,-0.329956,0.923877,0.065991,-0.395947,1.198840,0.164978,-0.164978,1.297827,105130,496277,-106,107,8225,-16,-2,-18,643
1780493824.383234,105133,496283,0x0FFF,0.406946,0.351953,-1.022864,0.329956,0.384949,-1.055859,0.208972,0.395947,-0.956873,0.164978,-0.615918,1.220837,0.087988,-0.373950,1.264832,0.010999,-0.395947,1.242834,0.142981,0.384949,-0.978870,0.131982,0.439941,-0.813892,0.175977,0.417944,-0.934875,0.186975,-0.395947,0.967871,0.120984,-0.285962,1.176843,0.186975,-0.219971,1.121851,105130,496277,-106,107,8225,-16,-2,-18,643
1780493824.384879,105135,496285,0x0FFF,0.450940,0.395947,-0.956873,0.252966,0.428943,-0.868884,0.175977,0.351953,-0.824890,0.186975,-0.659912,1.275830,0.043994,-0.351953,1.297827,0.054993,-0.197974,1.374817,0.252966,0.384949,-0.978870,0.164978,0.351953,-0.868884,0.120984,0.461938,-0.912878,0.186975,-0.461938,0.989868,0.098987,-0.318958,1.121851,0.230969,-0.219971,1.253833,105134,496283,-103,107,8239,-18,-3,-23,627
1780493824.386431,105136,496287,0x0FFF,0.428943,0.318958,-0.989868,0.307959,0.648914,-1.000867,0.274963,0.263965,-0.934875,0.263965,-0.571924,1.176843,0.076990,-0.351953,1.341821,0.076990,-0.252966,1.319824,0.208972,0.252966,-0.934875,0.186975,0.428943,-0.802893,0.175977,0.318958,-0.901880,0.120984,-0.472937,1.000867,0.219971,-0.340955,1.143848,0.241968,-0.153979,1.187842,105134,496283,-103,107,8239,-18,-3,-23,627
1780493824.388875,105138,496289,0x0FFF,0.483936,0.384949,-1.066858,0.307959,0.549927,-0.934875,0.263965,0.384949,-0.835889,0.252966,-0.615918,1.220837,0.087988,-0.274963,1.143848,0.131982,-0.208972,1.242834,0.175977,0.186975,-0.967871,0.252966,0.340955,-0.824890,0.219971,0.384949,-0.934875,0.329956,-0.450940,0.945874,0.032996,-0.395947,1.209839,0.263965,-0.241968,1.198840,105137,496287,-90,115,8238,-15,-3,-22,633
1780493824.391296,105139,496291,0x0FFF,0.428943,0.384949,-0.923877,0.351953,0.560925,-1.033862,0.219971,0.296960,-0.923877,0.329956,-0.648914,1.187842,0.164978,-0.318958,1.198840,0.087988,-0.208972,1.220837,0.219971,0.384949,-0.978870,0.153979,0.450940,-0.879883,0.131982,0.494934,-1.011865,0.252966,-0.362952,0.989868,0.043994,-0.406946,1.088855,0.164978,-0.208972,1.099854,105137,496287,-90,115,8238,-15,-3,-22,633
1780493824.392601,105140,496293,0x0FFF,0.483936,0.285962,-1.000867,0.373950,0.549927,-0.989868,0.197974,0.329956,-0.901880,0.263965,-0.692908,1.253833,0.043994,-0.406946,1.209839,-0.054993,-0.230969,1.231836,0.197974,0.285962,-0.912878,0.197974,0.428943,-0.747900,0.131982,0.406946,-0.835889,0.197974,-0.428943,0.890881,0.142981,-0.373950,1.132849,0.186975,-0.252966,1.110852,105137,496287,-90,115,8238,-15,-3,-22,633
1780493824.394947,105142,496295,0x0FFF,0.439941,0.263965,-1.066858,0.285962,0.351953,-1.011865,0.219971,0.318958,-0.813892,0.120984,-0.714905,1.297827,0.076990,-0.263965,1.264832,-0.032996,-0.296960,1.253833,0.131982,0.362952,-0.945874,0.153979,0.362952,-0.758899,0.219971,0.384949,-1.055859,0.175977,-0.483936,0.934875,0.109985,-0.428943,1.143848,0.197974,-0.329956,1.187842,105141,496293,-107,118,8233,-18,-2,-22,639
1780493824.397283,105143,496297,0x0FFF,0.406946,0.263965,-0.978870,0.329956,0.450940,-0.879883,0.318958,0.351953,-0.868884,0.186975,-0.626917,1.209839,0.076990,-0.329956,1.308826,0.032996,-0.252966,1.242834,0.307959,0.274963,-0.967871,0.307959,0.362952,-0.868884,0.241968,0.527930,-0.923877,0.219971,-0.406946,0.934875,0.087988,-0.373950,1.055859,0.241968,-0.230969,1.275830,105141,496293,-107,118,8233,-18,-2,-22,639
1780493824.398584,105145,496299,0x0FFF,0.461938,0.428943,-1.066858,0.296960,0.395947,-0.835889,0.175977,0.373950,-0.956873,0.329956,-0.626917,1.187842,0.164978,-0.439941,1.275830,0.109985,-0.153979,1.374817,0.230969,0.362952,-1.033862,0.186975,0.340955,-0.736902,0.131982,0.428943,-0.978870,0.230969,-0.417944,0.901880,0.175977,-0.362952,1.165845,0.131982,-0.186975,1.231836,105144,496297,-104,109,8237,-16,-1,-21,627
1780493824.400925,105146,496301,0x0FFF,0.428943,0.417944,-1.011865,0.296960,0.483936,-0.901880,0.274963,0.384949,-0.846887,0.395947,-0.659912,1.231836,0.131982,-0.285962,1.165845,0.000000,-0.208972,1.385815,0.208972,0.340955,-0.945874,0.274963,0.395947,-0.813892,0.142981,0.329956,-0.934875,0.197974,-0.329956,0.923877,0.120984,-0.417944,1.231836,0.120984,-0.285962,1.198840,105144,496297,-104,109,8237,-16,-1,-21,627
1780493824.403251,105148,496303,0x0FFF,0.450940,0.285962,-0.945874,0.274963,0.571924,-0.945874,0.175977,0.274963,-0.868884,0.252966,-0.571924,1.231836,0.021997,-0.362952,1.264832,0.065991,-0.395947,1.319824,0.098987,0.241968,-1.044861,0.274963,0.450940,-0.934875,0.186975,0.549927,-0.912878,0.296960,-0.516931,0.978870,0.153979,-0.285962,1.099854,0.263965,-0.274963,1.275830,105147,496302,-93,109,8245,-16,0,-17,636
1780493824.405561,105149,496305,0x0FFF,0.362952,0.384949,-0.989868,0.263965,0.439941,-0.846887,0.307959,0.373950,-0.890881,0.175977,-0.670911,1.165845,0.087988,-0.329956,1.297827,-0.043994,-0.230969,1.396814,0.186975,0.296960,-0.934875,0.164978,0.384949,-0.879883,0.142981,0.505933,-0.890881,0.230969,-0.505933,0.978870,0.208972,-0.373950,1.077856,0.208972,-0.032996,1.055859,105147,496302,-93,109,8245,-16,0,-17,636
1780493824.407898,105150,496308,0x0FFF,0.527930,0.428943,-1.077856,0.307959,0.439941,-0.901880,0.318958,0.307959,-0.857886,0.252966,-0.516931,1.209839,0.131982,-0.351953,1.297827,-0.043994,-0.329956,1.275830,0.142981,0.230969,-0.912878,0.175977,0.395947,-0.747900,0.142981,0.362952,-0.967871,0.164978,-0.406946,0.934875,0.142981,-0.428943,1.077856,0.197974,-0.274963,1.110852,105147,496302,-93,109,8245,-16,0,-17,636
1780493824.409166,105152,496310,0x0FFF,0.472937,0.340955,-0.912878,0.307959,0.593921,-0.901880,0.109985,0.318958,-0.945874,0.285962,-0.670911,1.275830,0.208972,-0.450940,1.187842,0.032996,-0.406946,1.198840,0.274963,0.307959,-0.956873,0.318958,0.461938,-0.813892,0.131982,0.384949,-0.901880,0.197974,-0.483936,1.011865,0.087988,-0.263965,1.286829,0.164978,-0.318958,1.132849,105151,496308,-94,111,8243,-15,-1,-21,639
1780493824.411491,105153,496312,0x0FFF,0.461938,0.395947,-0.912878,0.285962,0.494934,-0.780896,0.252966,0.252966,-0.978870,0.252966,-0.648914,1.209839,0.087988,-0.362952,1.154846,-0.054993,-0.351953,1.220837,0.120984,0.318958,-0.879883,0.252966,0.483936,-0.813892,0.087988,0.472937,-0.912878,0.241968,-0.461938,1.011865,0.120984,-0.329956,1.143848,0.131982,-0.241968,1.187842,105151,496308,-94,111,8243,-15,-1,-21,639
1780493824.413845,105155,496314,0x0FFF,0.439941,0.362952,-1.033862,0.252966,0.428943,-0.857886,0.263965,0.373950,-0.934875,0.164978,-0.538928,1.176843,0.186975,-0.406946,1.209839,0.120984,-0.263965,1.242834,0.241968,0.318958,-0.934875,0.285962,0.428943,-0.802893,0.109985,0.461938,-0.945874,0.263965,-0.494934,0.978870,0.131982,-0.285962,1.110852,0.241968,-0.164978,1.099854,105154,496312,-88,125,8236,-16,-2,-20,646
1780493824.416163,105156,496316,0x0FFF,0.428943,0.395947,-1.000867,0.318958,0.439941,-0.956873,0.241968,0.395947,-0.945874,0.285962,-0.626917,1.154846,0.164978,-0.461938,1.132849,0.065991,-0.263965,1.242834,0.208972,0.362952,-0.923877,0.252966,0.461938,-0.901880,0.164978,0.351953,-0.835889,0.230969,-0.461938,1.022864,0.120984,-0.307959,1.143848,0.021997,-0.241968,1.286829,105154,496312,-88,125,8236,-16,-2,-20,646
1780493824.417422,105157,496318,0x0FFF,0.406946,0.395947,-0.879883,0.285962,0.483936,-0.912878,0.230969,0.362952,-0.934875,0.230969,-0.538928,1.253833,0.000000,-0.362952,1.231836,-0.032996,-0.263965,1.341821,0.252966,0.384949,-1.000867,0.186975,0.406946,-0.736902,0.208972,0.461938,-0.934875,0.285962,-0.351953,0.890881,0.109985,-0.307959,1.143848,0.153979,-0.296960,1.176843,105154,496312,-88,125,8236,-16,-2,-20,646
1780493824.419796,105159,496320,0x0FFF,0.417944,0.318958,-0.890881,0.362952,0.505933,-0.956873,0.208972,0.274963,-0.978870,0.274963,-0.703906,1.110852,0.065991,-0.351953,1.176843,-0.010999,-0.263965,1.297827,0.175977,0.241968,-0.978870,0.098987,0.428943,-0.736902,0.054993,0.505933,-0.956873,0.164978,-0.549927,1.011865,0.087988,-0.329956,1.165845,0.065991,-0.153979,1.143848,105158,496318,-93,134,8237,-17,-4,-23,640
1780493824.422128,105160,496322,0x0FFF,0.483936,0.340955,-1.000867,0.329956,0.538928,-0.857886,0.263965,0.351953,-0.857886,0.274963,-0.593921,1.132849,0.054993,-0.285962,1.198840,-0.142981,-0.241968,1.308826,0.142981,0.417944,-0.978870,0.142981,0.384949,-0.857886,0.186975,0.472937,-0.857886,0.164978,-0.417944,0.967871,0.142981,-0.373950,1.165845,0.241968,-0.197974,1.143848,105158,496318,-93,134,8237,-17,-4,-23,640
1780493824.424462,105162,496324,0x0FFF,0.450940,0.351953,-0.978870,0.329956,0.461938,-1.055859,0.252966,0.340955,-0.978870,0.230969,-0.604919,1.077856,0.197974,-0.395947,1.242834,0.043994,-0.307959,1.319824,0.219971,0.318958,-0.978870,0.230969,0.329956,-0.725903,0.164978,0.494934,-0.901880,0.230969,-0.384949,0.967871,0.076990,-0.263965,1.088855,0.285962,-0.274963,1.176843,105161,496322,-88,118,8237,-16,-2,-20,645
1780493824.425719,105163,496326,0x0FFF,0.428943,0.450940,-0.945874,0.318958,0.560925,-0.923877,0.373950,0.395947,-0.989868,0.186975,-0.615918,1.220837,0.021997,-0.340955,1.132849,0.000000,-0.285962,1.165845,0.164978,0.329956,-0.934875,0.186975,0.362952,-0.923877,0.109985,0.439941,-1.033862,0.241968,-0.406946,0.934875,0.054993,-0.318958,1.209839,0.142981,-0.142981,1.165845,105161,496322,-88,118,8237,-16,-2,-20,645
1780493824.428069,105165,496328,0x0FFF,0.373950,0.340955,-0.934875,0.186975,0.527930,-1.000867,0.263965,0.384949,-0.890881,0.252966,-0.615918,1.132849,-0.010999,-0.516931,1.209839,0.043994,-0.296960,1.341821,0.197974,0.329956,-1.110852,0.186975,0.428943,-0.780896,0.120984,0.461938,-0.945874,0.252966,-0.428943,1.121851,0.076990,-0.274963,1.066858,0.120984,-0.142981,1.198840,105164,496327,-99,125,8245,-15,-3,-21,634
1780493824.430374,105166,496330,0x0FFF,0.428943,0.351953,-1.000867,0.307959,0.472937,-0.923877,0.186975,0.307959,-0.802893,0.274963,-0.670911,1.231836,0.054993,-0.307959,1.154846,0.032996,-0.263965,1.319824,0.252966,0.307959,-0.934875,0.142981,0.406946,-0.813892,0.098987,0.395947,-0.857886,0.197974,-0.362952,1.033862,0.164978,-0.307959,1.209839,0.098987,-0.120984,1.242834,105164,496327,-99,125,8245,-15,-3,-21,634
1780493824.432713,105167,496333,0x0FFF,0.461938,0.252966,-0.901880,0.340955,0.615918,-0.923877,0.197974,0.351953,-0.978870,0.318958,-0.615918,1.220837,0.109985,-0.285962,1.231836,0.065991,-0.318958,1.231836,0.285962,0.351953,-0.912878,0.032996,0.406946,-0.857886,0.120984,0.439941,-0.912878,0.252966,-0.516931,0.978870,0.065991,-0.307959,1.176843,0.142981,-0.230969,1.198840,105164,496327,-99,125,8245,-15,-3,-21,634
1780493824.433990,105169,496335,0x0FFF,0.417944,0.384949,-1.022864,0.329956,0.472937,-0.923877,0.230969,0.417944,-1.011865,0.175977,-0.670911,1.143848,0.153979,-0.296960,1.242834,0.054993,-0.252966,1.308826,0.307959,0.296960,-0.989868,0.230969,0.505933,-0.813892,0.230969,0.417944,-0.923877,0.230969,-0.527930,1.033862,0.131982,-0.263965,1.209839,0.230969,-0.175977,1.275830,105168,496333,-102,120,8221,-15,-2,-20,635
1780493824.436327,105170,496337,0x0FFF,0.384949,0.274963,-0.978870,0.329956,0.505933,-1.022864,0.230969,0.384949,-0.879883,0.263965,-0.670911,1.286829,0.109985,-0.351953,1.275830,0.010999,-0.274963,1.165845,0.263965,0.329956,-1.022864,0.208972,0.428943,-0.802893,0.142981,0.483936,-0.879883,0.263965,-0.439941,0.967871,0.131982,-0.417944,1.099854,0.153979,-0.351953,1.220837,105168,496333,-102,120,8221,-15,-2,-20,635
1780493824.438651,105172,496339,0x0FFF,0.406946,0.307959,-0.978870,0.296960,0.505933,-0.846887,0.296960,0.241968,-0.945874,0.241968,-0.527930,1.154846,0.076990,-0.351953,1.275830,-0.043994,-0.208972,1.385815,0.318958,0.318958,-0.912878,0.142981,0.384949,-0.824890,0.098987,0.461938,-0.923877,0.285962,-0.472937,1.011865,0.043994,-0.384949,1.143848,0.109985,-0.219971,1.132849,105171,496337,-100,112,8226,-19,-2,-19,634
1780493824.440963,105173,496341,0x0FFF,0.494934,0.384949,-1.077856,0.285962,0.538928,-0.879883,0.274963,0.362952,-1.011865,0.307959,-0.538928,1.176843,0.219971,-0.230969,1.297827,-0.032996,-0.274963,1.198840,0.285962,0.373950,-1.066858,0.164978,0.395947,-0.824890,0.164978,0.527930,-0.967871,0.274963,-0.395947,1.022864,0.065991,-0.329956,1.088855,0.241968,-0.230969,1.121851,105171,496337,-100,112,8226,-19,-2,-19,634
1780493824.443287,105174,496343,0x0FFF,0.472937,0.274963,-1.077856,0.329956,0.527930,-0.868884,0.186975,0.417944,-0.780896,0.241968,-0.527930,1.319824,0.032996,-0.373950,1.264832,-0.021997,-0.219971,1.352820,0.131982,0.329956,-0.956873,0.153979,0.384949,-0.824890,0.131982,0.450940,-1.033862,0.098987,-0.549927,0.934875,0.153979,-0.318958,1.121851,0.131982,-0.142981,1.088855,105171,496337,-100,112,8226,-19,-2,-19,634
1780493824.444562,105176,496345,0x0FFF,0.395947,0.252966,-0.978870,0.362952,0.527930,-0.989868,0.219971,0.351953,-0.879883,0.186975,-0.582922,1.165845,0.065991,-0.340955,1.264832,0.153979,-0.351953,1.275830,0.285962,0.296960,-1.055859,0.252966,0.329956,-0.890881,0.131982,0.450940,-0.956873,0.208972,-0.329956,1.022864,0.120984,-0.373950,1.187842,0.153979,-0.098987,1.209839,105175,496343,-97,111,8237,-18,-4,-23,634
1780493824.446893,105177,496347,0x0FFF,0.483936,0.373950,-0.945874,0.395947,0.516931,-0.890881,0.362952,0.373950,-0.945874,0.274963,-0.626917,1.154846,0.087988,-0.318958,1.264832,0.087988,-0.263965,1.286829,0.131982,0.307959,-0.923877,0.241968,0.395947,-0.813892,0.043994,0.417944,-0.813892,0.274963,-0.395947,1.022864,0.153979,-0.307959,1.209839,0.197974,-0.164978,1.154846,105175,496343,-97,111,8237,-18,-4,-23,634
1780493824.449219,105179,496349,0x0FFF,0.472937,0.318958,-0.945874,0.340955,0.395947,-1.022864,0.175977,0.351953,-1.011865,0.164978,-0.725903,1.165845,0.142981,-0.428943,1.297827,0.021997,-0.318958,1.198840,0.164978,0.340955,-1.099854,0.230969,0.439941,-0.890881,0.054993,0.351953,-0.901880,0.274963,-0.483936,1.066858,0.087988,-0.362952,1.154846,0.109985,-0.340955,1.220837,105178,496347,-94,113,8238,-15,-4,-22,648
1780493824.451546,105180,496351,0x0FFF,0.417944,0.428943,-0.923877,0.296960,0.505933,-0.857886,0.186975,0.219971,-0.846887,0.219971,-0.692908,1.154846,0.120984,-0.351953,1.242834,0.010999,-0.230969,1.352820,0.153979,0.362952,-0.945874,0.241968,0.384949,-0.780896,0.131982,0.450940,-0.879883,0.230969,-0.351953,0.923877,0.186975,-0.241968,1.099854,0.109985,-0.197974,1.176843,105178,496347,-94,113,8238,-15,-4,-22,648
1780493824.452822,105182,496353,0x0FFF,0.439941,0.340955,-0.912878,0.296960,0.406946,-0.934875,0.329956,0.472937,-0.824890,0.219971,-0.571924,1.187842,0.186975,-0.395947,1.132849,-0.032996,-0.252966,1.231836,0.263965,0.296960,-0.879883,0.098987,0.439941,-0.824890,0.131982,0.362952,-0.901880,0.186975,-0.483936,0.989868,0.153979,-0.329956,1.176843,0.153979,-0.208972,1.132849,105181,496352,-93,97,8239,-17,-1,-22,637
1780493824.455137,105183,496355,0x0FFF,0.450940,0.406946,-1.011865,0.208972,0.615918,-0.846887,0.329956,0.417944,-0.912878,0.285962,-0.648914,1.264832,0.131982,-0.340955,1.176843,0.065991,-0.340955,1.297827,0.208972,0.340955,-0.923877,0.131982,0.351953,-0.791895,0.098987,0.428943,-0.956873,0.197974,-0.439941,0.989868,0.208972,-0.406946,1.165845,0.120984,-0.274963,1.066858,105181,496352,-93,97,8239,-17,-1,-22,637
1780493824.457462,105184,496358,0x0FFF,0.505933,0.219971,-0.890881,0.208972,0.428943,-0.912878,0.186975,0.351953,-0.813892,0.219971,-0.527930,1.231836,0.186975,-0.395947,1.242834,0.021997,-0.197974,1.297827,0.318958,0.318958,-1.000867,0.208972,0.428943,-0.802893,0.098987,0.417944,-0.956873,0.164978,-0.472937,0.912878,0.153979,-0.450940,1.088855,0.153979,-0.208972,1.231836,105181,496352,-93,97,8239,-17,-1,-22,637
1780493824.459800,105186,496360,0x0FFF,0.450940,0.285962,-1.011865,0.340955,0.472937,-0.978870,0.197974,0.307959,-0.846887,0.285962,-0.560925,1.220837,0.153979,-0.274963,1.209839,0.000000,-0.087988,1.242834,0.230969,0.384949,-0.912878,0.142981,0.428943,-0.846887,0.142981,0.439941,-0.934875,0.219971,-0.505933,0.945874,0.153979,-0.241968,1.110852,0.153979,-0.307959,1.220837,105185,496358,-91,117,8232,-16,-2,-22,640
1780493824.461062,105187,496362,0x0FFF,0.461938,0.318958,-0.967871,0.373950,0.483936,-0.923877,0.142981,0.307959,-0.967871,0.285962,-0.615918,1.176843,0.109985,-0.384949,1.176843,0.010999,-0.274963,1.363818,0.197974,0.230969,-0.989868,0.131982,0.417944,-0.725903,0.098987,0.384949,-0.846887,0.362952,-0.351953,0.978870,0.175977,-0.472937,1.055859,0.131982,-0.197974,1.242834,105185,496358,-91,117,8232,-16,-2,-22,640
1780493824.463421,105189,496364,0x0FFF,0.417944,0.417944,-0.978870,0.329956,0.527930,-0.967871,0.098987,0.307959,-0.868884,0.252966,-0.571924,1.308826,0.087988,-0.373950,1.264832,-0.021997,-0.296960,1.264832,0.175977,0.307959,-0.901880,0.197974,0.450940,-0.824890,0.164978,0.472937,-0.857886,0.186975,-0.505933,0.967871,0.142981,-0.274963,1.176843,0.120984,-0.197974,1.176843,105188,496362,-97,120,8231,-14,-2,-22,645
1780493824.465731,105190,496366,0x0FFF,0.483936,0.472937,-1.011865,0.208972,0.472937,-0.857886,0.230969,0.384949,-0.989868,0.197974,-0.769897,1.253833,0.032996,-0.395947,1.319824,0.010999,-0.252966,1.352820,0.109985,0.373950,-0.901880,0.186975,0.318958,-0.791895,0.208972,0.340955,-0.967871,0.164978,-0.439941,0.901880,0.230969,-0.329956,1.143848,0.054993,-0.274963,1.253833,105188,496362,-97,120,8231,-14,-2,-22,645
1780493824.468057,105191,496368,0x0FFF,0.483936,0.406946,-0.934875,0.241968,0.395947,-0.912878,0.197974,0.241968,-0.901880,0.186975,-0.505933,1.297827,0.109985,-0.395947,1.154846,0.032996,-0.285962,1.242834,0.142981,0.340955,-1.022864,0.230969,0.439941,-0.868884,0.109985,0.428943,-0.989868,0.208972,-0.395947,1.099854,0.175977,-0.450940,1.033862,0.065991,-0.384949,1.121851,105188,496362,-97,120,8231,-14,-2,-22,645
1780493824.470395,105193,496370,0x0FFF,0.417944,0.285962,-0.879883,0.439941,0.461938,-0.934875,0.197974,0.351953,-0.901880,0.186975,-0.560925,1.121851,0.142981,-0.472937,1.242834,0.054993,-0.285962,1.209839,0.208972,0.208972,-0.967871,0.153979,0.439941,-0.747900,0.120984,0.362952,-0.879883,0.186975,-0.373950,0.912878,0.164978,-0.483936,1.165845,0.175977,-0.164978,1.275830,105192,496368,-102,105,8229,-16,-4,-21,632
1780493824.471668,105194,496372,0x0FFF,0.384949,0.351953,-1.022864,0.274963,0.538928,-0.967871,0.219971,0.285962,-1.000867,0.285962,-0.571924,1.231836,0.131982,-0.417944,1.242834,0.120984,-0.274963,1.286829,0.186975,0.296960,-0.901880,0.087988,0.428943,-0.813892,0.065991,0.472937,-0.879883,0.230969,-0.461938,0.956873,0.065991,-0.329956,1.110852,0.197974,-0.054993,1.209839,105192,496368,-102,105,8229,-16,-4,-21,632
1780493824.473989,105196,496374,0x0FFF,0.483936,0.307959,-0.945874,0.362952,0.428943,-0.901880,0.175977,0.307959,-0.978870,0.340955,-0.593921,1.110852,0.197974,-0.373950,1.165845,0.076990,-0.241968,1.176843,0.230969,0.296960,-0.868884,0.043994,0.483936,-0.802893,0.098987,0.472937,-1.022864,0.307959,-0.439941,0.956873,0.087988,-0.384949,1.132849,0.164978,-0.241968,1.220837,105195,496372,-100,118,8245,-16,-2,-20,627
1780493824.476302,105197,496376,0x0FFF,0.483936,0.340955,-0.989868,0.329956,0.549927,-0.978870,0.252966,0.395947,-0.956873,0.197974,-0.637915,1.275830,0.032996,-0.428943,1.198840,-0.032996,-0.241968,1.286829,0.219971,0.285962,-0.967871,0.197974,0.340955,-0.813892,0.087988,0.406946,-0.879883,0.230969,-0.373950,1.066858,-0.043994,-0.208972,1.187842,0.197974,-0.153979,1.176843,105195,496372,-100,118,8245,-16,-2,-20,627
1780493824.478589,105198,496378,0x0FFF,0.494934,0.395947,-0.978870,0.296960,0.494934,-0.846887,0.208972,0.318958,-0.901880,0.329956,-0.736902,1.275830,0.043994,-0.230969,1.264832,-0.010999,-0.230969,1.275830,0.175977,0.373950,-0.857886,0.142981,0.417944,-0.879883,0.087988,0.307959,-0.945874,0.274963,-0.461938,0.978870,0.109985,-0.340955,1.176843,0.175977,-0.197974,1.330823,105195,496372,-100,118,8245,-16,-2,-20,627
1780493824.479860,105200,496380,0x0FFF,0.450940,0.395947,-0.989868,0.373950,0.428943,-0.945874,0.263965,0.307959,-0.846887,0.230969,-0.604919,1.165845,0.076990,-0.362952,1.253833,-0.021997,-0.241968,1.286829,0.197974,0.285962,-1.044861,0.219971,0.439941,-0.835889,0.043994,0.384949,-0.769897,0.153979,-0.483936,1.033862,0.043994,-0.362952,1.066858,0.098987,-0.230969,1.198840,105199,496379,-106,112,8245,-16,-1,-24,639
1780493824.482192,105201,496383,0x0FFF,0.395947,0.373950,-1.077856,0.329956,0.483936,-0.945874,0.274963,0.395947,-0.912878,0.263965,-0.604919,1.297827,0.076990,-0.329956,1.143848,0.109985,-0.208972,1.198840,0.197974,0.263965,-0.945874,0.120984,0.351953,-0.813892,0.164978,0.450940,-0.879883,0.076990,-0.450940,0.879883,0.087988,-0.340955,1.099854,0.142981,-0.186975,1.121851,105199,496379,-106,112,8245,-16,-1,-24,639
1780493824.484515,105203,496385,0x0FFF,0.329956,0.318958,-0.945874,0.252966,0.505933,-0.923877,0.285962,0.318958,-0.956873,0.241968,-0.604919,1.187842,0.010999,-0.373950,1.209839,-0.098987,-0.318958,1.264832,0.274963,0.318958,-1.022864,0.098987,0.351953,-0.846887,0.120984,0.527930,-0.934875,0.230969,-0.472937,0.945874,0.186975,-0.274963,1.176843,0.142981,-0.175977,1.209839,105202,496383,-109,103,8224,-15,0,-22,639
1780493824.486904,105204,496387,0x0FFF,0.417944,0.241968,-1.000867,0.307959,0.582922,-0.923877,0.285962,0.329956,-0.912878,0.373950,-0.637915,1.242834,0.065991,-0.329956,1.253833,0.098987,-0.142981,1.319824,0.175977,0.307959,-1.033862,0.219971,0.549927,-0.824890,0.175977,0.340955,-0.956873,0.208972,-0.549927,0.934875,0.065991,-0.329956,1.066858,0.186975,-0.186975,1.099854,105202,496383,-109,103,8224,-15,0,-22,639
1780493824.488200,105206,496389,0x0FFF,0.538928,0.395947,-0.890881,0.351953,0.450940,-0.835889,0.153979,0.252966,-0.923877,0.340955,-0.571924,1.297827,0.043994,-0.373950,1.154846,-0.109985,-0.263965,1.363818,0.153979,0.450940,-0.934875,0.186975,0.362952,-0.824890,0.153979,0.450940,-0.868884,0.197974,-0.527930,1.055859,0.054993,-0.296960,1.110852,0.065991,-0.263965,1.231836,105205,496387,-101,113,8242,-19,-2,-24,630
1780493824.490519,105207,496391,0x0FFF,0.505933,0.329956,-0.956873,0.252966,0.439941,-0.868884,0.208972,0.395947,-0.912878,0.285962,-0.615918,1.220837,0.076990,-0.329956,1.132849,0.087988,-0.329956,1.330823,0.230969,0.395947,-1.000867,0.263965,0.384949,-0.857886,0.076990,0.494934,-0.934875,0.197974,-0.351953,0.901880,0.197974,-0.362952,1.209839,0.164978,-0.241968,1.242834,105205,496387,-101,113,8242,-19,-2,-24,630
1780493824.492846,105208,496393,0x0FFF,0.428943,0.230969,-1.022864,0.373950,0.428943,-0.824890,0.109985,0.428943,-0.956873,0.296960,-0.571924,1.253833,0.065991,-0.384949,1.275830,0.054993,-0.329956,1.352820,0.054993,0.219971,-0.989868,0.329956,0.373950,-0.846887,0.186975,0.428943,-0.901880,0.186975,-0.439941,0.967871,0.098987,-0.395947,1.099854,0.131982,-0.197974,1.165845,105205,496387,-101,113,8242,-19,-2,-24,630
1780493824.495171,105210,496395,0x0FFF,0.505933,0.318958,-1.033862,0.252966,0.461938,-0.846887,0.241968,0.384949,-0.923877,0.285962,-0.571924,1.187842,0.098987,-0.384949,1.198840,0.000000,-0.197974,1.319824,0.219971,0.351953,-1.154846,0.186975,0.439941,-0.791895,-0.010999,0.439941,-0.945874,0.219971,-0.472937,1.033862,0.098987,-0.373950,1.220837,0.241968,-0.219971,1.165845,105209,496393,-90,119,8239,-15,-4,-23,633
1780493824.497509,105211,496397,0x0FFF,0.483936,0.241968,-0.934875,0.164978,0.560925,-0.824890,0.230969,0.274963,-0.901880,0.252966,-0.648914,1.187842,0.087988,-0.351953,1.154846,0.032996,-0.373950,1.308826,0.318958,0.351953,-1.011865,0.186975,0.450940,-0.736902,0.142981,0.472937,-0.912878,0.241968,-0.461938,1.033862,0.087988,-0.406946,1.154846,0.186975,-0.164978,1.132849,105209,496393,-90,119,8239,-15,-4,-23,633
1780493824.498801,105213,496399,0x0FFF,0.450940,0.263965,-0.934875,0.318958,0.516931,-0.857886,0.296960,0.395947,-0.846887,0.197974,-0.626917,1.220837,0.197974,-0.373950,1.165845,0.032996,-0.142981,1.242834,0.219971,0.362952,-1.000867,0.142981,0.450940,-0.780896,0.098987,0.450940,-0.989868,0.175977,-0.527930,0.923877,0.054993,-0.296960,1.176843,0.109985,-0.219971,1.143848,105212,496397,-99,104,8232,-15,-2,-16,648
1780493824.501115,105214,496401,0x0FFF,0.461938,0.340955,-1.000867,0.384949,0.494934,-0.890881,0.230969,0.406946,-0.890881,0.197974,-0.560925,1.231836,0.076990,-0.340955,1.220837,0.021997,-0.263965,1.253833,0.285962,0.329956,-1.022864,0.175977,0.340955,-0.780896,0.186975,0.307959,-1.011865,0.153979,-0.406946,0.912878,0.263965,-0.285962,1.132849,0.197974,-0.241968,1.220837,105212,496397,-99,104,8232,-15,-2,-16,648
1780493824.503460,105215,496403,0x0FFF,0.373950,0.274963,-1.000867,0.351953,0.428943,-0.890881,0.307959,0.285962,-0.956873,0.274963,-0.659912,1.154846,0.032996,-0.373950,1.165845,0.032996,-0.197974,1.264832,0.351953,0.340955,-0.923877,0.230969,0.395947,-0.912878,0.109985,0.450940,-0.967871,0.252966,-0.395947,1.055859,0.175977,-0.329956,1.077856,0.120984,-0.241968,1.253833,105212,496397,-99,104,8232,-15,-2,-16,648
1780493824.505808,105217,496405,0x0FFF,0.439941,0.274963,-0.967871,0.263965,0.571924,-0.956873,0.252966,0.362952,-0.912878,0.175977,-0.593921,1.253833,0.153979,-0.373950,1.231836,0.109985,-0.219971,1.253833,0.175977,0.340955,-0.967871,0.109985,0.318958,-0.879883,0.131982,0.428943,-0.967871,0.241968,-0.461938,1.022864,0.186975,-0.417944,1.033862,0.197974,-0.186975,1.220837,105216,496404,-97,107,8237,-17,-3,-20,644
1780493824.507085,105218,496408,0x0FFF,0.329956,0.230969,-0.989868,0.164978,0.417944,-0.780896,0.241968,0.340955,-0.846887,0.219971,-0.670911,1.286829,0.087988,-0.439941,1.220837,-0.087988,-0.285962,1.308826,0.263965,0.351953,-1.022864,0.142981,0.450940,-0.923877,-0.010999,0.373950,-0.956873,0.263965,-0.307959,0.978870,0.131982,-0.406946,1.121851,0.164978,-0.208972,1.209839,105216,496404,-97,107,8237,-17,-3,-20,644
1780493824.509405,105220,496410,0x0FFF,0.428943,0.340955,-0.945874,0.362952,0.615918,-0.912878,0.241968,0.329956,-0.923877,0.307959,-0.725903,1.121851,0.197974,-0.362952,1.264832,0.054993,-0.197974,1.132849,0.285962,0.318958,-0.912878,0.175977,0.329956,-0.879883,0.175977,0.505933,-0.846887,0.263965,-0.406946,1.011865,0.076990,-0.285962,1.198840,0.230969,-0.098987,1.209839,105219,496408,-86,101,8225,-16,-3,-20,641
1780493824.511737,105221,496412,0x0FFF,0.516931,0.296960,-0.978870,0.406946,0.538928,-0.934875,0.175977,0.274963,-0.901880,0.197974,-0.604919,1.220837,0.087988,-0.329956,1.275830,-0.010999,-0.351953,1.286829,0.230969,0.351953,-0.901880,0.098987,0.373950,-0.769897,0.120984,0.417944,-0.879883,0.197974,-0.417944,1.077856,0.043994,-0.362952,1.154846,0.197974,-0.153979,1.220837,105219,496408,-86,101,8225,-16,-3,-20,641
1780493824.514241,105223,496414,0x0FFF,0.483936,0.373950,-0.945874,0.252966,0.428943,-0.901880,0.329956,0.296960,-0.879883,0.296960,-0.681909,1.110852,0.021997,-0.406946,1.220837,0.010999,-0.318958,1.330823,0.131982,0.351953,-0.989868,0.186975,0.351953,-1.000867,0.120984,0.494934,-1.132849,0.131982,-0.637915,1.000867,0.208972,-0.296960,1.176843,0.153979,-0.296960,1.220837,105222,496412,-103,116,8236,-14,-2,-19,632
1780493824.515543,105224,496416,0x0FFF,0.450940,0.362952,-1.022864,0.428943,0.505933,-0.934875,0.274963,0.274963,-0.846887,0.373950,-0.582922,1.165845,0.076990,-0.307959,1.220837,0.076990,-0.252966,1.319824,0.208972,0.274963,-1.033862,0.285962,0.472937,-0.802893,0.274963,0.516931,-1.011865,0.186975,-0.450940,0.912878,0.131982,-0.384949,1.165845,0.197974,-0.230969,1.220837,105222,496412,-103,116,8236,-14,-2,-19,632
1780493824.517895,105225,496418,0x0FFF,0.384949,0.340955,-1.022864,0.428943,0.494934,-1.055859,0.252966,0.340955,-0.802893,0.285962,-0.637915,1.242834,0.032996,-0.384949,1.330823,-0.087988,-0.340955,1.385815,0.285962,0.340955,-0.912878,0.197974,0.362952,-0.802893,0.098987,0.549927,-0.868884,0.285962,-0.351953,0.967871,0.010999,-0.318958,1.165845,0.175977,-0.131982,1.209839,105222,496412,-103,116,8236,-14,-2,-19,632
1780493824.520242,105227,496420,0x0FFF,0.384949,0.329956,-1.033862,0.208972,0.406946,-0.912878,0.219971,0.318958,-0.945874,0.175977,-0.681909,1.198840,0.109985,-0.428943,1.231836,-0.065991,-0.307959,1.308826,0.230969,0.219971,-0.978870,0.241968,0.362952,-0.813892,0.164978,0.417944,-0.978870,0.285962,-0.450940,0.945874,0.120984,-0.318958,1.143848,0.120984,-0.175977,1.187842,105226,496418,-90,121,8231,-17,-1,-21,629
1780493824.521515,105228,496422,0x0FFF,0.439941,0.351953,-0.967871,0.340955,0.384949,-0.934875,0.263965,0.450940,-0.835889,0.219971,-0.648914,1.198840,0.087988,-0.351953,1.319824,0.065991,-0.175977,1.275830,0.230969,0.296960,-1.077856,0.153979,0.307959,-0.813892,0.186975,0.472937,-1.022864,0.175977,-0.582922,0.967871,0.131982,-0.241968,1.187842,0.120984,-0.219971,1.242834,105226,496418,-90,121,8231,-17,-1,-21,629
1780493824.523914,105230,496424,0x0FFF,0.461938,0.307959,-0.978870,0.351953,0.516931,-0.846887,0.252966,0.263965,-0.945874,0.120984,-0.593921,1.176843,0.098987,-0.428943,1.176843,0.054993,-0.285962,1.187842,0.208972,0.406946,-0.945874,0.219971,0.395947,-0.879883,0.098987,0.373950,-0.956873,0.164978,-0.472937,1.011865,0.197974,-0.285962,1.220837,0.175977,-0.285962,1.319824,105229,496422,-95,114,8240,-15,-1,-20,643
1780493824.526240,105231,496426,0x0FFF,0.406946,0.230969,-0.978870,0.274963,0.428943,-0.934875,0.329956,0.263965,-0.901880,0.263965,-0.648914,1.264832,0.043994,-0.252966,1.187842,0.000000,-0.197974,1.297827,0.186975,0.384949,-1.000867,0.175977,0.307959,-0.791895,0.142981,0.439941,-0.945874,0.263965,-0.461938,0.978870,0.120984,-0.285962,1.165845,0.197974,-0.208972,1.253833,105229,496422,-95,114,8240,-15,-1,-20,643
1780493824.528577,105232,496428,0x0FFF,0.483936,0.263965,-1.066858,0.340955,0.505933,-0.824890,0.274963,0.241968,-0.846887,0.263965,-0.659912,1.297827,0.098987,-0.384949,1.209839,0.043994,-0.318958,1.220837,0.252966,0.318958,-1.011865,0.142981,0.351953,-0.934875,0.120984,0.450940,-1.022864,0.252966,-0.450940,1.143848,0.109985,-0.428943,1.176843,0.197974,-0.219971,1.209839,105229,496422,-95,114,8240,-15,-1,-20,643
1780493824.529882,105234,496430,0x0FFF,0.461938,0.307959,-0.934875,0.373950,0.395947,-0.945874,0.230969,0.351953,-0.868884,0.318958,-0.505933,1.187842,0.109985,-0.318958,1.198840,0.000000,-0.186975,1.352820,0.208972,0.307959,-0.989868,0.197974,0.450940,-0.780896,0.087988,0.505933,-0.912878,0.285962,-0.527930,1.000867,0.153979,-0.406946,1.165845,0.065991,-0.219971,1.165845,105233,496429,-104,117,8239,-16,0,-19,633
1780493824.532219,105235,496433,0x0FFF,0.428943,0.274963,-0.967871,0.252966,0.439941,-0.912878,0.263965,0.318958,-0.890881,0.197974,-0.648914,1.242834,0.076990,-0.417944,1.275830,0.087988,-0.263965,1.330823,0.208972,0.296960,-1.011865,0.142981,0.351953,-0.802893,0.153979,0.461938,-0.879883,0.153979,-0.461938,0.956873,0.076990,-0.340955,1.187842,0.098987,-0.219971,1.165845,105233,496429,-104,117,8239,-16,0,-19,633
1780493824.534646,105237,496435,0x0FFF,0.417944,0.186975,-1.044861,0.296960,0.560925,-0.945874,0.230969,0.318958,-0.890881,0.186975,-0.626917,1.154846,0.054993,-0.318958,1.220837,0.010999,-0.186975,1.286829,0.274963,0.417944,-1.099854,0.153979,0.373950,-0.857886,0.098987,0.428943,-0.901880,0.197974,-0.450940,0.901880,0.065991,-0.384949,1.099854,0.120984,-0.230969,1.176843,105236,496433,-94,127,8236,-16,-5,-21,644
1780493824.536990,105238,496437,0x0FFF,0.406946,0.362952,-0.912878,0.362952,0.538928,-0.912878,0.373950,0.373950,-0.967871,0.241968,-0.527930,1.165845,0.087988,-0.274963,1.308826,0.098987,-0.153979,1.209839,0.076990,0.373950,-0.967871,0.120984,0.384949,-0.868884,0.021997,0.439941,-0.901880,0.252966,-0.505933,0.989868,0.065991,-0.296960,1.099854,0.164978,-0.230969,1.088855,105236,496433,-94,127,8236,-16,-5,-21,644
1780493824.538314,105240,496439,0x0FFF,0.472937,0.318958,-1.066858,0.307959,0.527930,-0.890881,0.263965,0.296960,-0.879883,0.208972,-0.527930,1.099854,0.043994,-0.318958,1.242834,0.065991,-0.219971,1.275830,0.274963,0.274963,-0.978870,0.241968,0.439941,-0.835889,0.054993,0.439941,-0.945874,0.186975,-0.461938,0.945874,0.197974,-0.340955,1.132849,0.186975,-0.175977,1.253833,105239,496437,-103,107,8232,-15,-2,-21,643
1780493824.540644,105241,496441,0x0FFF,0.516931,0.307959,-1.011865,0.296960,0.483936,-0.978870,0.241968,0.285962,-0.912878,0.263965,-0.582922,1.297827,0.131982,-0.351953,1.198840,0.065991,-0.307959,1.286829,0.153979,0.340955,-1.033862,0.131982,0.340955,-0.747900,0.131982,0.439941,-0.956873,0.076990,-0.406946,1.033862,0.087988,-0.351953,1.099854,0.285962,-0.164978,1.209839,105239,496437,-103,107,8232,-15,-2,-21,643
1780493824.542993,105242,496443,0x0FFF,0.428943,0.307959,-0.923877,0.241968,0.461938,-0.956873,0.175977,0.329956,-0.879883,0.362952,-0.670911,1.209839,0.010999,-0.362952,1.242834,0.021997,-0.197974,1.308826,0.175977,0.417944,-1.011865,0.153979,0.472937,-0.945874,0.131982,0.472937,-1.022864,0.230969,-0.428943,0.868884,0.153979,-0.241968,1.198840,0.153979,-0.219971,1.198840,105239,496437,-103,107,8232,-15,-2,-21,643
1780493824.545322,105244,496445,0x0FFF,0.494934,0.263965,-1.000867,0.263965,0.549927,-1.011865,0.285962,0.329956,-0.868884,0.428943,-0.615918,1.209839,0.054993,-0.340955,1.209839,0.087988,-0.252966,1.286829,0.241968,0.351953,-1.022864,0.241968,0.395947,-0.835889,0.274963,0.417944,-0.967871,0.263965,-0.439941,0.989868,0.197974,-0.274963,1.198840,0.197974,-0.142981,1.165845,105243,496443,-97,116,8233,-15,-5,-22,625
1780493824.546568,105245,496447,0x0FFF,0.461938,0.406946,-0.967871,0.307959,0.428943,-0.978870,0.230969,0.428943,-0.890881,0.296960,-0.659912,1.121851,0.153979,-0.384949,1.209839,-0.021997,-0.274963,1.264832,0.263965,0.318958,-1.088855,0.263965,0.571924,-0.802893,0.142981,0.538928,-0.813892,0.208972,-0.428943,1.055859,0.142981,-0.340955,1.099854,0.142981,-0.109985,1.110852,105243,496443,-97,116,8233,-15,-5,-22,625
1780493824.548938,105247,496449,0x0FFF,0.406946,0.263965,-0.934875,0.417944,0.406946,-0.890881,0.153979,0.296960,-0.813892,0.230969,-0.626917,1.143848,0.032996,-0.384949,1.253833,-0.010999,-0.241968,1.264832,0.252966,0.263965,-0.901880,0.274963,0.483936,-0.868884,0.109985,0.406946,-0.780896,0.164978,-0.439941,0.989868,0.087988,-0.296960,1.110852,0.175977,-0.263965,1.209839,105246,496447,-103,106,8239,-16,-3,-22,632
1780493824.551256,105248,496451,0x0FFF,0.417944,0.340955,-0.967871,0.285962,0.428943,-0.956873,0.318958,0.362952,-0.934875,0.307959,-0.714905,1.308826,0.109985,-0.439941,1.264832,-0.010999,-0.307959,1.341821,0.153979,0.329956,-0.989868,0.252966,0.450940,-0.758899,0.208972,0.406946,-0.978870,0.142981,-0.428943,0.967871,0.120984,-0.274963,1.176843,0.197974,-0.186975,1.176843,105246,496447,-103,106,8239,-16,-3,-22,632
1780493824.553587,105249,496453,0x0FFF,0.483936,0.318958,-0.945874,0.307959,0.538928,-0.967871,0.307959,0.384949,-0.868884,0.208972,-0.648914,1.176843,0.087988,-0.384949,1.209839,-0.021997,-0.285962,1.264832,0.120984,0.296960,-1.033862,0.241968,0.439941,-0.824890,0.131982,0.439941,-0.978870,0.263965,-0.439941,1.077856,0.054993,-0.373950,1.099854,0.219971,-0.175977,1.209839,105246,496447,-103,106,8239,-16,-3,-22,632
1780493824.554867,105251,496455,0x0FFF,0.395947,0.274963,-1.000867,0.384949,0.417944,-0.967871,0.109985,0.384949,-0.901880,0.274963,-0.582922,1.231836,0.164978,-0.274963,1.253833,-0.043994,-0.340955,1.165845,0.230969,0.362952,-0.989868,0.153979,0.351953,-0.857886,0.054993,0.417944,-0.857886,0.230969,-0.505933,0.945874,0.219971,-0.450940,1.154846,0.120984,-0.043994,1.143848,105250,496454,-103,114,8234,-17,-6,-20,630
1780493824.557198,105252,496458,0x0FFF,0.472937,0.362952,-1.011865,0.241968,0.461938,-0.923877,0.307959,0.351953,-0.934875,0.208972,-0.571924,1.110852,0.153979,-0.296960,1.253833,-0.021997,-0.164978,1.253833,0.197974,0.362952,-1.033862,0.197974,0.329956,-0.791895,0.054993,0.362952,-0.923877,0.307959,-0.450940,0.989868,0.153979,-0.307959,1.121851,0.098987,-0.131982,1.286829,105250,496454,-103,114,8234,-17,-6,-20,630
1780493824.559526,105254,496460,0x0FFF,0.461938,0.351953,-1.033862,0.241968,0.494934,-0.912878,0.285962,0.351953,-0.934875,0.241968,-0.637915,1.220837,0.065991,-0.384949,1.143848,0.010999,-0.164978,1.242834,0.186975,0.263965,-0.912878,0.175977,0.406946,-0.835889,0.197974,0.505933,-0.989868,0.219971,-0.483936,1.088855,0.186975,-0.307959,1.209839,0.252966,-0.208972,1.143848,105253,496458,-89,126,8234,-16,-1,-22,645
1780493824.561865,105255,496462,0x0FFF,0.450940,0.340955,-0.912878,0.351953,0.406946,-0.890881,0.274963,0.340955,-1.022864,0.296960,-0.461938,1.132849,0.131982,-0.340955,1.220837,0.065991,-0.285962,1.319824,0.197974,0.340955,-0.923877,0.241968,0.439941,-0.802893,0.186975,0.373950,-0.879883,0.186975,-0.450940,0.989868,0.109985,-0.285962,1.220837,0.208972,-0.241968,1.198840,105253,496458,-89,126,8234,-16,-1,-22,645
1780493824.563144,105257,496464,0x0FFF,0.461938,0.164978,-1.132849,0.340955,0.516931,-0.934875,0.252966,0.340955,-0.846887,0.263965,-0.648914,1.242834,0.054993,-0.296960,1.275830,0.054993,-0.263965,1.187842,0.274963,0.362952,-0.989868,0.186975,0.428943,-0.802893,0.109985,0.549927,-0.890881,0.230969,-0.483936,0.978870,0.120984,-0.395947,1.066858,0.098987,-0.131982,1.154846,105256,496462,-99,123,8232,-16,-2,-21,631
1780493824.565474,105258,496466,0x0FFF,0.461938,0.318958,-0.989868,0.329956,0.461938,-0.923877,0.340955,0.307959,-1.000867,0.208972,-0.714905,1.198840,0.087988,-0.274963,1.253833,0.021997,-0.296960,1.231836,0.208972,0.439941,-0.813892,0.263965,0.450940,-0.846887,0.142981,0.439941,-0.901880,0.263965,-0.472937,0.934875,0.087988,-0.428943,1.077856,0.197974,-0.230969,1.198840,105256,496462,-99,123,8232,-16,-2,-21,631
1780493824.567812,105259,496468,0x0FFF,0.483936,0.362952,-0.956873,0.274963,0.439941,-0.780896,0.241968,0.362952,-0.890881,0.208972,-0.604919,1.220837,0.120984,-0.373950,1.198840,-0.010999,-0.340955,1.242834,0.142981,0.351953,-1.055859,0.164978,0.252966,-0.791895,0.120984,0.549927,-0.978870,0.285962,-0.461938,0.967871,0.065991,-0.252966,1.154846,0.120984,-0.263965,1.242834,105256,496462,-99,123,8232,-16,-2,-21,631
1780493824.570134,105261,496470,0x0FFF,0.494934,0.340955,-0.956873,0.329956,0.461938,-0.956873,0.197974,0.340955,-0.934875,0.230969,-0.670911,1.352820,0.043994,-0.362952,1.198840,-0.021997,-0.296960,1.209839,0.230969,0.252966,-0.901880,0.142981,0.450940,-0.846887,0.076990,0.439941,-0.945874,0.329956,-0.516931,0.967871,0.208972,-0.241968,1.165845,0.197974,-0.263965,1.165845,105260,496468,-86,114,8232,-14,-4,-22,635
1780493824.572461,105262,496472,0x0FFF,0.494934,0.340955,-1.044861,0.340955,0.527930,-0.901880,0.274963,0.318958,-0.857886,0.252966,-0.659912,1.121851,0.208972,-0.318958,1.286829,0.021997,-0.274963,1.253833,0.164978,0.296960,-1.000867,0.175977,0.428943,-0.813892,0.087988,0.439941,-1.033862,0.197974,-0.373950,1.011865,0.175977,-0.274963,1.077856,0.120984,-0.142981,1.132849,105260,496468,-86,114,8232,-14,-4,-22,635
1780493824.573735,105264,496474,0x0FFF,0.384949,0.406946,-0.901880,0.230969,0.428943,-1.099854,0.219971,0.340955,-0.802893,0.230969,-0.549927,1.209839,0.076990,-0.384949,1.187842,0.010999,-0.340955,1.242834,0.263965,0.296960,-0.967871,0.241968,0.384949,-0.912878,0.120984,0.494934,-0.923877,0.263965,-0.472937,0.967871,0.208972,-0.450940,1.165845,0.164978,-0.175977,1.187842,105263,496472,-109,127,8227,-17,-2,-22,639
1780493824.576047,105265,496476,0x0FFF,0.461938,0.362952,-1.022864,0.351953,0.428943,-0.956873,0.263965,0.296960,-0.780896,0.197974,-0.582922,1.319824,0.032996,-0.329956,1.209839,0.098987,-0.274963,1.286829,0.131982,0.296960,-1.033862,0.197974,0.516931,-0.923877,0.109985,0.351953,-0.967871,0.307959,-0.384949,0.868884,0.186975,-0.307959,1.165845,0.164978,-0.219971,1.242834,105263,496472,-109,127,8227,-17,-2,-22,639
1780493824.578428,105266,496478,0x0FFF,0.384949,0.340955,-1.066858,0.241968,0.527930,-0.989868,0.241968,0.318958,-0.989868,0.230969,-0.747900,1.154846,0.000000,-0.373950,1.275830,0.076990,-0.197974,1.297827,0.274963,0.351953,-0.978870,0.241968,0.406946,-0.791895,0.153979,0.373950,-1.011865,0.241968,-0.373950,1.022864,0.076990,-0.318958,1.132849,0.197974,-0.186975,1.165845,105263,496472,-109,127,8227,-17,-2,-22,639
1780493824.580756,105268,496480,0x0FFF,0.417944,0.384949,-0.978870,0.351953,0.472937,-0.835889,0.230969,0.274963,-0.901880,0.285962,-0.604919,1.176843,0.065991,-0.384949,1.187842,0.021997,-0.230969,1.220837,0.131982,0.208972,-0.967871,0.208972,0.296960,-0.879883,0.175977,0.494934,-0.824890,0.175977,-0.494934,1.011865,0.087988,-0.406946,1.154846,0.164978,-0.142981,1.143848,105267,496479,-102,130,8235,-16,-1,-18,628
1780493824.582037,105269,496483,0x0FFF,0.461938,0.351953,-1.011865,0.219971,0.406946,-0.857886,0.175977,0.307959,-0.989868,0.208972,-0.571924,1.264832,0.054993,-0.230969,1.242834,0.098987,-0.252966,1.363818,0.219971,0.241968,-1.011865,0.175977,0.351953,-0.791895,0.098987,0.472937,-1.055859,0.175977,-0.417944,1.033862,0.142981,-0.362952,1.132849,0.263965,-0.197974,1.231836,105267,496479,-102,130,8235,-16,-1,-18,628
1780493824.584359,105271,496485,0x0FFF,0.428943,0.274963,-1.000867,0.362952,0.395947,-0.956873,0.252966,0.373950,-0.901880,0.230969,-0.648914,1.275830,0.142981,-0.340955,1.187842,0.065991,-0.307959,1.286829,0.219971,0.351953,-0.945874,0.153979,0.274963,-0.846887,0.109985,0.483936,-0.978870,0.252966,-0.428943,0.967871,0.087988,-0.340955,1.176843,0.230969,-0.208972,1.308826,105270,496483,-97,119,8223,-16,-2,-21,637
1780493824.586685,105272,496487,0x0FFF,0.494934,0.252966,-0.956873,0.307959,0.483936,-0.923877,0.263965,0.340955,-0.890881,0.285962,-0.549927,1.231836,0.087988,-0.373950,1.231836,-0.021997,-0.274963,1.253833,0.219971,0.318958,-0.879883,0.241968,0.351953,-0.901880,0.230969,0.494934,-0.879883,0.340955,-0.549927,0.978870,0.087988,-0.296960,1.088855,0.175977,-0.230969,1.198840,105270,496483,-97,119,8223,-16,-2,-21,637
1780493824.589201,105274,496489,0x0FFF,0.494934,0.450940,-1.022864,0.373950,0.384949,-0.945874,0.252966,0.274963,-0.989868,0.164978,-0.648914,1.198840,0.109985,-0.307959,1.209839,0.076990,-0.351953,1.297827,0.142981,0.351953,-0.901880,0.197974,0.285962,-0.835889,0.131982,0.516931,-0.868884,0.208972,-0.472937,1.000867,0.197974,-0.351953,1.209839,0.197974,-0.274963,1.198840,105273,496487,-110,120,8231,-18,3,-22,627
1780493824.590514,105275,496491,0x0FFF,0.538928,0.329956,-0.934875,0.340955,0.527930,-0.890881,0.307959,0.307959,-0.846887,0.252966,-0.615918,1.187842,0.087988,-0.406946,1.253833,-0.076990,-0.175977,1.264832,0.274963,0.362952,-0.956873,0.219971,0.395947,-0.791895,0.076990,0.538928,-0.934875,0.186975,-0.274963,1.011865,0.065991,-0.362952,1.066858,0.208972,-0.087988,1.341821,105273,496487,-110,120,8231,-18,3,-22,627
1780493824.592860,105276,496493,0x0FFF,0.538928,0.274963,-1.044861,0.329956,0.483936,-0.846887,0.296960,0.417944,-0.802893,0.307959,-0.604919,1.264832,0.098987,-0.362952,1.264832,0.032996,-0.208972,1.319824,0.274963,0.373950,-0.912878,0.208972,0.450940,-0.813892,0.230969,0.472937,-0.835889,0.197974,-0.461938,0.967871,0.076990,-0.351953,1.110852,0.098987,-0.351953,1.033862,105273,496487,-110,120,8231,-18,3,-22,627
1780493824.595193,105278,496495,0x0FFF,0.494934,0.395947,-1.000867,0.263965,0.505933,-0.978870,0.175977,0.340955,-0.857886,0.197974,-0.648914,1.198840,0.032996,-0.296960,1.264832,0.010999,-0.263965,1.297827,0.197974,0.373950,-0.967871,0.109985,0.362952,-0.879883,0.076990,0.373950,-0.967871,0.153979,-0.472937,0.967871,0.098987,-0.373950,1.209839,0.186975,-0.054993,1.088855,105277,496493,-116,111,8235,-16,-2,-20,642
1780493824.596454,105279,496497,0x0FFF,0.428943,0.241968,-1.088855,0.285962,0.450940,-0.934875,0.197974,0.340955,-0.901880,0.252966,-0.648914,1.286829,0.098987,-0.362952,1.132849,0.263965,-0.252966,1.286829,0.175977,0.340955,-1.055859,0.153979,0.362952,-0.846887,0.109985,0.461938,-0.890881,0.164978,-0.516931,0.923877,0.142981,-0.307959,1.022864,0.241968,-0.197974,1.132849,105277,496493,-116,111,8235,-16,-2,-20,642
1780493824.598803,105281,496499,0x0FFF,0.516931,0.406946,-1.110852,0.340955,0.571924,-0.989868,0.307959,0.461938,-0.934875,0.285962,-0.648914,1.099854,0.197974,-0.329956,1.187842,-0.043994,-0.109985,1.286829,0.274963,0.362952,-1.033862,0.230969,0.373950,-0.802893,0.109985,0.461938,-0.934875,0.197974,-0.340955,1.000867,0.120984,-0.285962,1.209839,0.197974,-0.263965,1.275830,105280,496497,-100,125,8237,-20,-6,-21,639
1780493824.601121,105282,496501,0x0FFF,0.428943,0.318958,-1.000867,0.307959,0.428943,-0.956873,0.252966,0.362952,-0.846887,0.329956,-0.703906,1.165845,0.043994,-0.351953,1.286829,0.065991,-0.362952,1.352820,0.263965,0.285962,-1.033862,0.120984,0.384949,-0.802893,0.076990,0.395947,-0.879883,0.153979,-0.395947,0.967871,0.098987,-0.329956,1.154846,0.098987,-0.164978,1.220837,105280,496497,-100,125,8237,-20,-6,-21,639
1780493824.603430,105283,496503,0x0FFF,0.329956,0.285962,-0.868884,0.263965,0.571924,-0.890881,0.318958,0.318958,-1.000867,0.252966,-0.648914,1.308826,0.032996,-0.384949,1.154846,0.142981,-0.351953,1.330823,0.241968,0.296960,-0.956873,0.142981,0.373950,-0.846887,0.153979,0.494934,-0.901880,0.164978,-0.406946,1.022864,0.065991,-0.230969,1.110852,0.230969,-0.197974,1.132849,105280,496497,-100,125,8237,-20,-6,-21,639
1780493824.605764,105285,496505,0x0FFF,0.527930,0.417944,-0.989868,0.263965,0.582922,-0.879883,0.230969,0.340955,-0.846887,0.285962,-0.571924,1.110852,0.142981,-0.296960,1.088855,-0.065991,-0.285962,1.352820,0.230969,0.340955,-0.967871,0.230969,0.428943,-0.769897,0.109985,0.395947,-0.978870,0.219971,-0.483936,0.989868,0.142981,-0.329956,1.198840,0.164978,-0.175977,1.088855,105284,496504,-101,110,8233,-17,-1,-22,641
1780493824.607033,105286,496508,0x0FFF,0.417944,0.340955,-0.956873,0.230969,0.505933,-0.934875,0.274963,0.362952,-0.945874,0.241968,-0.681909,1.253833,0.087988,-0.362952,1.242834,-0.043994,-0.274963,1.187842,0.186975,0.296960,-0.934875,0.208972,0.384949,-0.846887,0.131982,0.395947,-0.989868,0.208972,-0.549927,0.956873,0.142981,-0.274963,1.143848,0.142981,-0.076990,1.253833,105284,496504,-101,110,8233,-17,-1,-22,641
1780493824.609339,105288,496510,0x0FFF,0.428943,0.296960,-1.066858,0.362952,0.362952,-0.945874,0.186975,0.285962,-0.824890,0.329956,-0.560925,1.110852,0.109985,-0.340955,1.253833,0.000000,-0.208972,1.385815,0.164978,0.340955,-0.879883,0.241968,0.285962,-0.824890,0.131982,0.538928,-0.879883,0.230969,-0.417944,1.000867,0.120984,-0.274963,1.154846,0.186975,-0.208972,1.198840,105287,496508,-96,103,8234,-15,-3,-20,625
1780493824.611609,105289,496512,0x0FFF,0.505933,0.340955,-0.967871,0.197974,0.505933,-0.824890,0.219971,0.384949,-0.934875,0.241968,-0.703906,1.330823,0.087988,-0.296960,1.242834,-0.010999,-0.340955,1.286829,0.197974,0.307959,-0.978870,0.109985,0.417944,-0.824890,0.153979,0.439941,-0.890881,0.318958,-0.362952,0.934875,0.164978,-0.285962,1.110852,0.131982,-0.164978,1.264832,105287,496508,-96,103,8234,-15,-3,-20,625
1780493824.613932,105290,496514,0x0FFF,0.450940,0.384949,-1.022864,0.329956,0.461938,-0.868884,0.175977,0.329956,-0.758899,0.263965,-0.659912,1.264832,0.076990,-0.362952,1.055859,-0.065991,-0.153979,1.264832,0.230969,0.274963,-1.077856,0.175977,0.417944,-0.813892,0.142981,0.417944,-0.945874,0.142981,-0.428943,1.000867,0.098987,-0.329956,1.209839,0.153979,-0.153979,1.187842,105287,496508,-96,103,8234,-15,-3,-20,625
1780493824.616248,105292,496516,0x0FFF,0.450940,0.318958,-0.923877,0.285962,0.516931,-1.033862,0.307959,0.296960,-0.967871,0.285962,-0.670911,1.187842,0.076990,-0.362952,1.286829,0.065991,-0.252966,1.363818,0.076990,0.296960,-0.890881,0.219971,0.417944,-0.901880,0.252966,0.417944,-0.956873,0.285962,-0.417944,0.912878,0.098987,-0.318958,1.132849,0.120984,-0.219971,1.187842,105291,496514,-105,115,8220,-16,-3,-17,646
1780493824.617523,105293,496518,0x0FFF,0.395947,0.329956,-0.978870,0.296960,0.340955,-0.967871,0.252966,0.329956,-0.945874,0.252966,-0.626917,1.231836,0.219971,-0.340955,1.275830,0.043994,-0.296960,1.242834,0.142981,0.307959,-0.967871,0.120984,0.362952,-0.791895,0.054993,0.428943,-0.890881,0.219971,-0.362952,1.033862,0.164978,-0.307959,1.209839,0.109985,-0.219971,1.319824,105291,496514,-105,115,8220,-16,-3,-17,646
1780493824.619834,105295,496520,0x0FFF,0.373950,0.461938,-0.945874,0.406946,0.384949,-0.923877,0.164978,0.307959,-0.967871,0.252966,-0.560925,1.187842,-0.032996,-0.362952,1.286829,0.010999,-0.296960,1.440808,0.153979,0.395947,-1.066858,0.131982,0.483936,-0.802893,0.186975,0.384949,-0.879883,0.285962,-0.384949,1.033862,0.120984,-0.329956,1.055859,0.186975,-0.219971,1.165845,105294,496518,-99,118,8250,-17,-5,-22,634
1780493824.622143,105296,496522,0x0FFF,0.351953,0.307959,-1.066858,0.329956,0.494934,-0.901880,0.241968,0.362952,-0.912878,0.274963,-0.560925,1.253833,0.000000,-0.373950,1.297827,-0.010999,-0.142981,1.352820,0.274963,0.208972,-0.912878,0.120984,0.307959,-0.890881,0.087988,0.483936,-0.945874,0.153979,-0.439941,0.912878,0.164978,-0.307959,1.176843,0.142981,-0.087988,1.055859,105294,496518,-99,118,8250,-17,-5,-22,634
1780493824.624448,105298,496524,0x0FFF,0.450940,0.340955,-1.022864,0.219971,0.450940,-0.901880,0.241968,0.395947,-0.868884,0.285962,-0.637915,1.242834,0.186975,-0.274963,1.176843,-0.010999,-0.351953,1.220837,0.241968,0.373950,-0.923877,0.109985,0.461938,-0.978870,0.043994,0.516931,-0.989868,0.186975,-0.384949,1.066858,0.131982,-0.373950,1.077856,0.175977,-0.263965,1.077856,105297,496522,-109,115,8242,-15,-5,-20,630
1780493824.625684,105299,496526,0x0FFF,0.494934,0.340955,-0.945874,0.263965,0.527930,-0.857886,0.153979,0.395947,-0.978870,0.230969,-0.604919,1.198840,0.065991,-0.329956,1.253833,0.043994,-0.230969,1.374817,0.208972,0.318958,-0.945874,0.153979,0.417944,-0.813892,0.175977,0.505933,-0.890881,0.230969,-0.527930,1.022864,0.164978,-0.296960,1.099854,0.208972,-0.252966,1.319824,105297,496522,-109,115,8242,-15,-5,-20,630
1780493824.628026,105300,496528,0x0FFF,0.406946,0.395947,-0.967871,0.296960,0.483936,-0.857886,0.186975,0.373950,-0.967871,0.285962,-0.648914,1.198840,0.054993,-0.296960,1.187842,0.120984,-0.252966,1.308826,0.164978,0.373950,-1.044861,0.219971,0.450940,-0.879883,0.142981,0.373950,-0.923877,0.197974,-0.472937,1.044861,0.131982,-0.428943,1.154846,0.098987,-0.241968,1.198840,105297,496522,-109,115,8242,-15,-5,-20,630
1780493824.630366,105302,496530,0x0FFF,0.406946,0.296960,-0.967871,0.340955,0.582922,-0.978870,0.285962,0.307959,-0.813892,0.197974,-0.571924,1.077856,0.230969,-0.263965,1.176843,-0.087988,-0.329956,1.308826,0.241968,0.406946,-1.022864,0.230969,0.384949,-0.747900,0.153979,0.373950,-0.956873,0.164978,-0.494934,1.000867,0.120984,-0.329956,1.066858,0.175977,-0.263965,1.143848,105301,496529,-104,114,8243,-16,0,-17,637
1780493824.632730,105303,496533,0x0FFF,0.384949,0.340955,-0.912878,0.285962,0.626917,-1.033862,0.175977,0.186975,-1.044861,0.186975,-0.505933,1.319824,0.076990,-0.417944,1.297827,0.076990,-0.230969,1.253833,0.197974,0.406946,-1.011865,0.219971,0.472937,-0.813892,0.065991,0.395947,-0.879883,0.241968,-0.472937,1.011865,0.208972,-0.296960,1.176843,0.164978,-0.241968,1.286829,105301,496529,-104,114,8243,-16,0,-17,637
1780493824.634012,105305,496535,0x0FFF,0.417944,0.241968,-0.879883,0.318958,0.516931,-0.835889,0.285962,0.450940,-0.912878,0.197974,-0.615918,1.220837,0.076990,-0.329956,1.253833,0.010999,-0.230969,1.264832,0.263965,0.263965,-1.121851,0.109985,0.395947,-0.813892,0.054993,0.428943,-1.000867,0.208972,-0.417944,1.033862,0.230969,-0.197974,1.154846,0.087988,-0.208972,1.198840,105304,496533,-106,111,8239,-16,-3,-22,651
1780493824.636323,105306,496537,0x0FFF,0.395947,0.395947,-1.033862,0.230969,0.472937,-0.956873,0.296960,0.417944,-0.967871,0.296960,-0.714905,1.187842,0.087988,-0.285962,1.220837,0.000000,-0.285962,1.220837,0.274963,0.175977,-0.956873,0.164978,0.417944,-0.747900,0.197974,0.395947,-0.967871,0.186975,-0.406946,1.000867,0.131982,-0.307959,1.209839,0.131982,-0.263965,1.319824,105304,496533,-106,111,8239,-16,-3,-22,651
1780493824.638636,105307,496539,0x0FFF,0.351953,0.384949,-1.044861,0.395947,0.450940,-0.901880,0.296960,0.296960,-0.901880,0.274963,-0.681909,1.143848,0.208972,-0.406946,1.209839,-0.032996,-0.318958,1.242834,0.208972,0.274963,-0.934875,0.296960,0.428943,-0.780896,0.131982,0.274963,-0.945874,0.164978,-0.472937,0.967871,0.098987,-0.296960,1.220837,0.208972,-0.164978,1.176843,105304,496533,-106,111,8239,-16,-3,-22,651
1780493824.640939,105309,496541,0x0FFF,0.395947,0.318958,-0.978870,0.175977,0.560925,-0.879883,0.219971,0.252966,-0.879883,0.208972,-0.461938,1.187842,0.098987,-0.384949,1.253833,0.043994,-0.186975,1.242834,0.186975,0.318958,-1.000867,0.142981,0.384949,-0.780896,0.142981,0.285962,-0.945874,0.164978,-0.406946,1.022864,0.098987,-0.362952,1.143848,0.186975,-0.175977,1.132849,105308,496539,-96,103,8247,-16,-4,-22,635
1780493824.643251,105310,496543,0x0FFF,0.461938,0.395947,-0.989868,0.406946,0.494934,-0.824890,0.296960,0.384949,-0.934875,0.208972,-0.659912,1.264832,0.153979,-0.329956,1.154846,0.032996,-0.197974,1.330823,0.263965,0.329956,-0.978870,0.164978,0.395947,-0.692908,0.208972,0.483936,-0.879883,0.285962,-0.494934,1.000867,0.065991,-0.362952,1.110852,0.219971,-0.439941,1.231836,105308,496539,-96,103,8247,-16,-4,-22,635
1780493824.644515,105312,496545,0x0FFF,0.461938,0.362952,-1.066858,0.263965,0.406946,-0.956873,0.230969,0.263965,-0.890881,0.230969,-0.626917,1.341821,0.087988,-0.439941,1.209839,-0.032996,-0.274963,1.341821,0.153979,0.318958,-0.945874,0.164978,0.351953,-0.857886,0.120984,0.538928,-0.967871,0.252966,-0.406946,1.011865,0.131982,-0.340955,1.121851,-0.010999,-0.186975,1.231836,105311,496543,-109,107,8234,-15,-4,-23,628
1780493824.646825,105313,496547,0x0FFF,0.483936,0.142981,-1.099854,0.274963,0.483936,-0.912878,0.252966,0.384949,-0.846887,0.131982,-0.538928,1.231836,0.065991,-0.307959,1.209839,0.043994,-0.274963,1.275830,0.340955,0.263965,-0.945874,0.197974,0.450940,-0.923877,0.164978,0.384949,-0.824890,0.131982,-0.428943,0.923877,0.142981,-0.296960,1.187842,0.131982,-0.241968,1.187842,105311,496543,-109,107,8234,-15,-4,-23,628
1780493824.649126,105315,496549,0x0FFF,0.373950,0.384949,-0.923877,0.318958,0.494934,-0.945874,0.197974,0.417944,-1.022864,0.241968,-0.670911,1.231836,0.142981,-0.285962,1.253833,0.032996,-0.340955,1.330823,0.186975,0.384949,-0.923877,0.219971,0.450940,-0.802893,0.186975,0.439941,-0.912878,0.197974,-0.505933,1.121851,0.065991,-0.373950,1.165845,0.186975,-0.274963,1.165845,105314,496547,-106,109,8230,-19,-3,-20,634
1780493824.651421,105316,496551,0x0FFF,0.472937,0.318958,-1.088855,0.285962,0.483936,-1.011865,0.153979,0.219971,-0.934875,0.197974,-0.659912,1.220837,0.164978,-0.340955,1.110852,-0.098987,-0.384949,1.352820,0.219971,0.274963,-0.890881,0.230969,0.318958,-0.714905,0.153979,0.461938,-0.868884,0.197974,-0.373950,1.055859,0.208972,-0.406946,1.154846,0.219971,-0.131982,1.220837,105314,496547,-106,109,8230,-19,-3,-20,634
1780493824.653755,105317,496553,0x0FFF,0.472937,0.351953,-0.956873,0.252966,0.549927,-0.967871,0.186975,0.318958,-1.033862,0.197974,-0.582922,1.275830,0.142981,-0.340955,1.330823,0.087988,-0.296960,1.253833,0.252966,0.406946,-0.956873,0.120984,0.329956,-0.780896,0.164978,0.472937,-0.934875,0.219971,-0.472937,1.000867,0.175977,-0.285962,1.143848,0.142981,-0.186975,1.187842,105314,496547,-106,109,8230,-19,-3,-20,634
1780493824.655006,105320,496555,0x0FFF,0.516931,0.307959,-1.011865,0.307959,0.505933,-0.824890,0.219971,0.197974,-0.989868,0.373950,-0.637915,1.154846,0.098987,-0.395947,1.099854,-0.010999,-0.263965,1.286829,0.065991,0.340955,-0.912878,0.175977,0.450940,-0.813892,-0.021997,0.395947,-0.989868,0.219971,-0.483936,1.000867,0.109985,-0.384949,1.187842,0.219971,-0.252966,1.286829,105319,496554,-118,107,8230,-17,1,-22,638
1780493824.657340,105321,496558,0x0FFF,0.439941,0.417944,-1.011865,0.285962,0.373950,-1.011865,0.263965,0.274963,-0.857886,0.230969,-0.483936,1.231836,0.131982,-0.351953,1.385815,0.087988,-0.175977,1.275830,0.164978,0.307959,-0.934875,0.197974,0.593921,-0.857886,0.186975,0.417944,-0.945874,0.175977,-0.505933,1.000867,0.120984,-0.362952,1.176843,0.142981,-0.252966,1.176843,105319,496554,-118,107,8230,-17,1,-22,638
1780493824.659606,105323,496560,0x0FFF,0.516931,0.329956,-0.978870,0.285962,0.384949,-1.055859,0.208972,0.307959,-0.802893,0.219971,-0.648914,1.143848,0.109985,-0.461938,1.297827,0.021997,-0.307959,1.198840,0.263965,0.274963,-0.989868,0.142981,0.395947,-0.802893,0.098987,0.373950,-0.868884,0.197974,-0.384949,0.967871,0.197974,-0.230969,1.077856,0.153979,-0.263965,1.176843,105322,496558,-97,115,8231,-15,0,-21,642
1780493824.661897,105324,496562,0x0FFF,0.395947,0.351953,-1.022864,0.252966,0.472937,-0.989868,0.252966,0.406946,-0.846887,0.329956,-0.549927,1.253833,0.098987,-0.406946,1.308826,-0.032996,-0.384949,1.308826,0.219971,0.329956,-1.055859,0.186975,0.505933,-0.802893,0.175977,0.428943,-0.901880,0.153979,-0.461938,1.022864,0.131982,-0.285962,1.154846,0.109985,-0.285962,1.121851,105322,496558,-97,115,8231,-15,0,-21,642
1780493824.663132,105325,496564,0x0FFF,0.461938,0.362952,-0.857886,0.241968,0.450940,-0.967871,0.274963,0.395947,-0.758899,0.197974,-0.593921,1.242834,0.142981,-0.417944,1.253833,0.087988,-0.197974,1.407812,0.131982,0.340955,-1.077856,0.175977,0.351953,-0.791895,0.109985,0.461938,-0.945874,0.263965,-0.483936,0.978870,0.175977,-0.340955,1.176843,0.109985,-0.263965,1.143848,105322,496558,-97,115,8231,-15,0,-21,642
1780493824.665458,105327,496566,0x0FFF,0.483936,0.439941,-1.022864,0.362952,0.505933,-0.846887,0.318958,0.362952,-0.857886,0.197974,-0.593921,1.286829,0.219971,-0.318958,1.275830,0.076990,-0.241968,1.330823,0.285962,0.307959,-1.110852,0.219971,0.318958,-0.835889,0.164978,0.439941,-0.967871,0.186975,-0.428943,1.044861,0.043994,-0.307959,1.088855,0.131982,-0.285962,1.220837,105326,496564,-97,102,8228,-18,-4,-20,631
1780493824.667765,105328,496568,0x0FFF,0.571924,0.329956,-1.077856,0.362952,0.373950,-0.890881,0.307959,0.384949,-0.934875,0.285962,-0.659912,1.264832,0.087988,-0.285962,1.264832,0.010999,-0.241968,1.297827,0.131982,0.318958,-0.956873,0.054993,0.406946,-0.791895,0.131982,0.439941,-1.000867,0.252966,-0.494934,0.945874,0.098987,-0.450940,1.143848,0.120984,-0.109985,1.198840,105326,496564,-97,102,8228,-18,-4,-20,631
1780493824.670076,105330,496570,0x0FFF,0.505933,0.406946,-1.000867,0.263965,0.505933,-0.791895,0.230969,0.307959,-0.912878,0.197974,-0.791895,1.209839,0.043994,-0.362952,1.286829,0.021997,-0.395947,1.297827,0.252966,0.307959,-1.000867,0.153979,0.395947,-0.813892,0.164978,0.450940,-1.011865,0.208972,-0.505933,1.033862,0.076990,-0.395947,1.132849,0.175977,-0.197974,1.231836,105329,496568,-92,98,8237,-15,-4,-19,632
1780493824.672383,105331,496572,0x0FFF,0.362952,0.362952,-1.000867,0.362952,0.516931,-0.901880,0.241968,0.439941,-0.879883,0.241968,-0.549927,1.198840,0.109985,-0.439941,1.242834,0.043994,-0.296960,1.286829,0.252966,0.428943,-0.890881,0.164978,0.307959,-0.769897,0.186975,0.439941,-0.879883,0.230969,-0.494934,1.044861,0.087988,-0.230969,1.176843,0.142981,-0.186975,1.297827,105329,496568,-92,98,8237,-15,-4,-19,632
1780493824.673635,105333,496574,0x0FFF,0.428943,0.351953,-0.989868,0.329956,0.516931,-0.879883,0.318958,0.428943,-0.879883,0.109985,-0.571924,1.264832,0.120984,-0.450940,1.242834,0.120984,-0.274963,1.319824,0.186975,0.384949,-1.011865,0.175977,0.384949,-0.857886,0.120984,0.417944,-0.934875,0.175977,-0.384949,1.000867,0.065991,-0.340955,1.000867,0.307959,-0.219971,1.220837,105332,496573,-98,113,8233,-17,0,-18,632
1780493824.675927,105334,496576,0x0FFF,0.494934,0.516931,-1.011865,0.230969,0.527930,-0.846887,0.197974,0.230969,-0.901880,0.175977,-0.615918,1.253833,0.175977,-0.362952,1.198840,0.032996,-0.307959,1.341821,0.076990,0.428943,-0.934875,0.241968,0.318958,-0.824890,0.109985,0.483936,-0.934875,0.197974,-0.373950,1.044861,0.153979,-0.296960,1.110852,0.208972,-0.153979,1.209839,105332,496573,-98,113,8233,-17,0,-18,632
1780493824.678235,105335,496578,0x0FFF,0.428943,0.406946,-0.923877,0.329956,0.472937,-0.956873,0.252966,0.274963,-0.868884,0.175977,-0.593921,1.220837,0.175977,-0.417944,1.187842,0.043994,-0.208972,1.286829,0.351953,0.351953,-0.978870,0.219971,0.373950,-0.769897,0.164978,0.252966,-1.011865,0.296960,-0.428943,0.945874,0.142981,-0.219971,1.132849,0.120984,-0.219971,1.176843,105332,496573,-98,113,8233,-17,0,-18,632
1780493824.680539,105337,496580,0x0FFF,0.560925,0.406946,-0.956873,0.296960,0.472937,-0.758899,0.197974,0.329956,-0.868884,0.230969,-0.703906,1.231836,0.054993,-0.373950,1.286829,-0.021997,-0.296960,1.297827,0.197974,0.340955,-1.033862,0.142981,0.406946,-0.868884,0.153979,0.384949,-0.912878,0.329956,-0.505933,0.978870,0.098987,-0.373950,1.143848,0.153979,-0.098987,1.110852,105336,496579,-110,112,8242,-15,-3,-22,630
1780493824.682843,105338,496583,0x0FFF,0.494934,0.329956,-0.978870,0.263965,0.494934,-0.912878,0.340955,0.274963,-0.945874,0.263965,-0.571924,1.176843,0.175977,-0.384949,1.242834,-0.010999,-0.252966,1.286829,0.153979,0.351953,-1.000867,0.120984,0.362952,-0.813892,0.120984,0.406946,-0.879883,0.186975,-0.406946,0.989868,0.153979,-0.285962,1.110852,0.186975,-0.208972,1.275830,105336,496579,-110,112,8242,-15,-3,-22,630
1780493824.684097,105340,496585,0x0FFF,0.494934,0.351953,-1.022864,0.318958,0.494934,-0.989868,0.175977,0.296960,-0.835889,0.241968,-0.593921,1.308826,0.109985,-0.395947,1.154846,0.021997,-0.274963,1.308826,0.230969,0.406946,-1.033862,0.186975,0.439941,-0.813892,0.175977,0.329956,-0.912878,0.241968,-0.516931,0.967871,0.131982,-0.329956,1.154846,0.197974,-0.230969,1.264832,105339,496583,-89,114,8231,-14,-1,-19,643
1780493824.686458,105341,496587,0x0FFF,0.318958,0.285962,-1.011865,0.373950,0.549927,-0.945874,0.274963,0.340955,-0.956873,0.252966,-0.626917,1.132849,0.109985,-0.285962,1.242834,-0.021997,-0.274963,1.231836,0.186975,0.318958,-1.022864,0.164978,0.329956,-0.824890,0.142981,0.428943,-0.934875,0.241968,-0.472937,1.000867,0.175977,-0.274963,1.198840,0.230969,-0.120984,1.209839,105339,496583,-89,114,8231,-14,-1,-19,643
1780493824.688779,105342,496589,0x0FFF,0.483936,0.340955,-1.088855,0.329956,0.395947,-0.956873,0.098987,0.384949,-0.989868,0.230969,-0.549927,1.187842,0.109985,-0.318958,1.143848,-0.043994,-0.230969,1.242834,0.274963,0.296960,-0.857886,0.186975,0.428943,-0.802893,0.032996,0.417944,-0.945874,0.131982,-0.505933,0.978870,0.142981,-0.296960,1.121851,0.230969,-0.274963,1.187842,105339,496583,-89,114,8231,-14,-1,-19,643
1780493824.691095,105344,496591,0x0FFF,0.395947,0.406946,-0.956873,0.230969,0.527930,-0.923877,0.186975,0.307959,-0.923877,0.296960,-0.571924,1.198840,0.076990,-0.285962,1.231836,-0.120984,-0.197974,1.242834,0.230969,0.296960,-1.110852,0.208972,0.340955,-0.802893,0.043994,0.483936,-0.934875,0.230969,-0.494934,0.967871,0.021997,-0.329956,1.066858,0.208972,-0.241968,1.176843,105343,496589,-101,114,8227,-14,-5,-19,634
1780493824.692343,105345,496593,0x0FFF,0.527930,0.373950,-1.000867,0.164978,0.538928,-0.945874,0.274963,0.439941,-0.956873,0.175977,-0.670911,1.132849,0.109985,-0.373950,1.132849,0.010999,-0.296960,1.374817,0.197974,0.329956,-0.945874,0.274963,0.373950,-0.758899,0.175977,0.384949,-0.901880,0.131982,-0.472937,1.110852,0.076990,-0.384949,1.187842,0.230969,-0.164978,1.099854,105343,496589,-101,114,8227,-14,-5,-19,634
1780493824.694675,105347,496595,0x0FFF,0.461938,0.384949,-1.033862,0.384949,0.593921,-1.011865,0.318958,0.395947,-0.890881,0.329956,-0.670911,1.242834,0.043994,-0.252966,1.209839,-0.043994,-0.219971,1.308826,0.263965,0.351953,-0.912878,0.164978,0.417944,-0.736902,0.109985,0.373950,-0.857886,0.208972,-0.384949,1.033862,0.076990,-0.296960,1.110852,0.153979,-0.142981,1.264832,105346,496593,-100,120,8238,-15,-3,-21,636
1780493824.697002,105348,496597,0x0FFF,0.582922,0.362952,-0.956873,0.208972,0.494934,-0.824890,0.241968,0.351953,-0.879883,0.175977,-0.582922,1.297827,0.120984,-0.351953,1.242834,-0.010999,-0.296960,1.264832,0.153979,0.373950,-0.945874,0.219971,0.340955,-0.923877,0.241968,0.417944,-0.846887,0.186975,-0.472937,0.912878,0.153979,-0.329956,1.231836,0.175977,-0.230969,1.242834,105346,496593,-100,120,8238,-15,-3,-21,636
1780493824.699314,105350,496599,0x0FFF,0.384949,0.329956,-0.824890,0.318958,0.472937,-0.945874,0.241968,0.274963,-0.956873,0.340955,-0.604919,1.231836,0.098987,-0.395947,1.264832,-0.021997,-0.241968,1.253833,0.164978,0.340955,-1.000867,0.120984,0.351953,-0.758899,0.054993,0.472937,-1.011865,0.219971,-0.406946,0.945874,0.054993,-0.373950,1.055859,0.142981,-0.230969,1.187842,105349,496598,-100,116,8238,-13,-1,-17,641
1780493824.701613,105351,496601,0x0FFF,0.494934,0.384949,-0.923877,0.340955,0.549927,-1.000867,0.285962,0.340955,-0.890881,0.219971,-0.472937,1.198840,0.076990,-0.307959,1.242834,0.021997,-0.296960,1.286829,0.175977,0.373950,-1.077856,0.274963,0.428943,-0.681909,0.120984,0.362952,-0.923877,0.197974,-0.417944,0.989868,0.186975,-0.329956,1.264832,0.230969,-0.197974,1.231836,105349,496598,-100,116,8238,-13,-1,-17,641
1780493824.702871,105352,496603,0x0FFF,0.472937,0.340955,-0.967871,0.351953,0.560925,-1.011865,0.208972,0.329956,-1.000867,0.274963,-0.615918,1.286829,0.032996,-0.395947,1.132849,-0.076990,-0.285962,1.352820,0.274963,0.307959,-0.978870,0.109985,0.362952,-0.791895,0.208972,0.494934,-0.923877,0.197974,-0.527930,1.066858,0.098987,-0.362952,1.275830,0.252966,-0.230969,1.275830,105349,496598,-100,116,8238,-13,-1,-17,641
1780493824.705178,105354,496605,0x0FFF,0.527930,0.340955,-1.022864,0.318958,0.406946,-0.802893,0.208972,0.483936,-0.835889,0.230969,-0.714905,1.231836,0.076990,-0.439941,1.165845,0.032996,-0.307959,1.319824,0.164978,0.406946,-1.033862,0.186975,0.417944,-0.890881,0.142981,0.439941,-0.956873,0.252966,-0.450940,1.011865,0.076990,-0.340955,1.198840,0.142981,-0.131982,1.110852,105353,496604,-101,113,8222,-16,-1,-22,629
1780493824.707481,105355,496608,0x0FFF,0.461938,0.439941,-0.989868,0.318958,0.461938,-0.868884,0.230969,0.296960,-0.813892,0.274963,-0.626917,1.231836,0.098987,-0.362952,1.286829,-0.098987,-0.263965,1.363818,0.142981,0.395947,-0.901880,0.175977,0.395947,-0.802893,0.252966,0.395947,-0.934875,0.153979,-0.373950,1.055859,0.153979,-0.252966,1.121851,0.186975,-0.241968,1.220837,105353,496604,-101,113,8222,-16,-1,-22,629
1780493824.709783,105357,496610,0x0FFF,0.384949,0.417944,-0.978870,0.252966,0.461938,-0.923877,0.274963,0.395947,-0.923877,0.208972,-0.560925,1.242834,0.109985,-0.318958,1.187842,-0.087988,-0.318958,1.198840,0.164978,0.263965,-0.934875,0.186975,0.351953,-0.725903,0.153979,0.505933,-1.022864,0.263965,-0.428943,0.989868,0.076990,-0.351953,1.143848,0.241968,-0.197974,1.198840,105356,496608,-97,110,8222,-15,-4,-19,630
1780493824.711019,105358,496612,0x0FFF,0.450940,0.241968,-0.978870,0.351953,0.593921,-0.879883,0.142981,0.318958,-0.934875,0.340955,-0.615918,1.198840,0.109985,-0.461938,1.231836,0.043994,-0.296960,1.374817,0.197974,0.307959,-1.011865,0.131982,0.384949,-0.857886,0.076990,0.461938,-0.846887,0.307959,-0.395947,1.000867,0.120984,-0.241968,1.143848,0.098987,-0.186975,1.198840,105356,496608,-97,110,8222,-15,-4,-19,630
1780493824.713328,105359,496614,0x0FFF,0.483936,0.428943,-1.033862,0.263965,0.483936,-1.022864,0.208972,0.351953,-0.912878,0.296960,-0.725903,1.187842,0.153979,-0.351953,1.363818,0.109985,-0.252966,1.154846,0.186975,0.318958,-1.088855,0.230969,0.395947,-0.890881,0.021997,0.439941,-0.912878,0.164978,-0.450940,0.989868,0.131982,-0.318958,1.099854,0.142981,-0.131982,1.209839,105356,496608,-97,110,8222,-15,-4,-19,630
1780493824.715621,105361,496616,0x0FFF,0.384949,0.373950,-1.088855,0.219971,0.450940,-0.835889,0.164978,0.340955,-0.868884,0.252966,-0.615918,1.264832,0.120984,-0.340955,1.231836,-0.021997,-0.329956,1.330823,0.186975,0.307959,-0.989868,0.241968,0.472937,-0.835889,0.098987,0.362952,-0.956873,0.318958,-0.538928,1.022864,0.021997,-0.285962,1.253833,0.153979,-0.219971,1.154846,105360,496614,-93,117,8242,-16,-2,-24,635
1780493824.717960,105362,496618,0x0FFF,0.439941,0.340955,-1.044861,0.329956,0.494934,-0.901880,0.252966,0.461938,-0.956873,0.219971,-0.626917,1.242834,0.000000,-0.285962,1.198840,-0.076990,-0.164978,1.341821,0.208972,0.263965,-0.923877,0.164978,0.329956,-0.780896,0.120984,0.549927,-0.934875,0.241968,-0.472937,0.967871,0.087988,-0.329956,1.143848,0.186975,-0.263965,1.099854,105360,496614,-93,117,8242,-16,-2,-24,635
1780493824.720288,105364,496620,0x0FFF,0.417944,0.318958,-0.967871,0.318958,0.406946,-0.945874,0.241968,0.329956,-0.868884,0.230969,-0.637915,1.308826,0.252966,-0.274963,1.242834,0.032996,-0.263965,1.297827,0.296960,0.351953,-1.044861,0.230969,0.351953,-0.879883,0.186975,0.362952,-0.868884,0.307959,-0.461938,0.945874,0.032996,-0.428943,1.275830,0.164978,-0.142981,1.121851,105363,496618,-88,125,8231,-15,-3,-23,640
1780493824.721533,105365,496622,0x0FFF,0.439941,0.329956,-1.044861,0.340955,0.516931,-0.923877,0.362952,0.329956,-0.967871,0.373950,-0.681909,1.099854,0.164978,-0.362952,1.220837,0.010999,-0.318958,1.297827,0.252966,0.340955,-0.868884,0.219971,0.406946,-0.912878,0.175977,0.494934,-0.879883,0.120984,-0.406946,0.923877,0.054993,-0.417944,1.132849,0.230969,-0.208972,1.187842,105363,496618,-88,125,8231,-15,-3,-23,640
1780493824.723877,105367,496624,0x0FFF,0.483936,0.351953,-1.121851,0.197974,0.472937,-0.868884,0.219971,0.307959,-0.879883,0.197974,-0.527930,1.264832,0.131982,-0.351953,1.242834,0.021997,-0.164978,1.220837,0.109985,0.395947,-0.956873,0.164978,0.384949,-0.791895,0.120984,0.450940,-1.000867,0.164978,-0.384949,0.879883,0.032996,-0.406946,1.143848,0.142981,-0.120984,1.132849,105366,496623,-93,114,8226,-16,-2,-22,632
1780493824.726181,105368,496626,0x0FFF,0.505933,0.406946,-1.011865,0.340955,0.538928,-0.934875,0.318958,0.318958,-1.011865,0.241968,-0.571924,1.088855,0.109985,-0.373950,1.275830,-0.021997,-0.252966,1.429810,0.197974,0.307959,-0.967871,0.230969,0.384949,-0.857886,0.131982,0.384949,-0.967871,0.208972,-0.362952,1.033862,0.164978,-0.241968,1.330823,0.186975,-0.131982,1.242834,105366,496623,-93,114,8226,-16,-2,-22,632
1780493824.728499,105369,496628,0x0FFF,0.450940,0.351953,-0.923877,0.373950,0.505933,-0.802893,0.230969,0.395947,-0.901880,0.285962,-0.593921,1.264832,0.131982,-0.417944,1.198840,-0.021997,-0.285962,1.264832,0.208972,0.373950,-1.044861,0.285962,0.417944,-0.923877,0.087988,0.373950,-0.956873,0.197974,-0.483936,1.055859,0.131982,-0.362952,1.121851,0.131982,-0.296960,1.220837,105366,496623,-93,114,8226,-16,-2,-22,632
1780493824.730820,105371,496630,0x0FFF,0.450940,0.428943,-1.000867,0.307959,0.417944,-0.901880,0.219971,0.384949,-0.901880,0.197974,-0.626917,1.121851,0.065991,-0.373950,1.297827,0.054993,-0.252966,1.330823,0.197974,0.395947,-0.967871,0.142981,0.384949,-0.802893,0.175977,0.483936,-0.879883,0.208972,-0.417944,1.044861,0.186975,-0.263965,1.231836,0.076990,-0.252966,1.308826,105370,496629,-95,115,8239,-12,0,-22,645
1780493824.732100,105372,496633,0x0FFF,0.395947,0.417944,-1.066858,0.351953,0.560925,-0.868884,0.208972,0.307959,-0.879883,0.230969,-0.626917,1.154846,0.252966,-0.362952,1.176843,0.054993,-0.274963,1.253833,0.241968,0.318958,-0.956873,0.120984,0.329956,-0.857886,0.043994,0.527930,-0.802893,0.263965,-0.472937,0.978870,0.153979,-0.274963,1.209839,0.131982,-0.142981,1.121851,105370,496629,-95,115,8239,-12,0,-22,645
1780493824.734425,105374,496635,0x0FFF,0.483936,0.329956,-0.967871,0.329956,0.494934,-0.923877,0.307959,0.318958,-0.824890,0.318958,-0.648914,1.187842,0.230969,-0.417944,1.132849,-0.043994,-0.263965,1.176843,0.208972,0.252966,-1.066858,0.219971,0.373950,-0.703906,0.109985,0.483936,-0.879883,0.230969,-0.384949,0.934875,0.186975,-0.296960,1.099854,0.153979,-0.263965,1.253833,105373,496633,-102,118,8241,-16,-4,-19,645
1780493824.736769,105375,496637,0x0FFF,0.351953,0.340955,-1.022864,0.241968,0.362952,-0.945874,0.307959,0.274963,-0.934875,0.263965,-0.582922,1.286829,0.032996,-0.351953,1.286829,0.021997,-0.208972,1.242834,0.230969,0.285962,-0.956873,0.252966,0.406946,-0.835889,0.131982,0.483936,-1.077856,0.175977,-0.417944,1.000867,0.186975,-0.318958,1.132849,0.131982,-0.230969,1.110852,105373,496633,-102,118,8241,-16,-4,-19,645
1780493824.739085,105376,496639,0x0FFF,0.417944,0.252966,-0.879883,0.395947,0.450940,-0.945874,0.263965,0.307959,-0.934875,0.340955,-0.582922,1.275830,0.175977,-0.439941,1.187842,-0.032996,-0.307959,1.231836,0.087988,0.362952,-0.945874,0.164978,0.406946,-0.868884,0.120984,0.428943,-0.901880,0.274963,-0.406946,0.967871,0.109985,-0.362952,1.110852,0.197974,-0.175977,1.110852,105373,496633,-102,118,8241,-16,-4,-19,645
1780493824.740346,105378,496641,0x0FFF,0.582922,0.395947,-0.967871,0.373950,0.428943,-1.011865,0.274963,0.384949,-0.868884,0.340955,-0.692908,1.176843,0.021997,-0.252966,1.242834,-0.010999,-0.197974,1.297827,0.208972,0.362952,-1.022864,0.241968,0.362952,-0.835889,0.131982,0.505933,-0.989868,0.274963,-0.527930,1.022864,0.076990,-0.373950,1.176843,0.208972,-0.230969,1.165845,105377,496639,-110,105,8232,-17,-3,-21,639
1780493824.742660,105379,496643,0x0FFF,0.538928,0.439941,-0.956873,0.274963,0.406946,-0.890881,0.274963,0.329956,-0.978870,0.296960,-0.692908,1.330823,0.076990,-0.296960,1.253833,-0.087988,-0.296960,1.319824,0.241968,0.219971,-0.879883,0.120984,0.483936,-0.934875,0.153979,0.483936,-0.934875,0.241968,-0.450940,1.033862,0.032996,-0.307959,1.099854,0.219971,-0.241968,1.011865,105377,496639,-110,105,8232,-17,-3,-21,639
1780493824.744966,105381,496645,0x0FFF,0.560925,0.307959,-1.088855,0.307959,0.516931,-0.934875,0.263965,0.263965,-0.868884,0.329956,-0.615918,1.297827,0.098987,-0.329956,1.154846,0.010999,-0.164978,1.297827,0.197974,0.274963,-0.934875,0.186975,0.340955,-0.901880,0.076990,0.417944,-1.022864,0.219971,-0.296960,0.857886,0.043994,-0.406946,1.176843,0.087988,-0.285962,1.231836,105380,496643,-105,111,8245,-19,-3,-17,639
1780493824.747263,105382,496647,0x0FFF,0.527930,0.274963,-0.956873,0.230969,0.494934,-0.890881,0.329956,0.318958,-0.835889,0.340955,-0.604919,1.220837,0.120984,-0.362952,1.209839,0.010999,-0.252966,1.253833,0.186975,0.208972,-0.868884,0.186975,0.362952,-0.802893,0.120984,0.406946,-0.923877,0.285962,-0.527930,0.989868,0.120984,-0.406946,1.110852,0.219971,-0.098987,1.198840,105380,496643,-105,111,8245,-19,-3,-17,639
1780493824.749573,105383,496649,0x0FFF,0.516931,0.263965,-0.967871,0.373950,0.395947,-0.857886,0.241968,0.362952,-0.835889,0.318958,-0.659912,1.165845,0.054993,-0.263965,1.132849,0.021997,-0.219971,1.286829,0.109985,0.340955,-0.901880,0.197974,0.417944,-0.890881,0.087988,0.439941,-0.956873,0.263965,-0.307959,0.934875,0.186975,-0.318958,1.110852,0.186975,-0.175977,1.165845,105380,496643,-105,111,8245,-19,-3,-17,639
1780493824.750824,105385,496651,0x0FFF,0.384949,0.362952,-0.978870,0.307959,0.384949,-0.956873,0.329956,0.351953,-0.912878,0.197974,-0.549927,1.231836,0.164978,-0.219971,1.242834,0.186975,-0.285962,1.187842,0.208972,0.351953,-0.967871,0.175977,0.318958,-0.868884,0.164978,0.351953,-0.956873,0.296960,-0.417944,1.121851,0.087988,-0.351953,1.231836,0.164978,-0.296960,1.165845,105384,496650,-97,116,8238,-18,-1,-20,643
1780493824.753132,105386,496653,0x0FFF,0.461938,0.395947,-0.989868,0.318958,0.340955,-1.011865,0.296960,0.186975,-0.923877,0.153979,-0.626917,1.220837,0.153979,-0.318958,1.275830,0.065991,-0.153979,1.330823,0.186975,0.307959,-1.000867,0.087988,0.483936,-0.813892,0.065991,0.406946,-0.934875,0.208972,-0.439941,0.978870,0.109985,-0.362952,1.121851,0.153979,-0.208972,1.110852,105384,496650,-97,116,8238,-18,-1,-20,643
1780493824.755437,105388,496655,0x0FFF,0.461938,0.340955,-1.000867,0.329956,0.428943,-0.989868,0.219971,0.318958,-0.912878,0.153979,-0.626917,1.308826,0.098987,-0.373950,1.187842,0.076990,-0.318958,1.286829,0.142981,0.274963,-0.857886,0.153979,0.384949,-0.857886,0.131982,0.296960,-0.945874,0.230969,-0.406946,0.989868,0.087988,-0.329956,1.143848,0.186975,-0.175977,1.330823,105387,496654,-87,117,8246,-16,-5,-21,640
1780493824.757740,105389,496658,0x0FFF,0.384949,0.296960,-0.934875,0.384949,0.571924,-0.901880,0.197974,0.395947,-0.945874,0.285962,-0.582922,1.231836,0.010999,-0.307959,1.154846,0.043994,-0.329956,1.264832,0.219971,0.318958,-0.945874,0.208972,0.461938,-0.868884,0.120984,0.428943,-0.956873,0.230969,-0.483936,0.978870,0.109985,-0.318958,1.099854,0.164978,-0.208972,1.231836,105387,496654,-87,117,8246,-16,-5,-21,640
1780493824.758994,105391,496660,0x0FFF,0.450940,0.395947,-0.923877,0.384949,0.450940,-0.890881,0.065991,0.318958,-0.912878,0.252966,-0.692908,1.253833,0.098987,-0.219971,1.176843,-0.010999,-0.296960,1.242834,0.285962,0.296960,-1.055859,0.076990,0.373950,-0.769897,0.197974,0.417944,-0.912878,0.241968,-0.373950,0.978870,0.043994,-0.307959,1.209839,0.186975,-0.142981,1.209839,105390,496658,-96,104,8230,-17,-4,-20,637
1780493824.761293,105392,496662,0x0FFF,0.494934,0.439941,-0.978870,0.285962,0.560925,-0.901880,0.186975,0.263965,-0.934875,0.230969,-0.703906,1.264832,0.065991,-0.373950,1.154846,-0.076990,-0.175977,1.308826,0.175977,0.318958,-0.934875,0.208972,0.428943,-0.747900,0.208972,0.516931,-0.890881,0.241968,-0.483936,1.011865,0.109985,-0.340955,0.978870,0.076990,-0.175977,1.242834,105390,496658,-96,104,8230,-17,-4,-20,637
1780493824.763600,105393,496664,0x0FFF,0.340955,0.307959,-0.978870,0.186975,0.538928,-0.945874,0.285962,0.263965,-0.901880,0.208972,-0.626917,1.121851,0.021997,-0.307959,1.264832,-0.109985,-0.263965,1.286829,0.219971,0.318958,-0.967871,0.175977,0.428943,-0.846887,0.120984,0.362952,-1.044861,0.186975,-0.439941,0.945874,0.087988,-0.351953,1.165845,0.263965,-0.219971,1.286829,105390,496658,-96,104,8230,-17,-4,-20,637
1780493824.765905,105395,496666,0x0FFF,0.472937,0.384949,-1.000867,0.252966,0.505933,-0.989868,0.219971,0.274963,-0.857886,0.219971,-0.692908,1.198840,0.043994,-0.230969,1.286829,-0.021997,-0.362952,1.253833,0.197974,0.329956,-1.000867,0.263965,0.461938,-0.934875,0.219971,0.439941,-1.066858,0.197974,-0.428943,1.033862,0.208972,-0.274963,1.231836,0.153979,-0.241968,1.143848,105394,496664,-100,100,8231,-17,-3,-20,646
1780493824.768210,105396,496668,0x0FFF,0.450940,0.307959,-1.011865,0.406946,0.571924,-1.000867,0.252966,0.263965,-0.868884,0.274963,-0.714905,1.209839,-0.010999,-0.428943,1.143848,0.021997,-0.219971,1.286829,0.164978,0.384949,-0.978870,0.065991,0.230969,-0.846887,0.175977,0.395947,-0.956873,0.219971,-0.494934,1.000867,0.230969,-0.329956,1.143848,0.197974,-0.285962,1.286829,105394,496664,-100,100,8231,-17,-3,-20,646
1780493824.769467,105398,496670,0x0FFF,0.406946,0.318958,-0.945874,0.197974,0.472937,-0.912878,0.274963,0.252966,-1.011865,0.329956,-0.626917,1.220837,0.109985,-0.406946,1.220837,-0.021997,-0.307959,1.253833,0.164978,0.329956,-0.934875,0.241968,0.373950,-0.725903,0.087988,0.384949,-0.945874,0.296960,-0.483936,1.077856,0.043994,-0.373950,1.176843,0.120984,-0.175977,1.099854,105397,496668,-99,94,8234,-17,-6,-21,643
1780493824.771760,105399,496672,0x0FFF,0.450940,0.318958,-0.934875,0.230969,0.494934,-0.890881,0.208972,0.362952,-0.890881,0.241968,-0.626917,1.264832,0.032996,-0.296960,1.264832,-0.021997,-0.252966,1.286829,0.153979,0.285962,-1.033862,0.153979,0.406946,-0.846887,0.175977,0.384949,-0.846887,0.274963,-0.472937,1.088855,0.076990,-0.296960,0.989868,0.208972,-0.164978,1.165845,105397,496668,-99,94,8234,-17,-6,-21,643
1780493824.774071,105400,496674,0x0FFF,0.483936,0.318958,-0.989868,0.307959,0.527930,-0.945874,0.142981,0.252966,-0.857886,0.340955,-0.736902,1.198840,0.153979,-0.340955,1.198840,0.010999,-0.362952,1.341821,0.186975,0.252966,-1.000867,0.186975,0.461938,-0.846887,0.230969,0.428943,-1.000867,0.329956,-0.461938,1.011865,0.043994,-0.285962,1.176843,0.175977,-0.263965,1.165845,105397,496668,-99,94,8234,-17,-6,-21,643
1780493824.776393,105402,496676,0x0FFF,0.362952,0.384949,-0.967871,0.318958,0.483936,-0.978870,0.241968,0.252966,-0.956873,0.252966,-0.681909,1.154846,0.087988,-0.263965,1.308826,0.010999,-0.241968,1.385815,0.285962,0.263965,-0.956873,0.164978,0.461938,-0.868884,0.241968,0.450940,-1.066858,0.186975,-0.450940,0.956873,0.197974,-0.351953,1.209839,0.153979,-0.241968,1.121851,105401,496675,-101,104,8245,-16,-7,-19,631
1780493824.778705,105403,496678,0x0FFF,0.395947,0.461938,-0.978870,0.252966,0.494934,-0.692908,0.241968,0.340955,-0.956873,0.241968,-0.615918,1.143848,-0.054993,-0.340955,1.187842,0.065991,-0.252966,1.275830,0.164978,0.373950,-0.879883,0.197974,0.373950,-0.901880,0.087988,0.373950,-0.912878,0.318958,-0.417944,1.033862,0.098987,-0.340955,1.132849,0.197974,-0.307959,1.165845,105401,496675,-101,104,8245,-16,-7,-19,631
1780493824.779955,105405,496680,0x0FFF,0.373950,0.351953,-1.055859,0.483936,0.505933,-1.000867,0.219971,0.351953,-0.791895,0.208972,-0.670911,1.198840,0.021997,-0.340955,1.198840,0.021997,-0.252966,1.297827,0.329956,0.307959,-1.044861,0.197974,0.329956,-0.780896,0.120984,0.439941,-0.824890,0.197974,-0.483936,0.934875,0.054993,-0.329956,1.044861,0.164978,-0.208972,1.187842,105404,496679,-90,115,8243,-17,0,-21,645
1780493824.782260,105406,496683,0x0FFF,0.549927,0.428943,-1.066858,0.307959,0.505933,-1.000867,0.285962,0.274963,-1.022864,0.131982,-0.637915,1.187842,0.065991,-0.373950,1.308826,0.065991,-0.263965,1.275830,0.219971,0.384949,-0.956873,0.230969,0.384949,-0.879883,0.043994,0.483936,-1.011865,0.241968,-0.494934,0.956873,0.153979,-0.274963,1.165845,0.285962,-0.252966,1.176843,105404,496679,-90,115,8243,-17,0,-21,645
1780493824.784567,105408,496685,0x0FFF,0.373950,0.406946,-1.022864,0.340955,0.461938,-0.901880,0.307959,0.406946,-0.824890,0.219971,-0.659912,1.253833,0.054993,-0.362952,1.231836,-0.043994,-0.219971,1.198840,0.208972,0.252966,-0.835889,0.175977,0.351953,-0.857886,0.153979,0.505933,-0.978870,0.131982,-0.307959,1.055859,0.120984,-0.406946,1.143848,0.164978,-0.098987,1.198840,105407,496683,-94,100,8232,-18,-4,-23,632
1780493824.786864,105409,496687,0x0FFF,0.472937,0.307959,-1.000867,0.164978,0.483936,-0.901880,0.197974,0.230969,-0.923877,0.252966,-0.626917,1.176843,0.131982,-0.417944,1.242834,0.000000,-0.296960,1.198840,0.263965,0.373950,-0.945874,0.230969,0.384949,-0.736902,0.109985,0.450940,-0.956873,0.285962,-0.406946,0.945874,0.197974,-0.285962,1.143848,0.142981,-0.175977,1.121851,105407,496683,-94,100,8232,-18,-4,-23,632
1780493824.788099,105410,496689,0x0FFF,0.395947,0.362952,-1.033862,0.428943,0.472937,-0.967871,0.175977,0.307959,-0.934875,0.186975,-0.670911,1.231836,0.065991,-0.373950,1.264832,0.076990,-0.296960,1.242834,0.197974,0.351953,-1.099854,0.153979,0.340955,-0.824890,0.098987,0.439941,-0.824890,0.252966,-0.472937,0.956873,-0.010999,-0.296960,1.066858,0.175977,-0.175977,1.275830,105407,496683,-94,100,8232,-18,-4,-23,632
1780493824.790516,105412,496691,0x0FFF,0.384949,0.384949,-1.044861,0.340955,0.538928,-0.879883,0.219971,0.417944,-0.923877,0.340955,-0.747900,1.220837,0.032996,-0.450940,1.275830,-0.054993,-0.318958,1.418811,0.219971,0.252966,-0.879883,0.208972,0.461938,-0.879883,0.098987,0.450940,-0.846887,0.285962,-0.406946,0.956873,0.021997,-0.373950,1.077856,0.120984,-0.164978,1.264832,105411,496689,-97,100,8233,-15,-4,-19,636
1780493824.792846,105413,496693,0x0FFF,0.439941,0.373950,-0.890881,0.307959,0.516931,-0.956873,0.219971,0.439941,-0.901880,0.274963,-0.637915,1.341821,0.076990,-0.406946,1.253833,-0.076990,-0.241968,1.187842,0.230969,0.241968,-0.945874,0.219971,0.428943,-0.791895,0.098987,0.428943,-0.923877,0.285962,-0.450940,0.912878,0.197974,-0.274963,1.077856,0.219971,-0.296960,1.297827,105411,496689,-97,100,8233,-15,-4,-19,636
1780493824.795162,105415,496695,0x0FFF,0.406946,0.417944,-1.055859,0.296960,0.472937,-0.967871,0.252966,0.395947,-0.967871,0.208972,-0.725903,1.187842,0.109985,-0.318958,1.209839,0.021997,-0.362952,1.264832,0.186975,0.373950,-0.879883,0.142981,0.340955,-0.857886,0.186975,0.417944,-0.934875,0.175977,-0.351953,0.945874,0.043994,-0.362952,1.121851,0.219971,-0.098987,1.297827,105414,496693,-107,107,8232,-15,-3,-21,637
1780493824.797469,105416,496697,0x0FFF,0.406946,0.384949,-0.989868,0.285962,0.373950,-0.956873,0.274963,0.274963,-0.945874,0.263965,-0.604919,1.231836,0.000000,-0.395947,1.330823,0.021997,-0.186975,1.165845,0.120984,0.230969,-1.066858,0.098987,0.384949,-0.824890,0.131982,0.373950,-0.978870,0.219971,-0.439941,1.022864,0.054993,-0.318958,1.198840,0.164978,-0.307959,1.220837,105414,496693,-107,107,8232,-15,-3,-21,637
1780493824.798730,105417,496699,0x0FFF,0.516931,0.384949,-1.033862,0.230969,0.428943,-0.846887,0.263965,0.373950,-0.835889,0.219971,-0.681909,1.275830,0.021997,-0.340955,1.352820,0.076990,-0.296960,1.253833,0.285962,0.219971,-0.967871,0.197974,0.527930,-0.692908,0.065991,0.461938,-0.989868,0.263965,-0.417944,1.066858,0.186975,-0.252966,1.165845,0.241968,-0.164978,1.143848,105414,496693,-107,107,8232,-15,-3,-21,637
1780493824.801059,105419,496701,0x0FFF,0.439941,0.351953,-0.879883,0.241968,0.461938,-0.923877,0.285962,0.406946,-0.945874,0.208972,-0.648914,1.154846,0.076990,-0.329956,1.143848,-0.065991,-0.351953,1.264832,0.120984,0.362952,-1.022864,0.175977,0.472937,-0.879883,0.175977,0.351953,-0.857886,0.296960,-0.538928,1.000867,0.087988,-0.373950,1.231836,0.120984,-0.087988,1.242834,105418,496700,-103,102,8231,-15,0,-19,645
1780493824.803379,105420,496703,0x0FFF,0.417944,0.384949,-0.912878,0.241968,0.549927,-0.978870,0.230969,0.417944,-0.857886,0.296960,-0.582922,1.176843,0.142981,-0.329956,1.231836,0.087988,-0.318958,1.242834,0.230969,0.263965,-1.077856,0.241968,0.428943,-0.802893,0.109985,0.450940,-0.934875,0.186975,-0.384949,0.923877,0.142981,-0.274963,1.165845,0.142981,-0.197974,1.176843,105418,496700,-103,102,8231,-15,0,-19,645
1780493824.805686,105422,496705,0x0FFF,0.505933,0.329956,-0.989868,0.241968,0.417944,-0.802893,0.285962,0.373950,-0.901880,0.274963,-0.604919,1.231836,0.142981,-0.329956,1.209839,0.043994,-0.274963,1.440808,0.142981,0.318958,-0.956873,0.296960,0.439941,-0.901880,0.186975,0.428943,-0.956873,0.230969,-0.461938,0.956873,0.120984,-0.373950,1.209839,0.175977,-0.175977,1.209839,105421,496704,-98,116,8244,-15,-2,-19,646
1780493824.806928,105423,496708,0x0FFF,0.439941,0.384949,-1.022864,0.274963,0.648914,-0.934875,0.252966,0.318958,-0.912878,0.252966,-0.582922,1.154846,0.076990,-0.329956,1.143848,0.000000,-0.230969,1.231836,0.285962,0.362952,-0.978870,0.098987,0.362952,-0.846887,0.131982,0.527930,-0.846887,0.142981,-0.417944,0.978870,0.021997,-0.197974,1.033862,0.109985,-0.230969,1.165845,105421,496704,-98,116,8244,-15,-2,-19,646
1780493824.809266,105425,496710,0x0FFF,0.527930,0.483936,-0.901880,0.274963,0.450940,-0.868884,0.219971,0.351953,-0.945874,0.318958,-0.637915,1.176843,0.065991,-0.373950,1.308826,-0.032996,-0.285962,1.319824,0.263965,0.417944,-0.835889,0.153979,0.406946,-0.780896,0.120984,0.439941,-0.846887,0.087988,-0.395947,1.066858,0.142981,-0.307959,1.143848,0.318958,-0.142981,1.088855,105424,496708,-102,113,8233,-17,-4,-23,637
1780493824.811564,105426,496712,0x0FFF,0.527930,0.296960,-0.967871,0.263965,0.483936,-0.879883,0.252966,0.439941,-0.989868,0.208972,-0.505933,1.088855,0.120984,-0.373950,1.176843,0.098987,-0.329956,1.319824,0.164978,0.208972,-1.000867,0.098987,0.329956,-0.824890,0.153979,0.472937,-0.945874,0.241968,-0.461938,0.956873,0.153979,-0.373950,1.176843,0.153979,-0.307959,1.110852,105424,496708,-102,113,8233,-17,-4,-23,637
1780493824.813872,105427,496714,0x0FFF,0.461938,0.384949,-0.978870,0.307959,0.538928,-0.824890,0.208972,0.384949,-0.945874,0.263965,-0.637915,1.143848,0.076990,-0.428943,1.187842,0.054993,-0.263965,1.319824,0.219971,0.318958,-1.033862,0.142981,0.362952,-0.736902,0.175977,0.406946,-0.890881,0.329956,-0.329956,0.956873,0.120984,-0.307959,1.110852,0.208972,-0.208972,1.165845,105424,496708,-102,113,8233,-17,-4,-23,637
1780493824.816217,105429,496716,0x0FFF,0.472937,0.186975,-1.000867,0.373950,0.494934,-0.978870,0.164978,0.252966,-0.857886,0.241968,-0.637915,1.198840,0.043994,-0.296960,1.198840,0.065991,-0.219971,1.308826,0.087988,0.351953,-0.945874,0.241968,0.373950,-0.780896,0.175977,0.483936,-0.857886,0.263965,-0.406946,0.956873,0.010999,-0.351953,1.077856,0.142981,-0.296960,1.187842,105428,496714,-96,121,8243,-19,-2,-20,647
1780493824.817457,105430,496718,0x0FFF,0.340955,0.362952,-0.978870,0.384949,0.461938,-0.912878,0.197974,0.318958,-0.912878,0.263965,-0.648914,1.253833,-0.032996,-0.461938,1.363818,0.010999,-0.175977,1.253833,0.208972,0.318958,-0.967871,0.230969,0.384949,-0.769897,0.076990,0.428943,-0.912878,0.230969,-0.417944,0.978870,0.186975,-0.384949,1.187842,0.076990,-0.175977,1.231836,105428,496714,-96,121,8243,-19,-2,-20,647
1780493824.819791,105432,496720,0x0FFF,0.450940,0.384949,-1.011865,0.351953,0.483936,-0.945874,0.296960,0.373950,-0.813892,0.164978,-0.648914,1.209839,0.131982,-0.307959,1.253833,-0.043994,-0.263965,1.242834,0.252966,0.318958,-0.967871,0.241968,0.406946,-0.703906,0.065991,0.395947,-0.846887,0.197974,-0.318958,0.934875,0.208972,-0.274963,1.110852,0.230969,-0.131982,1.132849,105431,496718,-96,115,8235,-17,-3,-21,627
1780493824.822098,105433,496722,0x0FFF,0.494934,0.417944,-0.989868,0.296960,0.571924,-0.989868,0.285962,0.318958,-0.879883,0.285962,-0.604919,1.198840,0.043994,-0.329956,1.187842,-0.065991,-0.318958,1.209839,0.274963,0.384949,-0.967871,0.219971,0.373950,-0.879883,0.120984,0.439941,-0.879883,0.230969,-0.340955,0.978870,0.186975,-0.318958,1.110852,0.175977,-0.241968,1.209839,105431,496718,-96,115,8235,-17,-3,-21,627
1780493824.824436,105434,496724,0x0FFF,0.406946,0.307959,-0.879883,0.208972,0.549927,-0.989868,0.208972,0.263965,-0.890881,0.274963,-0.593921,1.209839,0.142981,-0.406946,1.253833,0.010999,-0.274963,1.341821,0.186975,0.373950,-1.066858,0.186975,0.318958,-0.736902,0.109985,0.472937,-0.879883,0.186975,-0.395947,1.000867,0.054993,-0.329956,1.121851,0.109985,-0.219971,1.187842,105431,496718,-96,115,8235,-17,-3,-21,627
1780493824.825708,105436,496726,0x0FFF,0.549927,0.296960,-1.000867,0.241968,0.516931,-0.901880,0.296960,0.296960,-0.912878,0.263965,-0.703906,1.242834,0.043994,-0.329956,1.297827,0.021997,-0.219971,1.176843,0.186975,0.285962,-0.923877,0.285962,0.362952,-0.857886,0.131982,0.439941,-0.912878,0.296960,-0.230969,0.989868,0.087988,-0.362952,1.000867,0.197974,-0.230969,1.110852,105435,496725,-97,124,8226,-14,-1,-18,640
1780493824.828044,105437,496728,0x0FFF,0.461938,0.373950,-1.044861,0.274963,0.505933,-0.912878,0.384949,0.362952,-1.044861,0.263965,-0.582922,1.209839,0.131982,-0.439941,1.220837,0.054993,-0.230969,1.275830,0.142981,0.329956,-1.000867,0.076990,0.406946,-0.846887,0.142981,0.373950,-0.945874,0.252966,-0.538928,0.934875,0.230969,-0.263965,1.022864,0.065991,-0.318958,1.110852,105435,496725,-97,124,8226,-14,-1,-18,640
1780493824.830376,105439,496730,0x0FFF,0.483936,0.329956,-1.088855,0.186975,0.384949,-0.967871,0.164978,0.351953,-0.956873,0.252966,-0.648914,1.264832,0.153979,-0.406946,1.176843,0.032996,-0.230969,1.253833,0.219971,0.329956,-0.890881,0.087988,0.395947,-0.901880,0.087988,0.461938,-0.923877,0.208972,-0.483936,0.835889,0.054993,-0.351953,1.121851,0.142981,-0.175977,1.220837,105438,496729,-89,106,8230,-16,-3,-20,638
1780493824.832710,105440,496733,0x0FFF,0.406946,0.384949,-1.022864,0.351953,0.494934,-0.923877,0.142981,0.406946,-0.912878,0.241968,-0.549927,1.363818,0.197974,-0.417944,1.110852,-0.043994,-0.351953,1.286829,0.109985,0.274963,-0.978870,0.186975,0.351953,-0.824890,0.142981,0.472937,-0.989868,0.219971,-0.417944,1.055859,0.153979,-0.285962,1.242834,0.230969,-0.241968,1.209839,105438,496729,-89,106,8230,-16,-3,-20,638
1780493824.835042,105442,496735,0x0FFF,0.494934,0.329956,-1.044861,0.329956,0.450940,-0.901880,0.263965,0.296960,-0.890881,0.340955,-0.571924,1.220837,0.109985,-0.340955,1.275830,-0.043994,-0.175977,1.352820,0.131982,0.329956,-0.934875,0.208972,0.395947,-0.824890,0.076990,0.494934,-0.813892,0.241968,-0.472937,0.978870,0.087988,-0.351953,1.077856,0.142981,-0.274963,1.242834,105441,496733,-89,112,8233,-16,-1,-20,651
1780493824.836301,105443,496737,0x0FFF,0.516931,0.296960,-1.022864,0.307959,0.505933,-0.989868,0.274963,0.340955,-0.868884,0.153979,-0.758899,1.330823,0.208972,-0.373950,1.220837,0.032996,-0.164978,1.319824,0.219971,0.384949,-1.000867,0.164978,0.417944,-0.791895,0.109985,0.417944,-0.934875,0.263965,-0.406946,0.945874,0.208972,-0.329956,1.110852,0.175977,-0.175977,1.231836,105441,496733,-89,112,8233,-16,-1,-20,651
1780493824.838590,105444,496739,0x0FFF,0.450940,0.384949,-0.923877,0.362952,0.549927,-0.989868,0.208972,0.417944,-0.901880,0.208972,-0.626917,1.165845,0.076990,-0.439941,1.198840,0.010999,-0.197974,1.297827,0.109985,0.318958,-0.989868,0.164978,0.472937,-0.846887,0.186975,0.538928,-1.000867,0.285962,-0.428943,0.967871,0.109985,-0.285962,1.220837,0.087988,-0.043994,1.132849,105441,496733,-89,112,8233,-16,-1,-20,651
1780493824.840899,105446,496741,0x0FFF,0.494934,0.296960,-1.055859,0.450940,0.450940,-0.967871,0.241968,0.307959,-0.989868,0.230969,-0.659912,1.198840,0.153979,-0.395947,1.143848,0.010999,-0.263965,1.297827,0.219971,0.219971,-1.066858,0.186975,0.494934,-0.934875,0.219971,0.395947,-1.000867,0.274963,-0.494934,0.978870,0.054993,-0.373950,1.143848,0.186975,-0.197974,1.242834,105445,496739,-92,110,8240,-15,2,-22,644
1780493824.843211,105447,496743,0x0FFF,0.472937,0.384949,-0.989868,0.340955,0.483936,-0.835889,0.219971,0.362952,-0.978870,0.329956,-0.615918,1.187842,0.142981,-0.362952,1.275830,0.021997,-0.263965,1.220837,0.109985,0.351953,-0.912878,0.153979,0.461938,-0.813892,0.197974,0.450940,-0.967871,0.241968,-0.494934,1.000867,0.109985,-0.307959,1.187842,0.208972,-0.142981,1.209839,105445,496739,-92,110,8240,-15,2,-22,644
1780493824.844461,105449,496745,0x0FFF,0.417944,0.329956,-0.923877,0.296960,0.560925,-1.011865,0.153979,0.351953,-0.923877,0.351953,-0.593921,1.143848,0.219971,-0.351953,1.253833,0.076990,-0.318958,1.308826,0.186975,0.340955,-1.099854,0.208972,0.296960,-0.923877,0.109985,0.428943,-0.989868,0.153979,-0.307959,1.000867,0.087988,-0.285962,1.176843,0.164978,-0.241968,1.231836,105448,496743,-88,114,8243,-15,-2,-17,642
1780493824.846755,105450,496747,0x0FFF,0.461938,0.472937,-0.890881,0.263965,0.450940,-0.945874,0.274963,0.274963,-0.934875,0.318958,-0.681909,1.286829,0.142981,-0.351953,1.209839,-0.032996,-0.252966,1.330823,0.329956,0.329956,-1.011865,0.241968,0.450940,-0.901880,0.131982,0.373950,-0.824890,0.263965,-0.527930,1.022864,0.175977,-0.395947,1.033862,0.120984,-0.197974,1.187842,105448,496743,-88,114,8243,-15,-2,-17,642
1780493824.849061,105451,496749,0x0FFF,0.461938,0.340955,-1.011865,0.307959,0.428943,-0.857886,0.153979,0.230969,-0.890881,0.219971,-0.593921,1.209839,0.175977,-0.395947,1.231836,0.054993,-0.274963,1.330823,0.252966,0.318958,-0.945874,0.153979,0.340955,-0.758899,0.164978,0.406946,-0.956873,0.230969,-0.439941,1.000867,0.120984,-0.285962,1.099854,0.153979,-0.219971,1.154846,105448,496743,-88,114,8243,-15,-2,-17,642
1780493824.851374,105453,496751,0x0FFF,0.395947,0.351953,-1.066858,0.263965,0.395947,-0.846887,0.263965,0.395947,-0.857886,0.252966,-0.637915,1.275830,0.087988,-0.241968,1.176843,0.010999,-0.340955,1.319824,0.274963,0.252966,-0.890881,0.186975,0.362952,-0.835889,0.131982,0.395947,-0.934875,0.153979,-0.483936,0.989868,0.120984,-0.318958,1.187842,0.164978,-0.153979,1.220837,105452,496750,-97,112,8224,-17,-2,-19,635
1780493824.853681,105454,496753,0x0FFF,0.428943,0.252966,-0.978870,0.296960,0.582922,-0.912878,0.274963,0.406946,-0.989868,0.208972,-0.659912,1.297827,0.186975,-0.307959,1.143848,0.120984,-0.252966,1.220837,0.252966,0.318958,-1.033862,0.142981,0.373950,-0.846887,0.043994,0.450940,-0.967871,0.230969,-0.527930,0.912878,0.054993,-0.296960,1.143848,0.252966,-0.252966,1.198840,105452,496750,-97,112,8224,-17,-2,-19,635
1780493824.854946,105456,496755,0x0FFF,0.527930,0.428943,-1.033862,0.230969,0.549927,-0.890881,0.230969,0.373950,-1.022864,0.351953,-0.549927,1.231836,0.087988,-0.351953,1.297827,0.032996,-0.230969,1.319824,0.175977,0.252966,-0.868884,0.252966,0.362952,-0.879883,0.208972,0.373950,-0.912878,0.175977,-0.384949,0.989868,0.131982,-0.340955,1.187842,0.065991,-0.252966,1.231836,105455,496754,-94,117,8241,-17,-1,-20,651
1780493824.857234,105457,496758,0x0FFF,0.318958,0.384949,-0.901880,0.285962,0.494934,-1.033862,0.252966,0.318958,-0.912878,0.241968,-0.549927,1.220837,0.131982,-0.351953,1.220837,-0.043994,-0.318958,1.275830,0.219971,0.296960,-0.857886,0.087988,0.318958,-0.846887,0.109985,0.461938,-0.978870,0.285962,-0.450940,0.978870,0.065991,-0.395947,1.121851,0.186975,-0.153979,1.110852,105455,496754,-94,117,8241,-17,-1,-20,651
1780493824.859538,105458,496760,0x0FFF,0.439941,0.362952,-1.000867,0.263965,0.538928,-0.901880,0.263965,0.384949,-0.956873,0.208972,-0.659912,1.308826,-0.043994,-0.395947,1.242834,0.032996,-0.263965,1.231836,0.219971,0.340955,-0.967871,0.142981,0.516931,-0.879883,0.208972,0.505933,-0.945874,0.186975,-0.483936,1.033862,0.153979,-0.252966,1.143848,0.197974,-0.241968,1.121851,105455,496754,-94,117,8241,-17,-1,-20,651
1780493824.861846,105460,496762,0x0FFF,0.516931,0.362952,-1.022864,0.417944,0.417944,-0.901880,0.252966,0.307959,-0.923877,0.241968,-0.637915,1.132849,0.120984,-0.373950,1.231836,0.021997,-0.274963,1.319824,0.208972,0.340955,-0.956873,0.208972,0.296960,-0.813892,0.021997,0.406946,-0.945874,0.208972,-0.439941,1.011865,0.098987,-0.241968,1.143848,0.153979,-0.142981,1.198840,105459,496760,-99,123,8230,-15,-2,-20,637
1780493824.864152,105461,496764,0x0FFF,0.527930,0.307959,-0.923877,0.373950,0.494934,-0.813892,0.296960,0.329956,-0.890881,0.285962,-0.571924,1.275830,0.098987,-0.362952,1.286829,-0.043994,-0.362952,1.220837,0.241968,0.362952,-0.956873,0.296960,0.384949,-0.879883,0.054993,0.527930,-0.901880,0.274963,-0.428943,0.923877,0.120984,-0.373950,1.165845,0.131982,-0.076990,1.253833,105459,496760,-99,123,8230,-15,-2,-20,637
1780493824.865403,105463,496766,0x0FFF,0.450940,0.428943,-0.923877,0.351953,0.406946,-0.912878,0.131982,0.395947,-0.912878,0.296960,-0.560925,1.286829,0.076990,-0.406946,1.253833,-0.021997,-0.208972,1.253833,0.164978,0.285962,-1.011865,0.164978,0.428943,-0.747900,0.186975,0.428943,-0.967871,0.274963,-0.406946,0.978870,0.142981,-0.329956,1.110852,0.164978,-0.219971,1.165845,105462,496764,-95,120,8234,-18,0,-19,643
1780493824.867723,105464,496768,0x0FFF,0.472937,0.340955,-1.066858,0.274963,0.494934,-0.945874,0.263965,0.395947,-0.923877,0.263965,-0.659912,1.297827,0.175977,-0.296960,1.176843,-0.043994,-0.263965,1.330823,0.164978,0.417944,-1.011865,0.142981,0.439941,-0.835889,0.131982,0.472937,-0.978870,0.219971,-0.483936,1.022864,0.120984,-0.384949,1.231836,0.219971,-0.197974,1.275830,105462,496764,-95,120,8234,-18,0,-19,643
1780493824.870026,105466,496770,0x0FFF,0.483936,0.395947,-0.956873,0.274963,0.494934,-0.923877,0.263965,0.472937,-0.945874,0.263965,-0.626917,1.209839,0.131982,-0.417944,1.297827,-0.054993,-0.285962,1.242834,0.263965,0.362952,-0.923877,0.131982,0.483936,-0.835889,0.087988,0.417944,-0.857886,0.164978,-0.384949,0.879883,0.000000,-0.428943,1.154846,0.153979,-0.142981,1.220837,105465,496768,-94,111,8239,-17,-2,-22,643
1780493824.872315,105467,496772,0x0FFF,0.472937,0.461938,-1.033862,0.208972,0.494934,-0.846887,0.285962,0.318958,-1.033862,0.296960,-0.659912,1.198840,0.054993,-0.406946,1.374817,0.032996,-0.307959,1.286829,0.219971,0.340955,-1.044861,0.175977,0.428943,-0.912878,0.175977,0.417944,-0.967871,0.153979,-0.439941,0.901880,0.131982,-0.285962,1.220837,0.131982,-0.263965,1.187842,105465,496768,-94,111,8239,-17,-2,-22,643
1780493824.873549,105468,496774,0x0FFF,0.406946,0.417944,-0.923877,0.318958,0.439941,-0.945874,0.219971,0.395947,-0.945874,0.329956,-0.626917,1.132849,0.032996,-0.241968,1.110852,-0.109985,-0.296960,1.330823,0.241968,0.252966,-1.011865,0.252966,0.439941,-0.813892,0.197974,0.461938,-0.945874,0.219971,-0.582922,1.022864,0.076990,-0.219971,1.165845,0.241968,-0.241968,1.242834,105465,496768,-94,111,8239,-17,-2,-22,643
1780493824.875875,105470,496776,0x0FFF,0.461938,0.428943,-1.099854,0.307959,0.494934,-1.033862,0.296960,0.340955,-0.989868,0.153979,-0.626917,1.220837,0.131982,-0.483936,1.286829,0.043994,-0.197974,1.330823,0.208972,0.263965,-0.923877,0.175977,0.362952,-0.813892,0.087988,0.384949,-0.890881,0.219971,-0.351953,0.901880,0.087988,-0.296960,1.110852,0.142981,-0.120984,1.143848,105469,496775,-91,122,8236,-14,-4,-19,634
1780493824.878180,105471,496778,0x0FFF,0.538928,0.395947,-0.923877,0.285962,0.439941,-0.890881,0.208972,0.417944,-0.879883,0.241968,-0.604919,1.198840,0.142981,-0.318958,1.253833,0.010999,-0.329956,1.330823,0.285962,0.274963,-1.022864,0.208972,0.373950,-0.868884,0.010999,0.461938,-0.978870,0.219971,-0.461938,1.022864,0.142981,-0.274963,1.198840,0.175977,-0.131982,1.143848,105469,496775,-91,122,8236,-14,-4,-19,634
1780493824.880490,105473,496780,0x0FFF,0.560925,0.373950,-1.011865,0.395947,0.538928,-0.967871,0.131982,0.274963,-0.868884,0.351953,-0.703906,1.297827,0.109985,-0.450940,1.187842,0.010999,-0.219971,1.286829,0.263965,0.241968,-0.989868,0.219971,0.318958,-0.780896,0.120984,0.395947,-1.044861,0.285962,-0.406946,1.000867,0.043994,-0.318958,1.165845,0.186975,-0.142981,1.187842,105472,496779,-95,109,8235,-18,-5,-21,633
1780493824.882779,105474,496783,0x0FFF,0.395947,0.307959,-0.978870,0.329956,0.582922,-0.890881,0.329956,0.329956,-0.934875,0.208972,-0.483936,1.198840,0.032996,-0.307959,1.264832,-0.054993,-0.219971,1.286829,0.142981,0.241968,-0.978870,0.252966,0.439941,-0.813892,0.175977,0.549927,-0.901880,0.164978,-0.505933,0.956873,0.098987,-0.362952,1.099854,0.120984,-0.274963,1.110852,105472,496779,-95,109,8235,-18,-5,-21,633
1780493824.884026,105475,496785,0x0FFF,0.406946,0.230969,-0.945874,0.351953,0.516931,-0.989868,0.285962,0.362952,-0.890881,0.296960,-0.648914,1.231836,-0.032996,-0.307959,1.231836,0.054993,-0.296960,1.220837,0.131982,0.274963,-1.011865,0.208972,0.428943,-0.813892,0.120984,0.362952,-0.890881,0.153979,-0.362952,0.978870,0.043994,-0.307959,1.121851,0.098987,-0.109985,1.187842,105472,496779,-95,109,8235,-18,-5,-21,633
1780493824.886411,105477,496787,0x0FFF,0.505933,0.296960,-1.000867,0.274963,0.450940,-0.901880,0.252966,0.340955,-0.824890,0.241968,-0.549927,1.253833,0.010999,-0.329956,1.297827,0.032996,-0.142981,1.198840,0.153979,0.351953,-1.011865,0.153979,0.351953,-0.802893,0.065991,0.340955,-0.923877,0.329956,-0.395947,0.978870,0.010999,-0.417944,1.242834,0.164978,-0.230969,1.154846,105476,496785,-102,114,8240,-17,-2,-21,633
1780493824.888729,105478,496789,0x0FFF,0.340955,0.395947,-1.088855,0.329956,0.450940,-0.956873,0.219971,0.351953,-0.846887,0.285962,-0.692908,1.253833,0.098987,-0.373950,1.209839,0.010999,-0.318958,1.308826,0.252966,0.318958,-0.989868,0.164978,0.351953,-0.791895,0.032996,0.406946,-0.989868,0.186975,-0.483936,1.044861,0.131982,-0.241968,1.154846,0.197974,-0.153979,1.198840,105476,496785,-102,114,8240,-17,-2,-21,633
1780493824.891040,105480,496791,0x0FFF,0.527930,0.307959,-0.923877,0.252966,0.439941,-0.868884,0.197974,0.307959,-0.912878,0.230969,-0.593921,1.275830,0.131982,-0.417944,1.253833,0.032996,-0.307959,1.264832,0.153979,0.373950,-0.923877,0.098987,0.384949,-0.868884,0.153979,0.373950,-0.890881,0.307959,-0.395947,1.022864,0.153979,-0.285962,1.187842,0.043994,-0.197974,1.154846,105479,496789,-99,111,8243,-17,-4,-23,642
1780493824.893364,105481,496793,0x0FFF,0.483936,0.307959,-1.088855,0.373950,0.483936,-0.890881,0.263965,0.439941,-0.934875,0.175977,-0.615918,1.209839,0.032996,-0.450940,1.275830,-0.054993,-0.340955,1.330823,0.153979,0.263965,-0.945874,0.252966,0.395947,-0.725903,0.186975,0.428943,-0.912878,0.252966,-0.571924,1.033862,0.153979,-0.351953,1.154846,0.131982,-0.131982,1.275830,105479,496789,-99,111,8243,-17,-4,-23,642
1780493824.894666,105483,496795,0x0FFF,0.428943,0.362952,-0.978870,0.373950,0.450940,-0.824890,0.197974,0.351953,-0.934875,0.263965,-0.626917,1.220837,0.131982,-0.241968,1.374817,0.021997,-0.252966,1.308826,0.153979,0.395947,-0.923877,0.197974,0.373950,-0.780896,0.076990,0.428943,-0.857886,0.175977,-0.384949,0.945874,0.142981,-0.285962,1.066858,0.164978,-0.219971,1.253833,105482,496793,-112,107,8238,-16,-1,-21,639
1780493824.896960,105484,496797,0x0FFF,0.373950,0.318958,-0.945874,0.263965,0.450940,-0.923877,0.274963,0.318958,-0.890881,0.241968,-0.626917,1.242834,0.131982,-0.274963,1.220837,-0.010999,-0.263965,1.176843,0.219971,0.351953,-0.890881,0.252966,0.373950,-0.813892,0.131982,0.417944,-0.967871,0.241968,-0.307959,0.923877,0.109985,-0.351953,1.198840,0.021997,-0.219971,1.121851,105482,496793,-112,107,8238,-16,-1,-21,639
1780493824.899272,105485,496799,0x0FFF,0.494934,0.318958,-0.945874,0.274963,0.483936,-0.912878,0.186975,0.362952,-0.835889,0.153979,-0.483936,1.297827,0.142981,-0.351953,1.132849,0.043994,-0.197974,1.341821,0.241968,0.362952,-0.890881,0.087988,0.527930,-0.703906,0.120984,0.406946,-1.033862,0.120984,-0.593921,0.978870,0.142981,-0.307959,1.165845,0.219971,-0.219971,1.187842,105482,496793,-112,107,8238,-16,-1,-21,639
1780493824.901584,105487,496801,0x0FFF,0.516931,0.428943,-1.044861,0.219971,0.472937,-1.011865,0.274963,0.307959,-0.912878,0.175977,-0.681909,1.165845,0.131982,-0.307959,1.297827,0.043994,-0.296960,1.286829,0.131982,0.329956,-0.923877,0.230969,0.439941,-0.780896,0.164978,0.362952,-0.934875,0.219971,-0.417944,0.945874,0.164978,-0.351953,1.143848,0.164978,-0.153979,1.253833,105486,496800,-98,109,8243,-17,-5,-20,645
1780493824.902844,105488,496803,0x0FFF,0.450940,0.461938,-0.890881,0.329956,0.406946,-0.857886,0.307959,0.307959,-0.802893,0.285962,-0.670911,1.154846,0.076990,-0.340955,1.330823,-0.021997,-0.230969,1.363818,0.241968,0.230969,-0.978870,0.263965,0.274963,-0.857886,0.120984,0.461938,-0.934875,0.197974,-0.538928,0.967871,0.131982,-0.230969,1.154846,0.197974,-0.230969,1.110852,105486,496800,-98,109,8243,-17,-5,-20,645
1780493824.905159,105490,496805,0x0FFF,0.549927,0.340955,-0.846887,0.307959,0.461938,-0.978870,0.296960,0.384949,-0.901880,0.241968,-0.736902,1.330823,0.054993,-0.274963,1.132849,0.098987,-0.252966,1.374817,0.175977,0.395947,-0.901880,0.230969,0.549927,-0.725903,0.219971,0.395947,-0.934875,0.197974,-0.417944,1.077856,0.054993,-0.329956,1.132849,0.175977,-0.340955,1.286829,105489,496804,-98,123,8234,-18,-2,-18,645
1780493824.907453,105491,496808,0x0FFF,0.373950,0.274963,-1.000867,0.296960,0.472937,-0.956873,0.153979,0.362952,-0.923877,0.241968,-0.703906,1.187842,0.131982,-0.439941,1.187842,0.032996,-0.230969,1.286829,0.274963,0.340955,-1.000867,0.186975,0.417944,-0.758899,0.142981,0.373950,-0.901880,0.120984,-0.417944,0.956873,0.142981,-0.428943,1.209839,0.164978,-0.241968,1.165845,105489,496804,-98,123,8234,-18,-2,-18,645
1780493824.909756,105492,496810,0x0FFF,0.428943,0.329956,-0.978870,0.274963,0.472937,-0.890881,0.252966,0.439941,-0.890881,0.219971,-0.604919,1.319824,0.098987,-0.340955,1.286829,-0.054993,-0.263965,1.330823,0.153979,0.340955,-0.901880,0.120984,0.340955,-0.791895,0.131982,0.505933,-0.890881,0.219971,-0.461938,0.967871,0.087988,-0.318958,1.044861,0.252966,-0.142981,1.286829,105489,496804,-98,123,8234,-18,-2,-18,645
1780493824.912069,105494,496812,0x0FFF,0.439941,0.351953,-1.066858,0.362952,0.483936,-0.923877,0.252966,0.362952,-0.857886,0.197974,-0.681909,1.264832,-0.010999,-0.351953,1.143848,-0.087988,-0.307959,1.319824,0.186975,0.285962,-0.945874,0.208972,0.439941,-0.945874,0.197974,0.428943,-0.912878,0.296960,-0.362952,0.945874,0.219971,-0.450940,1.077856,0.263965,-0.120984,1.209839,105493,496810,-103,117,8233,-17,-3,-22,638
1780493824.913328,105495,496814,0x0FFF,0.439941,0.395947,-0.967871,0.263965,0.461938,-0.934875,0.274963,0.340955,-0.945874,0.153979,-0.604919,1.231836,0.109985,-0.307959,1.231836,-0.032996,-0.307959,1.352820,0.219971,0.340955,-1.022864,0.175977,0.417944,-0.923877,0.109985,0.417944,-0.934875,0.197974,-0.483936,0.945874,0.087988,-0.329956,1.099854,0.219971,-0.252966,1.231836,105493,496810,-103,117,8233,-17,-3,-22,638
1780493824.915603,105497,496816,0x0FFF,0.417944,0.373950,-1.022864,0.362952,0.582922,-0.890881,0.296960,0.340955,-0.934875,0.241968,-0.637915,1.308826,0.120984,-0.285962,1.165845,0.021997,-0.351953,1.385815,0.219971,0.351953,-0.890881,0.098987,0.450940,-0.813892,0.153979,0.395947,-0.846887,0.175977,-0.417944,1.000867,0.153979,-0.241968,1.132849,0.230969,-0.175977,1.253833,105496,496814,-99,104,8257,-16,-1,-24,641
1780493824.917911,105498,496818,0x0FFF,0.494934,0.373950,-0.967871,0.307959,0.439941,-0.879883,0.230969,0.307959,-0.813892,0.252966,-0.780896,1.209839,0.120984,-0.406946,1.242834,-0.054993,-0.384949,1.187842,0.087988,0.329956,-1.000867,0.175977,0.450940,-0.824890,0.208972,0.340955,-1.022864,0.318958,-0.450940,1.066858,0.131982,-0.197974,1.110852,0.153979,-0.230969,1.176843,105496,496814,-99,104,8257,-16,-1,-24,641
1780493824.920222,105500,496820,0x0FFF,0.428943,0.329956,-0.956873,0.307959,0.516931,-0.967871,0.241968,0.307959,-0.901880,0.274963,-0.626917,1.132849,-0.010999,-0.340955,1.176843,0.021997,-0.120984,1.231836,0.175977,0.285962,-1.022864,0.219971,0.472937,-0.890881,0.120984,0.362952,-0.923877,0.241968,-0.527930,1.011865,0.043994,-0.263965,1.154846,0.197974,-0.252966,1.209839,105499,496818,-102,110,8240,-15,-3,-19,637
1780493824.921463,105501,496822,0x0FFF,0.362952,0.439941,-0.978870,0.274963,0.450940,-0.802893,0.153979,0.373950,-0.901880,0.373950,-0.615918,1.286829,0.032996,-0.373950,1.154846,0.043994,-0.274963,1.286829,0.241968,0.329956,-0.934875,0.230969,0.439941,-0.835889,0.098987,0.505933,-0.912878,0.208972,-0.406946,1.000867,0.186975,-0.285962,1.110852,0.153979,-0.208972,1.176843,105499,496818,-102,110,8240,-15,-3,-19,637
1780493824.923774,105502,496824,0x0FFF,0.395947,0.417944,-0.989868,0.186975,0.549927,-0.912878,0.186975,0.329956,-0.890881,0.285962,-0.593921,1.176843,0.098987,-0.318958,1.143848,-0.021997,-0.208972,1.275830,0.120984,0.252966,-0.890881,0.274963,0.516931,-0.791895,0.076990,0.428943,-0.857886,0.307959,-0.417944,0.956873,0.186975,-0.296960,1.099854,0.219971,-0.175977,1.231836,105499,496818,-102,110,8240,-15,-3,-19,637
1780493824.926084,105504,496826,0x0FFF,0.461938,0.362952,-0.923877,0.153979,0.505933,-1.000867,0.153979,0.373950,-0.879883,0.274963,-0.670911,1.264832,0.164978,-0.351953,1.132849,0.043994,-0.153979,1.165845,0.252966,0.318958,-0.956873,0.219971,0.417944,-0.736902,0.131982,0.417944,-0.923877,0.032996,-0.461938,0.934875,0.098987,-0.395947,1.088855,0.197974,-0.241968,1.110852,105503,496825,-97,123,8251,-17,-3,-22,632
1780493824.928391,105505,496828,0x0FFF,0.516931,0.230969,-1.022864,0.186975,0.417944,-0.912878,0.329956,0.362952,-0.835889,0.318958,-0.714905,1.198840,0.054993,-0.241968,1.264832,0.142981,-0.351953,1.308826,0.175977,0.318958,-0.978870,0.263965,0.329956,-0.780896,0.131982,0.483936,-1.000867,0.318958,-0.560925,1.066858,0.142981,-0.340955,1.198840,0.296960,-0.164978,1.319824,105503,496825,-97,123,8251,-17,-3,-22,632
1780493824.930695,105507,496830,0x0FFF,0.483936,0.307959,-0.978870,0.384949,0.516931,-0.879883,0.197974,0.296960,-0.912878,0.153979,-0.593921,1.297827,0.142981,-0.285962,1.242834,0.109985,-0.318958,1.253833,0.219971,0.373950,-0.923877,0.120984,0.450940,-0.879883,0.142981,0.450940,-0.989868,0.153979,-0.494934,1.022864,0.153979,-0.296960,1.165845,0.197974,-0.208972,1.275830,105506,496829,-99,128,8239,-17,-3,-23,631
1780493824.931931,105508,496833,0x0FFF,0.483936,0.406946,-1.044861,0.384949,0.384949,-0.824890,0.274963,0.340955,-0.791895,0.296960,-0.714905,1.209839,0.131982,-0.318958,1.330823,0.087988,-0.285962,1.275830,0.219971,0.296960,-1.011865,0.208972,0.384949,-0.846887,0.175977,0.318958,-0.945874,0.307959,-0.395947,1.077856,0.109985,-0.428943,1.088855,0.175977,-0.186975,1.143848,105506,496829,-99,128,8239,-17,-3,-23,631
1780493824.934259,105509,496835,0x0FFF,0.538928,0.406946,-1.044861,0.274963,0.527930,-1.011865,0.241968,0.274963,-0.802893,0.208972,-0.659912,1.187842,0.043994,-0.274963,1.341821,0.076990,-0.263965,1.253833,0.208972,0.351953,-0.967871,0.307959,0.483936,-0.879883,0.230969,0.450940,-0.912878,0.274963,-0.428943,1.110852,0.032996,-0.340955,1.198840,0.164978,-0.120984,1.187842,105506,496829,-99,128,8239,-17,-3,-23,631
1780493824.936571,105511,496837,0x0FFF,0.351953,0.406946,-0.912878,0.263965,0.417944,-0.967871,0.230969,0.362952,-0.813892,0.241968,-0.560925,1.253833,0.076990,-0.296960,1.352820,-0.076990,-0.252966,1.352820,0.362952,0.439941,-0.879883,0.131982,0.395947,-0.813892,0.153979,0.472937,-0.912878,0.208972,-0.362952,1.055859,0.197974,-0.296960,1.154846,0.197974,-0.164978,1.165845,105510,496835,-108,114,8233,-17,-2,-24,639
1780493824.938882,105512,496839,0x0FFF,0.439941,0.362952,-1.088855,0.263965,0.560925,-0.901880,0.197974,0.274963,-0.912878,0.241968,-0.659912,1.275830,0.131982,-0.428943,1.352820,-0.054993,-0.186975,1.330823,0.142981,0.395947,-1.000867,0.230969,0.340955,-0.736902,0.230969,0.329956,-0.956873,0.230969,-0.593921,0.989868,0.120984,-0.318958,1.132849,0.219971,-0.219971,1.044861,105510,496835,-108,114,8233,-17,-2,-24,639
1780493824.941197,105514,496841,0x0FFF,0.439941,0.406946,-0.945874,0.241968,0.472937,-0.890881,0.219971,0.318958,-0.923877,0.197974,-0.560925,1.187842,0.131982,-0.318958,1.132849,0.000000,-0.263965,1.220837,0.175977,0.252966,-0.956873,0.186975,0.340955,-0.868884,0.043994,0.329956,-0.901880,0.186975,-0.450940,1.000867,0.186975,-0.362952,1.209839,0.120984,-0.208972,1.121851,105513,496839,-97,110,8237,-16,-1,-23,631
1780493824.942439,105515,496843,0x0FFF,0.373950,0.351953,-0.978870,0.252966,0.593921,-0.846887,0.175977,0.285962,-0.912878,0.241968,-0.626917,1.264832,0.065991,-0.274963,1.231836,0.032996,-0.296960,1.330823,0.208972,0.252966,-1.066858,0.131982,0.406946,-0.802893,0.098987,0.417944,-0.802893,0.351953,-0.406946,0.956873,0.098987,-0.307959,1.088855,0.186975,-0.164978,1.110852,105513,496839,-97,110,8237,-16,-1,-23,631
1780493824.944765,105517,496845,0x0FFF,0.516931,0.329956,-0.945874,0.274963,0.461938,-0.967871,0.241968,0.351953,-0.868884,0.318958,-0.604919,1.264832,0.032996,-0.406946,1.352820,0.032996,-0.208972,1.264832,0.186975,0.373950,-1.044861,0.230969,0.329956,-0.835889,0.065991,0.461938,-0.956873,0.164978,-0.494934,1.022864,0.109985,-0.263965,1.198840,0.186975,-0.274963,1.220837,105516,496843,-96,106,8228,-17,0,-18,639
1780493824.947052,105518,496847,0x0FFF,0.505933,0.318958,-1.000867,0.274963,0.483936,-0.934875,0.340955,0.307959,-0.978870,0.263965,-0.637915,1.253833,0.120984,-0.340955,1.121851,-0.021997,-0.351953,1.253833,0.131982,0.351953,-1.044861,0.186975,0.362952,-0.835889,0.164978,0.340955,-0.923877,0.186975,-0.428943,0.923877,0.131982,-0.285962,1.110852,0.252966,-0.296960,1.220837,105516,496843,-96,106,8228,-17,0,-18,639
1780493824.949355,105519,496849,0x0FFF,0.417944,0.417944,-1.011865,0.219971,0.439941,-0.879883,0.175977,0.197974,-0.857886,0.263965,-0.615918,1.077856,0.043994,-0.362952,1.209839,0.043994,-0.230969,1.297827,0.263965,0.329956,-1.044861,0.274963,0.406946,-0.791895,0.175977,0.428943,-1.044861,0.131982,-0.395947,0.978870,0.109985,-0.318958,1.187842,0.164978,-0.208972,1.253833,105516,496843,-96,106,8228,-17,0,-18,639
1780493824.950624,105521,496851,0x0FFF,0.362952,0.362952,-0.989868,0.263965,0.505933,-0.879883,0.120984,0.362952,-0.912878,0.351953,-0.648914,1.176843,-0.032996,-0.362952,1.110852,-0.010999,-0.318958,1.330823,0.186975,0.406946,-0.945874,0.131982,0.384949,-0.802893,0.098987,0.428943,-0.890881,0.241968,-0.461938,0.901880,0.087988,-0.252966,1.132849,0.175977,-0.197974,1.187842,105520,496850,-102,103,8233,-18,0,-17,635
1780493824.953121,105522,496853,0x0FFF,0.461938,0.263965,-0.945874,0.285962,0.560925,-0.912878,0.164978,0.318958,-0.824890,0.263965,-0.516931,1.253833,0.065991,-0.351953,1.330823,0.000000,-0.296960,1.198840,0.131982,0.274963,-1.044861,0.230969,0.307959,-0.747900,0.142981,0.450940,-0.824890,0.351953,-0.417944,0.923877,0.065991,-0.329956,1.077856,0.208972,-0.175977,1.187842,105520,496850,-102,103,8233,-18,0,-17,635
1780493824.955639,105524,496855,0x0FFF,0.450940,0.274963,-1.011865,0.384949,0.505933,-0.989868,0.307959,0.296960,-0.901880,0.252966,-0.648914,1.143848,0.142981,-0.406946,1.220837,0.010999,-0.263965,1.143848,0.274963,0.362952,-0.923877,0.241968,0.373950,-0.791895,0.175977,0.505933,-0.857886,0.230969,-0.417944,1.022864,0.065991,-0.296960,1.121851,0.131982,-0.274963,1.165845,105523,496854,-99,115,8249,-16,-1,-20,641
1780493824.957023,105525,496858,0x0FFF,0.472937,0.483936,-0.901880,0.395947,0.417944,-0.967871,0.307959,0.340955,-0.846887,0.285962,-0.571924,1.220837,0.109985,-0.373950,1.242834,-0.010999,-0.208972,1.330823,0.208972,0.318958,-1.000867,0.164978,0.285962,-0.824890,0.109985,0.406946,-0.978870,0.175977,-0.373950,1.033862,0.087988,-0.483936,1.132849,0.120984,-0.219971,1.165845,105523,496854,-99,115,8249,-16,-1,-20,641
1780493824.959529,105526,496860,0x0FFF,0.461938,0.373950,-0.956873,0.197974,0.582922,-0.956873,0.307959,0.373950,-0.912878,0.241968,-0.582922,1.297827,0.131982,-0.373950,1.209839,0.175977,-0.340955,1.297827,0.208972,0.296960,-0.923877,0.164978,0.417944,-0.824890,0.208972,0.351953,-0.989868,0.252966,-0.362952,0.989868,0.153979,-0.307959,1.198840,0.142981,-0.164978,1.209839,105523,496854,-99,115,8249,-16,-1,-20,641
1780493824.962041,105528,496862,0x0FFF,0.549927,0.417944,-0.912878,0.274963,0.516931,-1.000867,0.197974,0.307959,-0.901880,0.120984,-0.626917,1.253833,0.098987,-0.340955,1.154846,0.076990,-0.252966,1.253833,0.340955,0.274963,-0.989868,0.197974,0.373950,-0.736902,0.164978,0.384949,-0.857886,0.120984,-0.417944,1.055859,0.043994,-0.296960,1.066858,0.131982,-0.208972,1.264832,105527,496860,-105,117,8233,-17,-6,-22,633
1780493824.963427,105529,496864,0x0FFF,0.417944,0.373950,-0.978870,0.274963,0.494934,-0.868884,0.230969,0.274963,-0.912878,0.285962,-0.659912,1.110852,0.065991,-0.329956,1.231836,0.032996,-0.197974,1.286829,0.285962,0.318958,-1.022864,0.230969,0.494934,-0.912878,0.076990,0.505933,-0.824890,0.263965,-0.373950,0.978870,0.032996,-0.307959,1.066858,0.197974,-0.197974,1.209839,105527,496860,-105,117,8233,-17,-6,-22,633
1780493824.965937,105531,496866,0x0FFF,0.406946,0.362952,-1.044861,0.263965,0.472937,-1.033862,0.241968,0.340955,-0.945874,0.318958,-0.582922,1.275830,0.065991,-0.274963,1.055859,0.021997,-0.318958,1.374817,0.065991,0.318958,-1.022864,0.142981,0.351953,-0.824890,0.054993,0.417944,-0.934875,0.186975,-0.439941,0.923877,0.087988,-0.329956,1.209839,0.164978,-0.274963,1.099854,105530,496864,-97,106,8239,-18,-2,-18,631
1780493824.968438,105532,496868,0x0FFF,0.428943,0.417944,-0.901880,0.296960,0.439941,-0.879883,0.252966,0.406946,-0.835889,0.241968,-0.560925,1.154846,0.153979,-0.417944,1.242834,0.032996,-0.197974,1.396814,0.175977,0.340955,-0.956873,0.274963,0.362952,-0.956873,0.131982,0.373950,-0.945874,0.230969,-0.439941,0.989868,0.087988,-0.307959,1.143848,0.109985,-0.175977,1.198840,105530,496864,-97,106,8239,-18,-2,-18,631
1780493824.969738,105534,496870,0x0FFF,0.439941,0.274963,-1.022864,0.285962,0.483936,-0.890881,0.208972,0.296960,-0.868884,0.263965,-0.615918,1.176843,0.032996,-0.384949,1.341821,-0.065991,-0.285962,1.220837,0.263965,0.406946,-1.000867,0.197974,0.395947,-0.846887,0.186975,0.450940,-1.022864,0.175977,-0.439941,1.044861,-0.010999,-0.230969,1.165845,0.175977,-0.197974,1.253833,105533,496869,-104,99,8240,-14,-2,-17,636
1780493824.972039,105535,496872,0x0FFF,0.483936,0.285962,-1.110852,0.329956,0.560925,-0.967871,0.153979,0.274963,-0.989868,0.252966,-0.681909,1.297827,0.142981,-0.329956,1.198840,0.065991,-0.164978,1.407812,0.142981,0.384949,-1.011865,0.109985,0.505933,-0.670911,0.142981,0.351953,-0.912878,0.252966,-0.483936,1.011865,0.043994,-0.329956,1.187842,0.175977,-0.153979,1.220837,105533,496869,-104,99,8240,-14,-2,-17,636
1780493824.974426,105536,496874,0x0FFF,0.428943,0.373950,-1.044861,0.274963,0.483936,-0.989868,0.406946,0.362952,-0.923877,0.241968,-0.626917,1.198840,0.054993,-0.329956,1.286829,-0.021997,-0.296960,1.352820,0.153979,0.296960,-0.978870,0.285962,0.340955,-0.736902,0.186975,0.450940,-0.912878,0.241968,-0.494934,1.033862,0.219971,-0.175977,1.143848,0.164978,-0.296960,1.187842,105533,496869,-104,99,8240,-14,-2,-17,636
1780493824.975733,105538,496876,0x0FFF,0.549927,0.307959,-1.088855,0.318958,0.373950,-0.879883,0.263965,0.428943,-0.868884,0.296960,-0.593921,1.132849,0.021997,-0.417944,1.330823,0.043994,-0.285962,1.308826,0.241968,0.395947,-1.000867,0.230969,0.384949,-0.846887,0.000000,0.274963,-0.989868,0.329956,-0.428943,0.989868,0.175977,-0.318958,1.132849,0.241968,-0.153979,1.308826,105537,496875,-106,118,8233,-19,0,-20,637
1780493824.978134,105539,496878,0x0FFF,0.373950,0.362952,-1.022864,0.263965,0.538928,-0.879883,0.263965,0.318958,-0.802893,0.208972,-0.626917,1.176843,0.164978,-0.351953,1.220837,0.010999,-0.230969,1.297827,0.252966,0.274963,-0.934875,0.274963,0.472937,-0.780896,0.197974,0.483936,-1.022864,0.252966,-0.296960,1.066858,0.164978,-0.340955,1.143848,0.142981,-0.230969,1.066858,105537,496875,-106,118,8233,-19,0,-20,637
1780493824.980595,105541,496880,0x0FFF,0.560925,0.285962,-0.956873,0.219971,0.406946,-0.934875,0.208972,0.406946,-0.868884,0.219971,-0.637915,1.231836,0.054993,-0.296960,1.187842,0.021997,-0.318958,1.253833,0.186975,0.384949,-0.989868,0.285962,0.373950,-0.813892,0.197974,0.439941,-1.000867,0.252966,-0.494934,1.066858,0.131982,-0.329956,1.209839,0.164978,-0.164978,1.231836,105540,496879,-94,108,8223,-16,-1,-19,639
1780493824.982019,105542,496883,0x0FFF,0.516931,0.285962,-0.989868,0.219971,0.571924,-0.802893,0.274963,0.296960,-0.934875,0.153979,-0.670911,1.264832,0.076990,-0.340955,1.198840,0.010999,-0.296960,1.253833,0.120984,0.351953,-0.956873,0.142981,0.373950,-0.879883,0.076990,0.538928,-0.945874,0.164978,-0.472937,0.956873,0.109985,-0.274963,1.209839,0.120984,-0.186975,1.286829,105540,496879,-94,108,8223,-16,-1,-19,639
1780493824.984626,105543,496885,0x0FFF,0.450940,0.417944,-1.044861,0.285962,0.494934,-0.989868,0.164978,0.406946,-0.846887,0.274963,-0.648914,1.198840,0.076990,-0.428943,1.319824,0.054993,-0.208972,1.253833,0.263965,0.296960,-1.066858,0.208972,0.351953,-0.835889,0.098987,0.373950,-0.923877,0.142981,-0.527930,0.857886,0.098987,-0.340955,1.066858,0.131982,-0.197974,1.242834,105540,496879,-94,108,8223,-16,-1,-19,639
1780493824.987306,105545,496887,0x0FFF,0.483936,0.417944,-0.934875,0.373950,0.461938,-0.912878,0.252966,0.296960,-0.824890,0.274963,-0.582922,1.209839,0.076990,-0.384949,1.253833,-0.010999,-0.153979,1.264832,0.175977,0.274963,-0.978870,0.153979,0.417944,-0.802893,0.076990,0.395947,-0.901880,0.263965,-0.395947,0.967871,0.065991,-0.230969,1.209839,0.153979,-0.197974,1.121851,105544,496885,-91,113,8234,-17,-2,-24,633
1780493824.988989,105546,496889,0x0FFF,0.461938,0.516931,-1.000867,0.307959,0.593921,-0.890881,0.241968,0.351953,-0.813892,0.219971,-0.648914,1.297827,0.043994,-0.329956,1.275830,0.076990,-0.120984,1.242834,0.241968,0.373950,-0.967871,0.241968,0.406946,-0.857886,0.076990,0.428943,-0.912878,0.131982,-0.450940,0.923877,0.142981,-0.285962,1.143848,0.197974,-0.186975,1.165845,105544,496885,-91,113,8234,-17,-2,-24,633
1780493824.990733,105548,496891,0x0FFF,0.417944,0.395947,-1.044861,0.230969,0.373950,-0.857886,0.373950,0.230969,-0.956873,0.241968,-0.571924,1.165845,0.032996,-0.329956,1.264832,0.109985,-0.296960,1.220837,0.153979,0.274963,-0.879883,0.153979,0.362952,-0.802893,0.098987,0.472937,-0.989868,0.208972,-0.450940,0.923877,0.054993,-0.285962,1.143848,0.098987,-0.285962,1.154846,105547,496889,-100,124,8242,-17,-3,-24,641
1780493824.993639,105549,496893,0x0FFF,0.450940,0.406946,-1.011865,0.351953,0.461938,-0.967871,0.274963,0.406946,-0.901880,0.307959,-0.538928,1.209839,-0.010999,-0.461938,1.209839,-0.054993,-0.219971,1.242834,0.153979,0.230969,-0.967871,0.219971,0.428943,-0.791895,0.076990,0.395947,-0.857886,0.186975,-0.417944,0.956873,0.175977,-0.318958,1.165845,0.054993,-0.252966,1.242834,105547,496889,-100,124,8242,-17,-3,-24,641
1780493824.995663,105550,496895,0x0FFF,0.428943,0.439941,-1.132849,0.296960,0.461938,-0.912878,0.318958,0.307959,-0.934875,0.131982,-0.549927,1.286829,0.120984,-0.373950,1.264832,-0.021997,-0.208972,1.308826,0.197974,0.340955,-0.945874,0.153979,0.263965,-0.769897,0.197974,0.516931,-0.901880,0.252966,-0.417944,0.923877,-0.021997,-0.318958,1.187842,0.131982,-0.153979,1.220837,105547,496889,-100,124,8242,-17,-3,-24,641
1780493824.997749,105552,496897,0x0FFF,0.505933,0.395947,-1.088855,0.274963,0.538928,-0.912878,0.340955,0.318958,-0.857886,0.164978,-0.615918,1.209839,0.142981,-0.373950,1.198840,0.021997,-0.296960,1.286829,0.263965,0.263965,-1.022864,0.263965,0.362952,-0.780896,0.241968,0.384949,-1.022864,0.263965,-0.472937,0.989868,0.087988,-0.329956,1.110852,0.120984,-0.252966,1.198840,105551,496895,-97,126,8230,-17,-4,-22,637
1780493824.999927,105553,496899,0x0FFF,0.373950,0.406946,-0.989868,0.351953,0.384949,-0.879883,0.252966,0.428943,-0.813892,0.219971,-0.483936,1.231836,0.142981,-0.296960,1.187842,-0.021997,-0.142981,1.352820,0.274963,0.318958,-0.890881,0.208972,0.549927,-0.747900,0.131982,0.417944,-1.000867,0.164978,-0.450940,0.989868,0.054993,-0.274963,1.088855,0.131982,-0.263965,1.209839,105551,496895,-97,126,8230,-17,-4,-22,637
1780493825.002060,105555,496901,0x0FFF,0.439941,0.373950,-0.890881,0.263965,0.494934,-0.934875,0.230969,0.340955,-0.879883,0.362952,-0.703906,1.253833,0.098987,-0.395947,1.308826,0.164978,-0.219971,1.275830,0.186975,0.296960,-0.989868,0.175977,0.351953,-0.824890,0.032996,0.428943,-1.044861,0.175977,-0.417944,1.088855,0.032996,-0.252966,1.044861,0.186975,-0.142981,1.286829,105554,496900,-89,119,8229,-16,0,-21,637
1780493825.004245,105556,496903,0x0FFF,0.494934,0.274963,-0.879883,0.252966,0.494934,-0.879883,0.307959,0.329956,-0.879883,0.230969,-0.571924,1.143848,0.010999,-0.406946,1.187842,0.087988,-0.296960,1.264832,0.197974,0.296960,-0.989868,0.153979,0.395947,-0.725903,0.142981,0.428943,-0.813892,0.230969,-0.450940,1.033862,0.175977,-0.208972,1.176843,0.219971,-0.263965,1.176843,105554,496900,-89,119,8229,-16,0,-21,637
1780493825.006292,105558,496905,0x0FFF,0.340955,0.285962,-1.033862,0.285962,0.450940,-0.967871,0.296960,0.373950,-0.934875,0.208972,-0.659912,1.176843,0.021997,-0.439941,1.165845,0.000000,-0.263965,1.308826,0.175977,0.296960,-1.011865,0.197974,0.472937,-0.758899,0.197974,0.450940,-0.934875,0.296960,-0.483936,1.011865,0.065991,-0.274963,1.110852,0.131982,-0.252966,1.209839,105557,496904,-100,112,8242,-18,-5,-20,641
1780493825.008091,105559,496908,0x0FFF,0.505933,0.384949,-1.088855,0.373950,0.450940,-0.857886,0.318958,0.340955,-0.934875,0.230969,-0.648914,1.352820,0.054993,-0.307959,1.143848,-0.032996,-0.395947,1.297827,0.230969,0.307959,-0.967871,0.153979,0.406946,-0.659912,0.109985,0.648914,-0.857886,0.186975,-0.461938,0.890881,0.032996,-0.263965,1.209839,0.142981,-0.219971,1.154846,105557,496904,-100,112,8242,-18,-5,-20,641
1780493825.009907,105560,496910,0x0FFF,0.560925,0.318958,-0.978870,0.307959,0.505933,-0.934875,0.208972,0.395947,-0.945874,0.274963,-0.527930,1.176843,0.164978,-0.351953,1.253833,0.010999,-0.186975,1.253833,0.241968,0.263965,-0.989868,0.208972,0.450940,-0.802893,0.131982,0.417944,-0.923877,0.120984,-0.417944,0.956873,0.010999,-0.340955,1.077856,0.208972,-0.219971,1.231836,105557,496904,-100,112,8242,-18,-5,-20,641
1780493825.011824,105562,496912,0x0FFF,0.417944,0.318958,-0.989868,0.417944,0.472937,-0.989868,0.175977,0.450940,-0.824890,0.252966,-0.560925,1.176843,0.032996,-0.263965,1.198840,0.142981,-0.274963,1.231836,0.175977,0.285962,-0.923877,0.296960,0.351953,-0.736902,0.197974,0.373950,-0.945874,0.241968,-0.494934,1.055859,0.109985,-0.307959,1.143848,0.186975,-0.175977,1.198840,105561,496910,-100,119,8241,-16,-3,-22,646
1780493825.013931,105563,496914,0x0FFF,0.472937,0.373950,-0.978870,0.340955,0.560925,-0.989868,0.186975,0.263965,-0.912878,0.296960,-0.549927,1.286829,-0.021997,-0.417944,1.176843,-0.065991,-0.230969,1.385815,0.208972,0.120984,-0.912878,0.098987,0.472937,-0.857886,0.175977,0.461938,-1.011865,0.285962,-0.461938,0.989868,0.175977,-0.417944,1.143848,0.065991,-0.153979,1.143848,105561,496910,-100,119,8241,-16,-3,-22,646
1780493825.016222,105565,496916,0x0FFF,0.439941,0.384949,-0.846887,0.230969,0.450940,-0.890881,0.230969,0.296960,-0.912878,0.263965,-0.604919,1.253833,0.032996,-0.373950,1.198840,-0.065991,-0.296960,1.297827,0.186975,0.406946,-0.967871,0.164978,0.406946,-0.780896,0.153979,0.461938,-0.923877,0.208972,-0.417944,1.033862,0.032996,-0.307959,1.209839,0.153979,-0.076990,1.198840,105564,496914,-96,107,8245,-14,-2,-23,643
1780493825.018300,105566,496918,0x0FFF,0.428943,0.296960,-0.989868,0.285962,0.516931,-0.923877,0.252966,0.384949,-0.912878,0.230969,-0.604919,1.176843,0.065991,-0.252966,1.242834,-0.032996,-0.285962,1.253833,0.131982,0.307959,-0.835889,0.164978,0.439941,-0.835889,0.098987,0.406946,-0.945874,0.219971,-0.417944,0.989868,0.131982,-0.241968,1.176843,0.164978,-0.186975,1.132849,105564,496914,-96,107,8245,-14,-2,-23,643
1780493825.020621,105567,496920,0x0FFF,0.373950,0.417944,-1.033862,0.241968,0.527930,-0.890881,0.252966,0.373950,-0.945874,0.285962,-0.582922,1.143848,0.153979,-0.329956,1.176843,0.021997,-0.285962,1.253833,0.230969,0.340955,-0.879883,0.219971,0.362952,-0.824890,0.087988,0.494934,-1.077856,0.252966,-0.428943,1.022864,0.120984,-0.362952,1.044861,0.175977,-0.153979,1.099854,105564,496914,-96,107,8245,-14,-2,-23,643
1780493825.022877,105569,496922,0x0FFF,0.395947,0.219971,-0.967871,0.384949,0.505933,-0.945874,0.186975,0.340955,-0.934875,0.241968,-0.604919,1.363818,0.098987,-0.307959,1.176843,0.000000,-0.263965,1.352820,0.131982,0.351953,-1.044861,0.230969,0.494934,-0.868884,0.186975,0.406946,-0.934875,0.131982,-0.384949,0.956873,0.164978,-0.362952,1.220837,0.076990,-0.252966,1.165845,105568,496920,-94,103,8239,-18,-3,-22,646
1780493825.025121,105570,496924,0x0FFF,0.428943,0.296960,-1.011865,0.318958,0.538928,-0.901880,0.296960,0.417944,-0.978870,0.197974,-0.637915,1.253833,0.142981,-0.296960,1.187842,-0.021997,-0.164978,1.209839,0.197974,0.318958,-0.923877,0.340955,0.439941,-0.813892,0.197974,0.428943,-1.000867,0.186975,-0.373950,0.835889,0.175977,-0.362952,1.044861,0.241968,-0.186975,1.198840,105568,496920,-94,103,8239,-18,-3,-22,646
1780493825.027285,105572,496926,0x0FFF,0.406946,0.340955,-0.989868,0.296960,0.527930,-0.857886,0.274963,0.450940,-0.879883,0.351953,-0.659912,1.308826,0.087988,-0.351953,1.121851,0.098987,-0.241968,1.253833,0.252966,0.450940,-0.945874,0.164978,0.362952,-0.879883,0.087988,0.472937,-0.945874,0.252966,-0.417944,0.934875,0.000000,-0.252966,1.187842,0.087988,-0.241968,1.231836,105571,496925,-102,104,8231,-16,-1,-20,629
1780493825.029426,105573,496928,0x0FFF,0.538928,0.362952,-0.967871,0.329956,0.527930,-0.989868,0.274963,0.406946,-0.890881,0.241968,-0.549927,1.220837,0.120984,-0.340955,1.275830,0.054993,-0.252966,1.220837,0.175977,0.362952,-0.912878,0.142981,0.417944,-0.835889,0.186975,0.472937,-0.934875,0.340955,-0.373950,0.956873,0.186975,-0.296960,1.121851,0.208972,-0.098987,1.286829,105571,496925,-102,104,8231,-16,-1,-20,629
1780493825.030419,105575,496930,0x0FFF,0.439941,0.340955,-0.978870,0.285962,0.439941,-0.846887,0.186975,0.340955,-0.846887,0.164978,-0.692908,1.209839,0.098987,-0.395947,1.231836,-0.021997,-0.274963,1.363818,0.252966,0.285962,-1.000867,0.197974,0.340955,-0.802893,0.098987,0.417944,-0.890881,0.219971,-0.428943,1.044861,0.109985,-0.274963,1.121851,0.175977,-0.175977,1.341821,105574,496929,-83,115,8237,-15,0,-21,631
1780493825.033703,105576,496933,0x0FFF,0.373950,0.351953,-0.978870,0.307959,0.505933,-0.934875,0.252966,0.395947,-0.879883,0.318958,-0.560925,1.297827,0.098987,-0.428943,1.231836,0.065991,-0.263965,1.363818,0.263965,0.329956,-0.967871,0.208972,0.307959,-0.758899,0.076990,0.417944,-0.967871,0.208972,-0.384949,0.945874,0.010999,-0.340955,1.077856,0.164978,-0.263965,1.187842,105574,496929,-83,115,8237,-15,0,-21,631
1780493825.034716,105577,496935,0x0FFF,0.527930,0.307959,-0.901880,0.219971,0.527930,-0.967871,0.208972,0.373950,-0.978870,0.219971,-0.626917,1.297827,0.043994,-0.362952,1.275830,0.054993,-0.175977,1.330823,0.186975,0.296960,-0.989868,0.164978,0.395947,-0.758899,0.120984,0.406946,-0.945874,0.120984,-0.329956,1.011865,0.076990,-0.329956,1.132849,0.252966,-0.208972,1.198840,105574,496929,-83,115,8237,-15,0,-21,631
1780493825.036807,105579,496937,0x0FFF,0.395947,0.373950,-0.989868,0.263965,0.516931,-0.923877,0.307959,0.406946,-0.967871,0.230969,-0.593921,1.231836,0.098987,-0.406946,1.286829,-0.010999,-0.329956,1.253833,0.120984,0.241968,-1.033862,0.197974,0.461938,-0.824890,0.021997,0.461938,-0.934875,0.241968,-0.472937,1.011865,0.098987,-0.428943,1.198840,0.384949,-0.131982,1.198840,105578,496935,-95,97,8229,-14,-2,-21,641
1780493825.038754,105580,496939,0x0FFF,0.428943,0.252966,-1.055859,0.296960,0.494934,-0.945874,0.274963,0.428943,-0.912878,0.263965,-0.571924,1.198840,0.164978,-0.417944,1.209839,0.032996,-0.263965,1.242834,0.175977,0.395947,-1.000867,0.175977,0.439941,-0.868884,0.241968,0.483936,-0.934875,0.274963,-0.483936,1.077856,0.076990,-0.362952,1.187842,0.208972,-0.131982,1.187842,105578,496935,-95,97,8229,-14,-2,-21,641
1780493825.040820,105582,496941,0x0FFF,0.472937,0.296960,-0.945874,0.307959,0.461938,-0.835889,0.208972,0.472937,-0.857886,0.230969,-0.615918,1.209839,0.098987,-0.373950,1.242834,0.010999,-0.263965,1.297827,0.219971,0.285962,-1.099854,0.219971,0.362952,-0.846887,0.120984,0.450940,-0.857886,0.230969,-0.461938,0.956873,0.120984,-0.362952,1.055859,0.153979,-0.274963,1.176843,105581,496939,-104,104,8238,-15,-1,-20,635
1780493825.043904,105583,496943,0x0FFF,0.417944,0.285962,-0.978870,0.307959,0.439941,-1.044861,0.230969,0.428943,-0.923877,0.241968,-0.604919,1.143848,0.065991,-0.340955,1.275830,-0.054993,-0.131982,1.242834,0.208972,0.263965,-0.978870,0.296960,0.450940,-0.813892,0.065991,0.472937,-0.956873,0.131982,-0.384949,0.956873,0.153979,-0.428943,1.198840,0.131982,-0.142981,1.231836,105581,496939,-104,104,8238,-15,-1,-20,635
1780493825.045975,105584,496945,0x0FFF,0.373950,0.340955,-0.945874,0.329956,0.516931,-0.868884,0.164978,0.340955,-0.846887,0.241968,-0.637915,1.099854,0.032996,-0.274963,1.198840,-0.021997,-0.263965,1.330823,0.241968,0.307959,-0.934875,0.131982,0.395947,-0.868884,0.076990,0.406946,-0.868884,0.164978,-0.450940,0.934875,0.153979,-0.373950,1.143848,0.252966,-0.219971,1.242834,105581,496939,-104,104,8238,-15,-1,-20,635
1780493825.048589,105586,496947,0x0FFF,0.406946,0.296960,-1.077856,0.362952,0.538928,-0.890881,0.329956,0.384949,-0.934875,0.186975,-0.659912,1.165845,0.175977,-0.208972,1.209839,0.021997,-0.296960,1.319824,0.153979,0.384949,-1.000867,0.142981,0.373950,-0.879883,-0.010999,0.428943,-0.923877,0.131982,-0.263965,0.945874,0.153979,-0.340955,1.176843,0.175977,-0.186975,1.220837,105585,496945,-107,113,8229,-18,-3,-19,642
1780493825.050185,105587,496949,0x0FFF,0.538928,0.384949,-1.088855,0.318958,0.472937,-0.901880,0.208972,0.351953,-0.835889,0.285962,-0.648914,1.264832,0.120984,-0.439941,1.275830,0.087988,-0.307959,1.286829,0.076990,0.307959,-0.956873,0.021997,0.351953,-0.802893,0.175977,0.461938,-0.934875,0.219971,-0.384949,0.967871,0.109985,-0.362952,1.242834,0.164978,-0.274963,1.110852,105585,496945,-107,113,8229,-18,-3,-19,642
1780493825.052451,105589,496951,0x0FFF,0.450940,0.274963,-0.934875,0.263965,0.406946,-0.912878,0.274963,0.373950,-0.835889,0.197974,-0.648914,1.143848,0.043994,-0.362952,1.220837,0.021997,-0.241968,1.253833,0.175977,0.351953,-1.022864,0.131982,0.351953,-0.791895,0.164978,0.406946,-1.022864,0.164978,-0.439941,0.934875,0.164978,-0.329956,1.088855,0.164978,-0.263965,1.220837,105588,496950,-94,112,8234,-14,-2,-17,639
1780493825.053340,105590,496953,0x0FFF,0.450940,0.263965,-0.945874,0.274963,0.494934,-0.923877,0.285962,0.296960,-0.923877,0.329956,-0.791895,1.154846,0.120984,-0.406946,1.209839,0.065991,-0.285962,1.341821,0.197974,0.329956,-0.956873,0.208972,0.428943,-0.791895,0.142981,0.395947,-0.978870,0.230969,-0.395947,1.000867,0.087988,-0.428943,1.154846,0.230969,-0.274963,1.209839,105588,496950,-94,112,8234,-14,-2,-17,639
1780493825.055378,105592,496955,0x0FFF,0.362952,0.373950,-1.132849,0.340955,0.571924,-0.879883,0.208972,0.384949,-0.967871,0.208972,-0.648914,1.231836,0.186975,-0.373950,1.264832,0.065991,-0.219971,1.308826,0.197974,0.285962,-0.956873,0.197974,0.417944,-0.802893,0.142981,0.428943,-0.967871,0.208972,-0.472937,0.758899,0.142981,-0.362952,1.154846,0.142981,-0.175977,1.154846,105591,496954,-91,114,8238,-17,-2,-19,633
1780493825.058653,105593,496958,0x0FFF,0.494934,0.351953,-1.022864,0.164978,0.494934,-0.890881,0.307959,0.340955,-0.945874,0.197974,-0.560925,1.231836,0.109985,-0.296960,1.308826,-0.021997,-0.296960,1.297827,0.241968,0.274963,-1.011865,0.164978,0.395947,-0.868884,0.164978,0.494934,-0.967871,0.186975,-0.483936,1.011865,0.043994,-0.307959,1.132849,0.208972,-0.197974,1.022864,105591,496954,-91,114,8238,-17,-2,-19,633
1780493825.059387,105594,496960,0x0FFF,0.384949,0.351953,-0.912878,0.340955,0.461938,-0.879883,0.285962,0.197974,-0.901880,0.307959,-0.461938,1.209839,0.142981,-0.329956,1.253833,-0.032996,-0.263965,1.286829,0.197974,0.274963,-1.022864,0.142981,0.296960,-0.846887,0.230969,0.439941,-0.912878,0.197974,-0.461938,0.868884,0.065991,-0.384949,1.132849,0.186975,-0.263965,1.121851,105591,496954,-91,114,8238,-17,-2,-19,633
1780493825.062781,105596,496962,0x0FFF,0.428943,0.329956,-0.967871,0.318958,0.505933,-1.077856,0.340955,0.395947,-0.846887,0.241968,-0.681909,1.297827,0.153979,-0.395947,1.253833,0.098987,-0.329956,1.308826,0.164978,0.340955,-0.967871,0.120984,0.439941,-0.857886,0.142981,0.384949,-0.923877,0.252966,-0.461938,0.978870,0.087988,-0.208972,1.066858,0.252966,-0.197974,1.176843,105595,496960,-103,106,8237,-15,-3,-23,634
1780493825.064927,105597,496964,0x0FFF,0.450940,0.406946,-0.978870,0.263965,0.461938,-0.945874,0.230969,0.197974,-0.912878,0.241968,-0.560925,1.264832,0.021997,-0.395947,1.253833,-0.054993,-0.252966,1.308826,0.197974,0.285962,-0.956873,0.219971,0.329956,-0.747900,0.098987,0.351953,-0.901880,0.098987,-0.461938,1.000867,0.076990,-0.373950,1.121851,0.032996,-0.142981,1.187842,105595,496960,-103,106,8237,-15,-3,-23,634
1780493825.065688,105599,496966,0x0FFF,0.417944,0.351953,-1.000867,0.274963,0.439941,-0.857886,0.230969,0.329956,-0.934875,0.164978,-0.637915,1.209839,0.021997,-0.395947,1.154846,0.076990,-0.263965,1.297827,0.263965,0.252966,-1.055859,0.197974,0.318958,-0.868884,0.065991,0.373950,-0.890881,0.153979,-0.417944,0.989868,0.087988,-0.384949,1.044861,0.197974,-0.120984,1.286829,105598,496964,-96,109,8220,-16,-6,-20,634
1780493825.068820,105600,496968,0x0FFF,0.505933,0.527930,-1.033862,0.252966,0.450940,-0.868884,0.197974,0.351953,-1.088855,0.307959,-0.582922,1.253833,0.120984,-0.263965,1.231836,0.043994,-0.274963,1.308826,0.131982,0.362952,-0.956873,0.131982,0.373950,-0.747900,0.186975,0.494934,-1.000867,0.252966,-0.351953,0.934875,0.153979,-0.219971,1.099854,0.263965,-0.208972,1.165845,105598,496964,-96,109,8220,-16,-6,-20,634
1780493825.070948,105601,496970,0x0FFF,0.406946,0.373950,-1.033862,0.285962,0.483936,-0.989868,0.296960,0.351953,-0.934875,0.230969,-0.593921,1.121851,0.098987,-0.373950,1.275830,-0.065991,-0.241968,1.418811,0.175977,0.197974,-1.011865,0.153979,0.307959,-0.791895,0.208972,0.373950,-0.802893,0.219971,-0.417944,1.000867,0.076990,-0.340955,1.220837,0.120984,-0.208972,1.242834,105598,496964,-96,109,8220,-16,-6,-20,634
1780493825.073035,105603,496972,0x0FFF,0.505933,0.329956,-0.934875,0.274963,0.516931,-0.989868,0.351953,0.362952,-0.802893,0.263965,-0.626917,1.231836,0.021997,-0.307959,1.187842,-0.043994,-0.252966,1.374817,0.252966,0.362952,-0.978870,0.197974,0.340955,-0.747900,0.142981,0.351953,-0.989868,0.197974,-0.461938,0.912878,0.120984,-0.417944,1.143848,0.175977,-0.219971,1.198840,105602,496970,-98,112,8228,-17,-3,-20,639
1780493825.075165,105604,496974,0x0FFF,0.571924,0.329956,-0.956873,0.296960,0.417944,-0.912878,0.285962,0.406946,-0.868884,0.263965,-0.615918,1.077856,0.219971,-0.395947,1.242834,0.010999,-0.384949,1.220837,0.274963,0.373950,-0.868884,0.142981,0.395947,-0.813892,0.142981,0.505933,-0.967871,0.153979,-0.505933,0.945874,0.087988,-0.362952,1.198840,0.208972,-0.230969,1.209839,105602,496970,-98,112,8228,-17,-3,-20,639
1780493825.077241,105606,496976,0x0FFF,0.472937,0.296960,-0.978870,0.285962,0.483936,-0.978870,0.230969,0.329956,-0.923877,0.186975,-0.615918,1.231836,0.076990,-0.373950,1.231836,-0.021997,-0.252966,1.242834,0.087988,0.274963,-0.956873,0.197974,0.384949,-0.780896,0.087988,0.472937,-1.022864,0.219971,-0.340955,1.033862,0.076990,-0.329956,1.066858,0.087988,-0.164978,1.198840,105605,496975,-100,118,8233,-15,-4,-21,642
1780493825.079350,105607,496978,0x0FFF,0.461938,0.384949,-0.967871,0.252966,0.560925,-0.901880,0.252966,0.472937,-1.011865,0.153979,-0.626917,1.187842,0.043994,-0.384949,1.253833,-0.098987,-0.351953,1.385815,0.219971,0.450940,-0.967871,0.274963,0.373950,-0.725903,0.098987,0.329956,-0.945874,0.318958,-0.417944,1.187842,0.252966,-0.241968,1.220837,0.197974,-0.109985,1.121851,105605,496975,-100,118,8233,-15,-4,-21,642
1780493825.081429,105609,496981,0x0FFF,0.428943,0.351953,-1.055859,0.285962,0.439941,-0.934875,0.329956,0.406946,-0.868884,0.230969,-0.571924,1.264832,0.076990,-0.318958,1.198840,0.032996,-0.131982,1.253833,0.263965,0.296960,-0.978870,0.208972,0.450940,-0.791895,0.230969,0.461938,-0.989868,0.175977,-0.384949,1.011865,0.186975,-0.296960,1.187842,0.197974,-0.230969,1.176843,105608,496979,-93,109,8232,-15,-4,-20,646
1780493825.083409,105610,496983,0x0FFF,0.472937,0.362952,-0.945874,0.406946,0.527930,-0.879883,0.230969,0.362952,-0.879883,0.142981,-0.637915,1.198840,0.087988,-0.362952,1.143848,0.010999,-0.318958,1.220837,0.153979,0.285962,-0.978870,0.230969,0.384949,-0.857886,0.131982,0.472937,-0.868884,0.153979,-0.395947,0.989868,0.131982,-0.318958,1.176843,0.186975,-0.197974,1.264832,105608,496979,-93,109,8232,-15,-4,-20,646
1780493825.085469,105611,496985,0x0FFF,0.472937,0.329956,-1.000867,0.351953,0.450940,-0.835889,0.197974,0.362952,-0.945874,0.219971,-0.593921,1.187842,0.142981,-0.395947,1.099854,0.054993,-0.263965,1.297827,0.186975,0.340955,-1.000867,0.186975,0.373950,-0.802893,0.208972,0.373950,-0.923877,0.318958,-0.472937,0.978870,0.109985,-0.384949,1.099854,0.175977,-0.230969,1.165845,105608,496979,-93,109,8232,-15,-4,-20,646
1780493825.087467,105613,496987,0x0FFF,0.527930,0.351953,-0.945874,0.362952,0.472937,-0.967871,0.252966,0.362952,-0.901880,0.318958,-0.637915,1.264832,0.021997,-0.395947,1.231836,0.021997,-0.285962,1.341821,0.186975,0.417944,-0.868884,0.153979,0.472937,-0.835889,0.098987,0.428943,-0.912878,0.252966,-0.461938,0.824890,0.142981,-0.384949,1.011865,0.241968,-0.164978,1.088855,105612,496985,-103,126,8222,-18,-1,-22,644
1780493825.089526,105614,496989,0x0FFF,0.417944,0.417944,-0.945874,0.285962,0.472937,-0.802893,0.219971,0.417944,-0.857886,0.263965,-0.615918,1.176843,0.186975,-0.340955,1.297827,0.076990,-0.153979,1.451807,0.263965,0.285962,-0.945874,0.219971,0.351953,-0.758899,0.065991,0.461938,-0.846887,0.208972,-0.417944,0.857886,0.076990,-0.296960,1.187842,0.175977,-0.197974,1.275830,105612,496985,-103,126,8222,-18,-1,-22,644
1780493825.091524,105616,496991,0x0FFF,0.472937,0.274963,-0.923877,0.307959,0.461938,-0.923877,0.197974,0.307959,-0.901880,0.340955,-0.604919,1.297827,0.131982,-0.439941,1.242834,0.010999,-0.219971,1.286829,0.197974,0.230969,-1.000867,0.175977,0.307959,-0.780896,0.032996,0.395947,-1.011865,0.263965,-0.505933,0.978870,0.142981,-0.373950,1.198840,0.263965,-0.120984,1.209839,105615,496989,-99,124,8219,-17,-3,-23,635
1780493825.093595,105617,496993,0x0FFF,0.494934,0.307959,-1.044861,0.285962,0.516931,-0.901880,0.318958,0.362952,-0.868884,0.186975,-0.648914,1.198840,0.054993,-0.230969,1.220837,0.000000,-0.274963,1.275830,0.131982,0.406946,-0.978870,0.076990,0.428943,-0.879883,0.076990,0.439941,-0.912878,0.219971,-0.461938,0.956873,0.153979,-0.219971,1.066858,0.186975,-0.274963,1.165845,105615,496989,-99,124,8219,-17,-3,-23,635
1780493825.095598,105618,496995,0x0FFF,0.494934,0.307959,-1.000867,0.285962,0.516931,-0.835889,0.230969,0.351953,-0.868884,0.186975,-0.648914,1.165845,0.032996,-0.428943,1.209839,0.021997,-0.307959,1.264832,0.274963,0.362952,-0.956873,0.252966,0.351953,-0.736902,0.054993,0.494934,-0.901880,0.285962,-0.362952,0.901880,0.065991,-0.296960,1.143848,0.186975,-0.197974,1.077856,105615,496989,-99,124,8219,-17,-3,-23,635
1780493825.097631,105620,496997,0x0FFF,0.538928,0.285962,-0.967871,0.329956,0.483936,-0.912878,0.296960,0.307959,-1.022864,0.318958,-0.659912,1.253833,0.120984,-0.208972,1.121851,0.021997,-0.274963,1.352820,0.175977,0.318958,-1.033862,0.164978,0.340955,-0.846887,0.021997,0.505933,-0.912878,0.153979,-0.461938,0.989868,0.032996,-0.384949,1.253833,0.252966,-0.142981,1.264832,105619,496995,-98,119,8232,-15,-4,-20,637
1780493825.099643,105621,496999,0x0FFF,0.450940,0.406946,-0.934875,0.208972,0.472937,-0.923877,0.296960,0.307959,-0.923877,0.384949,-0.637915,1.154846,0.043994,-0.318958,1.319824,-0.010999,-0.263965,1.187842,0.197974,0.296960,-1.000867,0.109985,0.362952,-0.736902,0.087988,0.516931,-0.890881,0.109985,-0.351953,0.978870,0.000000,-0.384949,1.165845,0.142981,-0.219971,1.198840,105619,496995,-98,119,8232,-15,-4,-20,637
1780493825.101695,105623,497001,0x0FFF,0.505933,0.296960,-0.846887,0.285962,0.428943,-0.956873,0.164978,0.329956,-0.879883,0.351953,-0.582922,1.286829,0.032996,-0.318958,1.132849,-0.065991,-0.307959,1.286829,0.120984,0.340955,-1.033862,0.219971,0.483936,-0.769897,0.054993,0.439941,-0.791895,0.219971,-0.483936,1.033862,0.065991,-0.450940,1.022864,0.109985,-0.252966,1.297827,105622,497000,-94,103,8240,-17,-1,-21,640
1780493825.103620,105624,497003,0x0FFF,0.406946,0.318958,-0.934875,0.296960,0.450940,-0.967871,0.274963,0.395947,-0.901880,0.263965,-0.527930,1.253833,0.010999,-0.296960,1.220837,-0.065991,-0.263965,1.231836,0.285962,0.241968,-1.000867,0.241968,0.362952,-0.901880,0.076990,0.483936,-0.989868,0.153979,-0.483936,0.945874,0.175977,-0.384949,1.209839,0.109985,-0.263965,1.209839,105622,497000,-94,103,8240,-17,-1,-21,640
1780493825.105667,105625,497005,0x0FFF,0.527930,0.406946,-0.956873,0.318958,0.450940,-0.912878,0.186975,0.296960,-0.934875,0.274963,-0.582922,1.231836,0.076990,-0.318958,1.231836,-0.010999,-0.230969,1.319824,0.230969,0.373950,-0.967871,0.219971,0.417944,-0.857886,0.142981,0.351953,-0.989868,0.241968,-0.615918,0.956873,0.175977,-0.186975,1.165845,0.241968,-0.208972,1.176843,105622,497000,-94,103,8240,-17,-1,-21,640
1780493825.107656,105627,497008,0x0FFF,0.428943,0.439941,-1.099854,0.340955,0.516931,-1.011865,0.120984,0.318958,-0.879883,0.263965,-0.637915,1.198840,0.065991,-0.307959,1.231836,0.000000,-0.252966,1.209839,0.109985,0.340955,-0.923877,0.175977,0.450940,-0.846887,0.175977,0.472937,-0.912878,0.208972,-0.417944,0.945874,0.175977,-0.362952,1.088855,0.241968,-0.296960,1.330823,105626,497006,-98,106,8236,-18,-4,-21,631
1780493825.109711,105628,497010,0x0FFF,0.373950,0.351953,-1.022864,0.318958,0.505933,-0.923877,0.197974,0.351953,-0.835889,0.296960,-0.604919,1.231836,0.120984,-0.252966,1.275830,0.000000,-0.318958,1.198840,0.131982,0.241968,-1.011865,0.241968,0.351953,-0.824890,0.153979,0.472937,-0.967871,0.219971,-0.461938,0.912878,0.076990,-0.296960,1.165845,0.153979,-0.241968,1.209839,105626,497006,-98,106,8236,-18,-4,-21,631
1780493825.111740,105630,497012,0x0FFF,0.417944,0.252966,-1.033862,0.230969,0.483936,-0.923877,0.241968,0.406946,-0.967871,0.329956,-0.637915,1.242834,0.153979,-0.329956,1.187842,0.043994,-0.296960,1.198840,0.142981,0.373950,-0.967871,0.252966,0.362952,-0.791895,0.109985,0.516931,-0.923877,0.142981,-0.527930,0.868884,0.065991,-0.329956,1.165845,0.109985,-0.164978,1.253833,105629,497010,-82,116,8237,-15,-3,-21,633
1780493825.113702,105631,497014,0x0FFF,0.516931,0.362952,-1.022864,0.329956,0.439941,-0.868884,0.175977,0.384949,-0.901880,0.186975,-0.527930,1.286829,0.120984,-0.318958,1.242834,0.032996,-0.285962,1.220837,0.263965,0.406946,-0.967871,0.175977,0.417944,-0.813892,0.142981,0.461938,-0.989868,0.263965,-0.340955,0.923877,0.153979,-0.340955,1.165845,0.131982,-0.263965,1.275830,105629,497010,-82,116,8237,-15,-3,-21,633
1780493825.115807,105633,497016,0x0FFF,0.461938,0.318958,-1.033862,0.362952,0.417944,-0.945874,0.285962,0.384949,-0.890881,0.230969,-0.593921,1.242834,0.076990,-0.406946,1.308826,0.065991,-0.241968,1.341821,0.186975,0.318958,-1.000867,0.230969,0.417944,-0.879883,0.109985,0.406946,-0.901880,0.164978,-0.417944,0.945874,0.087988,-0.450940,1.110852,0.164978,-0.153979,1.121851,105632,497014,-91,113,8235,-16,-3,-22,633
1780493825.119022,105634,497018,0x0FFF,0.483936,0.307959,-1.022864,0.230969,0.560925,-0.901880,0.241968,0.340955,-0.846887,0.164978,-0.648914,1.198840,0.010999,-0.307959,1.165845,0.054993,-0.263965,1.242834,0.351953,0.307959,-0.945874,0.186975,0.340955,-0.912878,0.142981,0.461938,-0.978870,0.219971,-0.439941,0.989868,0.032996,-0.340955,1.110852,0.142981,-0.131982,1.209839,105632,497014,-91,113,8235,-16,-3,-22,633
1780493825.121102,105635,497020,0x0FFF,0.472937,0.208972,-1.022864,0.241968,0.505933,-0.857886,0.186975,0.351953,-0.956873,0.263965,-0.604919,1.143848,0.109985,-0.428943,1.308826,0.109985,-0.230969,1.374817,0.197974,0.318958,-0.945874,0.241968,0.461938,-0.813892,0.219971,0.406946,-0.901880,0.197974,-0.483936,1.066858,0.065991,-0.285962,1.099854,0.186975,-0.120984,1.198840,105632,497014,-91,113,8235,-16,-3,-22,633
1780493825.121863,105637,497022,0x0FFF,0.527930,0.395947,-1.000867,0.307959,0.483936,-0.978870,0.252966,0.351953,-0.846887,0.274963,-0.593921,1.165845,0.098987,-0.285962,1.209839,-0.076990,-0.175977,1.253833,0.186975,0.274963,-0.868884,0.274963,0.417944,-0.714905,0.186975,0.439941,-0.945874,0.241968,-0.417944,0.989868,0.098987,-0.186975,1.165845,0.274963,-0.087988,1.198840,105636,497020,-86,113,8239,-16,-2,-17,638
1780493825.125091,105638,497024,0x0FFF,0.549927,0.362952,-0.945874,0.252966,0.472937,-0.945874,0.186975,0.406946,-0.934875,0.263965,-0.648914,1.253833,0.043994,-0.395947,1.220837,0.065991,-0.263965,1.264832,0.208972,0.472937,-0.890881,0.175977,0.351953,-0.758899,0.087988,0.362952,-0.912878,0.230969,-0.428943,0.989868,0.098987,-0.362952,1.077856,0.241968,-0.241968,1.264832,105636,497020,-86,113,8239,-16,-2,-17,638
1780493825.127194,105640,497026,0x0FFF,0.505933,0.329956,-0.901880,0.428943,0.450940,-1.011865,0.197974,0.384949,-1.033862,0.208972,-0.615918,1.187842,0.000000,-0.274963,1.099854,0.032996,-0.164978,1.242834,0.263965,0.351953,-0.956873,0.153979,0.340955,-0.813892,0.230969,0.329956,-1.044861,0.230969,-0.450940,0.967871,0.175977,-0.296960,0.978870,0.153979,-0.197974,1.253833,105639,497025,-93,124,8238,-15,-4,-20,643
1780493825.129218,105641,497028,0x0FFF,0.450940,0.329956,-0.945874,0.318958,0.516931,-0.835889,0.131982,0.307959,-0.923877,0.285962,-0.527930,1.176843,0.142981,-0.208972,1.209839,-0.010999,-0.307959,1.176843,0.318958,0.274963,-1.022864,0.153979,0.417944,-0.758899,0.131982,0.307959,-0.890881,0.241968,-0.505933,0.934875,0.109985,-0.329956,1.242834,0.197974,-0.142981,1.176843,105639,497025,-93,124,8238,-15,-4,-20,643
1780493825.131313,105642,497030,0x0FFF,0.439941,0.274963,-0.802893,0.362952,0.516931,-0.945874,0.373950,0.329956,-0.934875,0.186975,-0.516931,1.275830,0.208972,-0.450940,1.176843,-0.032996,-0.318958,1.374817,0.252966,0.351953,-0.912878,0.263965,0.384949,-0.802893,0.208972,0.351953,-0.923877,0.285962,-0.516931,0.945874,0.054993,-0.417944,1.165845,0.109985,-0.230969,1.253833,105639,497025,-93,124,8238,-15,-4,-20,643
1780493825.133450,105644,497033,0x0FFF,0.494934,0.241968,-0.989868,0.318958,0.450940,-0.934875,0.230969,0.373950,-0.868884,0.285962,-0.637915,1.165845,0.120984,-0.340955,1.209839,-0.021997,-0.208972,1.341821,0.208972,0.384949,-0.846887,0.197974,0.417944,-0.824890,0.109985,0.450940,-1.000867,0.186975,-0.340955,0.945874,0.153979,-0.384949,1.154846,0.175977,-0.208972,1.187842,105643,497031,-97,107,8229,-15,-5,-18,633
1780493825.135469,105645,497035,0x0FFF,0.428943,0.384949,-0.945874,0.274963,0.516931,-0.890881,0.296960,0.340955,-0.791895,0.296960,-0.637915,1.231836,0.043994,-0.406946,1.132849,0.054993,-0.197974,1.165845,0.252966,0.329956,-1.055859,0.186975,0.252966,-0.890881,0.087988,0.439941,-1.066858,0.208972,-0.428943,1.000867,0.208972,-0.384949,1.220837,0.120984,-0.186975,1.154846,105643,497031,-97,107,8229,-15,-5,-18,633
1780493825.137529,105647,497037,0x0FFF,0.472937,0.252966,-0.912878,0.351953,0.538928,-0.945874,0.318958,0.395947,-0.879883,0.164978,-0.593921,1.220837,0.142981,-0.351953,1.209839,0.065991,-0.274963,1.330823,0.252966,0.362952,-0.989868,0.164978,0.285962,-0.824890,0.076990,0.406946,-0.923877,0.274963,-0.351953,1.011865,0.142981,-0.274963,1.319824,0.065991,-0.197974,1.154846,105646,497035,-97,100,8222,-14,-3,-19,634
1780493825.139565,105648,497039,0x0FFF,0.516931,0.296960,-0.890881,0.329956,0.527930,-0.989868,0.252966,0.395947,-0.879883,0.197974,-0.659912,1.242834,0.175977,-0.351953,1.231836,-0.098987,-0.285962,1.264832,0.175977,0.252966,-0.967871,0.142981,0.340955,-0.780896,0.208972,0.439941,-0.956873,0.219971,-0.384949,0.956873,0.076990,-0.351953,1.088855,0.142981,-0.197974,1.187842,105646,497035,-97,100,8222,-14,-3,-19,634
1780493825.141636,105650,497041,0x0FFF,0.351953,0.241968,-0.868884,0.307959,0.340955,-0.879883,0.274963,0.318958,-1.044861,0.186975,-0.648914,1.363818,0.142981,-0.384949,1.253833,0.120984,-0.307959,1.308826,0.263965,0.428943,-1.000867,0.175977,0.340955,-0.824890,0.131982,0.439941,-0.923877,0.263965,-0.417944,0.934875,0.219971,-0.329956,1.176843,0.230969,-0.241968,1.308826,105649,497039,-95,107,8235,-17,-1,-19,625
1780493825.143566,105651,497043,0x0FFF,0.450940,0.406946,-0.934875,0.296960,0.461938,-0.978870,0.131982,0.395947,-0.890881,0.175977,-0.571924,1.264832,0.120984,-0.373950,1.275830,0.054993,-0.208972,1.209839,0.219971,0.285962,-1.033862,0.087988,0.362952,-0.758899,0.109985,0.373950,-0.956873,0.131982,-0.461938,1.022864,0.109985,-0.329956,1.154846,0.131982,-0.197974,1.132849,105649,497039,-95,107,8235,-17,-1,-19,625
1780493825.145608,105652,497045,0x0FFF,0.318958,0.340955,-0.978870,0.362952,0.428943,-0.956873,0.230969,0.461938,-0.901880,0.186975,-0.582922,1.220837,0.076990,-0.274963,1.319824,0.098987,-0.296960,1.264832,0.252966,0.329956,-1.011865,0.186975,0.373950,-0.879883,0.219971,0.373950,-0.923877,0.186975,-0.439941,0.934875,0.219971,-0.296960,1.176843,0.087988,-0.230969,1.319824,105649,497039,-95,107,8235,-17,-1,-19,625
1780493825.147584,105654,497047,0x0FFF,0.505933,0.340955,-0.978870,0.263965,0.494934,-0.923877,0.208972,0.351953,-0.890881,0.318958,-0.648914,1.132849,0.109985,-0.351953,1.220837,-0.054993,-0.263965,1.176843,0.208972,0.395947,-0.989868,0.219971,0.461938,-0.725903,0.164978,0.505933,-0.835889,0.175977,-0.472937,0.857886,0.175977,-0.373950,1.110852,0.219971,-0.131982,1.275830,105653,497045,-95,134,8237,-19,-4,-16,639
1780493825.149657,105655,497049,0x0FFF,0.450940,0.351953,-0.901880,0.307959,0.527930,-0.923877,0.230969,0.340955,-0.846887,0.208972,-0.626917,1.099854,0.120984,-0.318958,1.286829,0.109985,-0.329956,1.220837,0.285962,0.285962,-0.901880,0.197974,0.329956,-0.802893,0.131982,0.373950,-0.901880,0.252966,-0.461938,0.967871,0.164978,-0.395947,1.121851,0.241968,-0.153979,1.253833,105653,497045,-95,134,8237,-19,-4,-16,639
1780493825.151630,105657,497051,0x0FFF,0.483936,0.285962,-0.868884,0.307959,0.505933,-0.989868,0.208972,0.395947,-0.956873,0.197974,-0.604919,1.187842,0.021997,-0.384949,1.187842,0.021997,-0.274963,1.264832,0.197974,0.362952,-1.011865,0.252966,0.395947,-0.780896,0.087988,0.461938,-0.978870,0.296960,-0.461938,1.055859,0.219971,-0.296960,1.044861,0.186975,-0.252966,1.231836,105656,497050,-89,128,8231,-18,-3,-20,646
1780493825.153573,105658,497053,0x0FFF,0.450940,0.197974,-0.879883,0.263965,0.428943,-0.967871,0.274963,0.307959,-0.835889,0.164978,-0.527930,1.275830,0.142981,-0.307959,1.187842,0.000000,-0.274963,1.264832,0.197974,0.285962,-0.945874,0.263965,0.439941,-0.802893,0.120984,0.373950,-0.967871,0.252966,-0.439941,1.044861,-0.010999,-0.285962,1.132849,0.131982,-0.186975,1.121851,105656,497050,-89,128,8231,-18,-3,-20,646
1780493825.155528,105659,497055,0x0FFF,0.472937,0.340955,-1.088855,0.263965,0.571924,-0.879883,0.230969,0.318958,-0.890881,0.263965,-0.648914,1.253833,0.109985,-0.329956,1.264832,0.010999,-0.351953,1.286829,0.263965,0.373950,-0.934875,0.142981,0.384949,-0.769897,0.109985,0.450940,-0.934875,0.164978,-0.406946,0.945874,0.076990,-0.362952,1.176843,0.098987,-0.208972,1.176843,105656,497050,-89,128,8231,-18,-3,-20,646
1780493825.157558,105661,497058,0x0FFF,0.450940,0.340955,-0.956873,0.318958,0.527930,-0.945874,0.153979,0.406946,-0.912878,0.274963,-0.582922,1.242834,0.043994,-0.417944,1.253833,-0.021997,-0.263965,1.374817,0.153979,0.329956,-1.022864,0.274963,0.428943,-0.813892,0.142981,0.549927,-0.813892,0.230969,-0.538928,0.967871,0.087988,-0.274963,1.099854,0.153979,-0.186975,1.220837,105660,497056,-100,115,8237,-17,-4,-19,644
1780493825.159491,105662,497060,0x0FFF,0.417944,0.439941,-1.022864,0.362952,0.516931,-0.879883,0.219971,0.307959,-0.934875,0.186975,-0.637915,1.286829,0.120984,-0.384949,1.264832,0.000000,-0.296960,1.264832,0.120984,0.351953,-1.022864,0.197974,0.439941,-0.769897,0.208972,0.439941,-0.956873,0.274963,-0.494934,0.945874,-0.010999,-0.428943,1.187842,0.109985,-0.131982,1.176843,105660,497056,-100,115,8237,-17,-4,-19,644
1780493825.161580,105664,497062,0x0FFF,0.450940,0.296960,-0.967871,0.307959,0.494934,-1.077856,0.230969,0.329956,-0.879883,0.307959,-0.582922,1.154846,0.054993,-0.263965,1.220837,0.065991,-0.252966,1.253833,0.175977,0.285962,-1.022864,0.230969,0.439941,-0.846887,0.076990,0.362952,-0.956873,0.219971,-0.483936,0.989868,0.164978,-0.241968,1.132849,0.153979,-0.186975,1.055859,105663,497060,-102,118,8243,-14,-2,-16,627
1780493825.164753,105665,497064,0x0FFF,0.604919,0.340955,-1.033862,0.252966,0.461938,-0.901880,0.362952,0.329956,-0.813892,0.197974,-0.527930,1.242834,0.109985,-0.373950,1.198840,0.043994,-0.241968,1.297827,0.285962,0.307959,-1.000867,0.252966,0.417944,-0.615918,0.087988,0.351953,-0.846887,0.197974,-0.373950,0.835889,0.065991,-0.285962,1.121851,0.252966,-0.197974,1.077856,105663,497060,-102,118,8243,-14,-2,-16,627
1780493825.166858,105667,497066,0x0FFF,0.406946,0.285962,-1.022864,0.296960,0.483936,-1.055859,0.230969,0.373950,-0.901880,0.285962,-0.626917,1.209839,0.208972,-0.351953,1.220837,0.065991,-0.230969,1.308826,0.285962,0.373950,-0.956873,0.186975,0.373950,-0.802893,0.153979,0.450940,-0.967871,0.263965,-0.483936,1.055859,0.021997,-0.340955,1.198840,0.241968,-0.296960,1.187842,105666,497064,-99,100,8242,-15,-5,-20,640
1780493825.168871,105668,497068,0x0FFF,0.362952,0.395947,-0.967871,0.362952,0.384949,-0.945874,0.296960,0.274963,-0.923877,0.230969,-0.571924,1.286829,0.054993,-0.439941,1.154846,0.054993,-0.241968,1.319824,0.208972,0.351953,-0.967871,0.230969,0.439941,-0.912878,0.087988,0.351953,-0.945874,0.230969,-0.494934,1.000867,0.164978,-0.263965,1.198840,0.164978,-0.109985,1.154846,105666,497064,-99,100,8242,-15,-5,-20,640
1780493825.170991,105669,497070,0x0FFF,0.362952,0.340955,-1.099854,0.329956,0.439941,-0.901880,0.241968,0.384949,-0.857886,0.197974,-0.681909,1.242834,0.065991,-0.362952,1.209839,-0.032996,-0.274963,1.275830,0.131982,0.252966,-0.945874,0.164978,0.373950,-0.791895,0.197974,0.318958,-1.044861,0.307959,-0.406946,0.989868,0.208972,-0.362952,1.110852,0.197974,-0.109985,1.198840,105666,497064,-99,100,8242,-15,-5,-20,640
1780493825.173136,105671,497072,0x0FFF,0.373950,0.318958,-0.989868,0.340955,0.494934,-0.989868,0.252966,0.285962,-0.813892,0.296960,-0.626917,1.231836,0.175977,-0.241968,1.264832,0.000000,-0.208972,1.264832,0.285962,0.351953,-0.868884,0.241968,0.428943,-0.901880,0.175977,0.439941,-1.011865,0.208972,-0.461938,1.044861,0.208972,-0.285962,1.121851,0.131982,-0.208972,1.165845,105670,497070,-83,105,8229,-14,-1,-22,638
1780493825.175241,105672,497074,0x0FFF,0.450940,0.340955,-0.967871,0.318958,0.549927,-0.890881,0.296960,0.263965,-0.868884,0.197974,-0.725903,1.198840,0.186975,-0.318958,1.253833,-0.032996,-0.197974,1.297827,0.153979,0.384949,-1.066858,0.230969,0.329956,-0.780896,0.153979,0.340955,-1.022864,0.219971,-0.307959,0.945874,0.054993,-0.373950,1.143848,0.208972,-0.186975,1.220837,105670,497070,-83,105,8229,-14,-1,-22,638
1780493825.177335,105674,497076,0x0FFF,0.472937,0.384949,-0.912878,0.241968,0.549927,-1.011865,0.197974,0.263965,-0.725903,0.263965,-0.725903,1.187842,0.000000,-0.307959,1.253833,0.032996,-0.307959,1.275830,0.252966,0.395947,-1.077856,0.164978,0.472937,-0.813892,0.164978,0.373950,-0.934875,0.318958,-0.494934,1.022864,0.109985,-0.307959,1.187842,0.120984,-0.153979,1.088855,105673,497075,-100,115,8231,-17,-1,-23,633
1780493825.179299,105675,497078,0x0FFF,0.505933,0.384949,-1.044861,0.263965,0.428943,-0.824890,0.329956,0.296960,-0.846887,0.307959,-0.538928,1.220837,0.087988,-0.362952,1.253833,0.010999,-0.241968,1.286829,0.186975,0.373950,-0.956873,0.120984,0.450940,-0.868884,0.241968,0.472937,-0.923877,0.329956,-0.373950,1.033862,0.120984,-0.373950,1.176843,0.263965,-0.252966,1.209839,105673,497075,-100,115,8231,-17,-1,-23,633
1780493825.181519,105676,497080,0x0FFF,0.428943,0.384949,-0.923877,0.263965,0.483936,-0.945874,0.296960,0.296960,-0.879883,0.252966,-0.582922,1.187842,0.043994,-0.329956,1.253833,0.021997,-0.318958,1.308826,0.252966,0.307959,-0.978870,0.186975,0.505933,-0.824890,0.164978,0.538928,-0.978870,0.175977,-0.406946,0.857886,0.164978,-0.417944,1.066858,0.098987,-0.197974,1.110852,105673,497075,-100,115,8231,-17,-1,-23,633
1780493825.182282,105678,497083,0x0FFF,0.516931,0.351953,-0.978870,0.406946,0.483936,-0.978870,0.274963,0.362952,-0.868884,0.263965,-0.626917,1.165845,0.021997,-0.373950,1.286829,0.054993,-0.252966,1.330823,0.098987,0.230969,-0.923877,0.186975,0.494934,-0.857886,0.186975,0.483936,-0.956873,0.230969,-0.494934,1.132849,0.120984,-0.362952,1.209839,0.219971,-0.186975,1.176843,105677,497081,-87,119,8244,-18,-3,-19,625
1780493825.185468,105679,497085,0x0FFF,0.439941,0.373950,-1.066858,0.263965,0.461938,-0.934875,0.263965,0.241968,-0.835889,0.219971,-0.659912,1.143848,0.131982,-0.428943,1.242834,0.000000,-0.318958,1.429810,0.274963,0.373950,-1.000867,0.164978,0.329956,-0.725903,0.131982,0.461938,-0.923877,0.230969,-0.516931,0.901880,0.065991,-0.296960,1.055859,0.131982,-0.219971,1.187842,105677,497081,-87,119,8244,-18,-3,-19,625
1780493825.187492,105681,497087,0x0FFF,0.384949,0.252966,-0.934875,0.329956,0.516931,-0.824890,0.164978,0.461938,-0.945874,0.274963,-0.571924,1.253833,0.043994,-0.450940,1.297827,0.065991,-0.296960,1.319824,0.164978,0.384949,-0.923877,0.186975,0.373950,-0.835889,0.120984,0.417944,-0.901880,0.307959,-0.384949,1.022864,0.054993,-0.395947,1.143848,0.197974,-0.175977,1.209839,105680,497085,-94,119,8223,-15,-5,-23,628
1780493825.189548,105682,497089,0x0FFF,0.549927,0.307959,-0.978870,0.296960,0.505933,-0.945874,0.164978,0.340955,-0.879883,0.318958,-0.670911,1.154846,0.065991,-0.351953,1.308826,0.076990,-0.186975,1.264832,0.263965,0.329956,-0.967871,0.087988,0.417944,-0.780896,0.098987,0.439941,-0.934875,0.197974,-0.450940,0.989868,0.109985,-0.318958,1.143848,0.285962,-0.274963,1.319824,105680,497085,-94,119,8223,-15,-5,-23,628
1780493825.191553,105684,497091,0x0FFF,0.417944,0.329956,-0.945874,0.263965,0.472937,-0.912878,0.307959,0.318958,-0.945874,0.252966,-0.648914,1.264832,0.065991,-0.329956,1.231836,-0.021997,-0.296960,1.231836,0.307959,0.274963,-1.011865,0.142981,0.417944,-0.802893,0.109985,0.428943,-1.000867,0.164978,-0.439941,1.022864,0.186975,-0.307959,1.154846,0.175977,-0.241968,1.165845,105683,497089,-97,108,8233,-14,-1,-22,635
1780493825.193589,105685,497093,0x0FFF,0.373950,0.285962,-0.890881,0.362952,0.560925,-0.890881,0.208972,0.285962,-1.000867,0.307959,-0.615918,1.198840,0.098987,-0.307959,1.220837,0.054993,-0.351953,1.198840,0.274963,0.296960,-1.033862,0.263965,0.373950,-0.780896,0.065991,0.439941,-0.890881,0.230969,-0.472937,0.901880,0.142981,-0.241968,1.187842,0.274963,-0.219971,1.121851,105683,497089,-97,108,8233,-14,-1,-22,635
1780493825.195591,105686,497095,0x0FFF,0.538928,0.263965,-1.022864,0.329956,0.450940,-0.945874,0.252966,0.285962,-0.967871,0.296960,-0.560925,1.286829,0.076990,-0.351953,1.143848,0.131982,-0.252966,1.264832,0.230969,0.307959,-1.033862,0.131982,0.329956,-0.758899,0.120984,0.362952,-0.956873,0.197974,-0.472937,0.978870,0.087988,-0.263965,1.154846,0.164978,-0.252966,1.242834,105683,497089,-97,108,8233,-14,-1,-22,635
1780493825.197657,105688,497097,0x0FFF,0.428943,0.373950,-1.044861,0.263965,0.461938,-0.956873,0.252966,0.318958,-0.901880,0.318958,-0.626917,1.231836,0.109985,-0.384949,1.264832,0.000000,-0.296960,1.308826,0.164978,0.362952,-0.956873,0.076990,0.285962,-0.824890,0.076990,0.472937,-0.802893,0.175977,-0.340955,0.890881,0.197974,-0.439941,1.088855,0.208972,-0.219971,1.242834,105687,497095,-109,101,8232,-18,-3,-22,638
1780493825.199643,105689,497099,0x0FFF,0.461938,0.461938,-0.857886,0.307959,0.560925,-0.956873,0.230969,0.340955,-0.978870,0.252966,-0.681909,1.264832,0.109985,-0.384949,1.264832,0.010999,-0.362952,1.319824,0.307959,0.285962,-0.934875,0.208972,0.318958,-0.835889,0.131982,0.307959,-1.011865,0.285962,-0.472937,0.901880,0.021997,-0.274963,1.099854,0.230969,-0.175977,1.143848,105687,497095,-109,101,8232,-18,-3,-22,638
1780493825.201678,105691,497101,0x0FFF,0.439941,0.417944,-0.912878,0.285962,0.439941,-0.945874,0.252966,0.439941,-0.956873,0.186975,-0.637915,1.143848,0.142981,-0.340955,1.286829,-0.054993,-0.252966,1.374817,0.219971,0.351953,-1.022864,0.186975,0.307959,-0.780896,0.120984,0.417944,-0.934875,0.153979,-0.340955,0.956873,0.098987,-0.362952,1.132849,0.208972,-0.186975,1.165845,105690,497100,-90,100,8229,-16,-2,-20,638
1780493825.203604,105692,497103,0x0FFF,0.516931,0.307959,-0.989868,0.263965,0.549927,-0.945874,0.120984,0.395947,-0.857886,0.241968,-0.582922,1.363818,0.010999,-0.351953,1.209839,-0.021997,-0.285962,1.396814,0.285962,0.340955,-0.901880,0.186975,0.340955,-0.758899,0.164978,0.505933,-0.923877,0.197974,-0.483936,0.956873,0.076990,-0.318958,1.121851,0.164978,-0.197974,1.209839,105690,497100,-90,100,8229,-16,-2,-20,638
1780493825.205651,105693,497105,0x0FFF,0.516931,0.417944,-0.945874,0.362952,0.505933,-0.923877,0.186975,0.285962,-1.000867,0.197974,-0.637915,1.264832,0.098987,-0.296960,1.209839,0.032996,-0.241968,1.319824,0.153979,0.263965,-1.077856,0.197974,0.307959,-0.857886,0.142981,0.505933,-0.912878,0.241968,-0.395947,1.011865,0.076990,-0.318958,1.099854,0.186975,-0.186975,1.154846,105690,497100,-90,100,8229,-16,-2,-20,638
1780493825.207661,105695,497108,0x0FFF,0.582922,0.307959,-1.022864,0.285962,0.494934,-0.978870,0.164978,0.340955,-0.791895,0.241968,-0.560925,1.253833,0.175977,-0.307959,1.066858,0.065991,-0.241968,1.352820,0.285962,0.395947,-1.033862,0.142981,0.450940,-0.824890,0.098987,0.417944,-0.967871,0.263965,-0.417944,0.923877,0.109985,-0.285962,1.198840,0.186975,-0.241968,1.143848,105694,497106,-98,117,8224,-13,-4,-23,633
1780493825.209710,105696,497110,0x0FFF,0.527930,0.362952,-0.978870,0.428943,0.571924,-0.890881,0.241968,0.362952,-0.890881,0.274963,-0.560925,1.363818,0.120984,-0.296960,1.330823,0.032996,-0.307959,1.341821,0.197974,0.307959,-0.978870,0.197974,0.483936,-0.857886,0.175977,0.384949,-0.890881,0.252966,-0.494934,1.099854,0.197974,-0.296960,1.143848,0.318958,-0.230969,1.143848,105694,497106,-98,117,8224,-13,-4,-23,633
1780493825.211790,105698,497112,0x0FFF,0.406946,0.362952,-1.000867,0.362952,0.472937,-1.022864,0.296960,0.373950,-0.956873,0.285962,-0.659912,1.341821,0.087988,-0.340955,1.209839,0.087988,-0.263965,1.319824,0.087988,0.395947,-1.011865,0.197974,0.373950,-0.868884,0.076990,0.406946,-0.923877,0.263965,-0.472937,0.879883,0.021997,-0.362952,1.088855,0.142981,-0.263965,1.253833,105697,497110,-96,121,8227,-15,-4,-22,638
1780493825.213753,105699,497114,0x0FFF,0.505933,0.318958,-0.945874,0.340955,0.494934,-0.868884,0.274963,0.362952,-0.956873,0.197974,-0.637915,1.209839,0.054993,-0.494934,1.242834,-0.065991,-0.351953,1.253833,0.153979,0.362952,-0.879883,0.186975,0.428943,-0.879883,0.186975,0.340955,-0.989868,0.219971,-0.483936,0.857886,0.076990,-0.340955,1.187842,0.054993,-0.274963,1.253833,105697,497110,-96,121,8227,-15,-4,-22,638
1780493825.217083,105701,497116,0x0FFF,0.406946,0.351953,-0.967871,0.252966,0.494934,-0.912878,0.186975,0.307959,-0.912878,0.263965,-0.560925,1.165845,0.252966,-0.340955,1.286829,0.021997,-0.307959,1.242834,0.109985,0.230969,-1.000867,0.219971,0.516931,-0.879883,0.164978,0.450940,-0.989868,0.219971,-0.494934,1.000867,0.043994,-0.252966,1.209839,0.197974,-0.197974,1.110852,105700,497114,-93,104,8234,-18,-4,-18,637
1780493825.217764,105702,497118,0x0FFF,0.417944,0.329956,-0.857886,0.285962,0.461938,-1.000867,0.208972,0.340955,-0.758899,0.274963,-0.582922,1.143848,0.109985,-0.340955,1.231836,-0.021997,-0.285962,1.374817,0.175977,0.318958,-0.934875,0.230969,0.351953,-0.769897,0.153979,0.384949,-0.989868,0.186975,-0.428943,0.967871,0.087988,-0.318958,1.088855,0.109985,-0.164978,1.209839,105700,497114,-93,104,8234,-18,-4,-18,637
1780493825.220993,105703,497120,0x0FFF,0.494934,0.307959,-0.901880,0.318958,0.417944,-0.901880,0.395947,0.351953,-0.868884,0.263965,-0.648914,1.198840,0.164978,-0.362952,1.308826,0.054993,-0.197974,1.286829,0.164978,0.307959,-0.934875,0.076990,0.362952,-0.890881,0.120984,0.406946,-0.868884,0.164978,-0.494934,1.055859,0.120984,-0.296960,1.077856,0.109985,-0.175977,1.286829,105700,497114,-93,104,8234,-18,-4,-18,637
1780493825.223140,105705,497122,0x0FFF,0.472937,0.351953,-1.022864,0.219971,0.439941,-1.044861,0.219971,0.362952,-0.879883,0.340955,-0.659912,1.253833,0.065991,-0.384949,1.209839,0.032996,-0.329956,1.253833,0.175977,0.340955,-0.923877,0.208972,0.439941,-0.868884,0.131982,0.439941,-0.967871,0.208972,-0.538928,0.945874,0.098987,-0.318958,1.187842,0.208972,-0.219971,1.154846,105704,497120,-94,108,8240,-14,-3,-20,636
1780493825.225244,105706,497124,0x0FFF,0.406946,0.351953,-0.989868,0.263965,0.472937,-1.000867,0.307959,0.296960,-0.967871,0.296960,-0.615918,1.220837,0.120984,-0.406946,1.143848,0.076990,-0.274963,1.242834,0.186975,0.373950,-0.857886,0.153979,0.439941,-0.725903,0.054993,0.417944,-0.890881,0.296960,-0.439941,0.967871,0.142981,-0.252966,1.231836,0.087988,-0.208972,1.143848,105704,497120,-94,108,8240,-14,-3,-20,636
1780493825.227281,105708,497126,0x0FFF,0.362952,0.428943,-1.033862,0.362952,0.538928,-1.011865,0.241968,0.351953,-0.901880,0.241968,-0.560925,1.231836,0.098987,-0.395947,1.198840,0.043994,-0.197974,1.264832,0.296960,0.296960,-0.890881,0.263965,0.362952,-0.879883,0.032996,0.439941,-0.934875,0.318958,-0.406946,1.000867,0.142981,-0.395947,1.154846,0.230969,-0.098987,1.165845,105707,497125,-91,102,8233,-17,-5,-24,636
1780493825.229311,105709,497128,0x0FFF,0.516931,0.362952,-1.033862,0.362952,0.593921,-0.890881,0.153979,0.406946,-0.879883,0.318958,-0.681909,1.231836,0.120984,-0.461938,1.231836,-0.065991,-0.296960,1.297827,0.263965,0.175977,-0.989868,0.252966,0.285962,-0.802893,0.098987,0.340955,-1.000867,0.219971,-0.483936,0.879883,0.043994,-0.252966,1.121851,0.164978,-0.274963,1.132849,105707,497125,-91,102,8233,-17,-5,-24,636
1780493825.231318,105710,497130,0x0FFF,0.417944,0.373950,-0.956873,0.241968,0.472937,-0.846887,0.219971,0.274963,-0.934875,0.241968,-0.571924,1.253833,0.164978,-0.241968,1.264832,-0.065991,-0.296960,1.363818,0.120984,0.263965,-1.022864,0.065991,0.417944,-0.868884,0.142981,0.505933,-0.934875,0.318958,-0.461938,0.989868,0.186975,-0.505933,1.209839,0.164978,-0.219971,1.275830,105707,497125,-91,102,8233,-17,-5,-24,636
1780493825.233387,105712,497133,0x0FFF,0.340955,0.329956,-1.000867,0.263965,0.527930,-0.890881,0.230969,0.274963,-1.000867,0.252966,-0.626917,1.165845,0.098987,-0.263965,1.198840,0.098987,-0.175977,1.308826,0.164978,0.274963,-0.945874,0.230969,0.461938,-0.813892,0.065991,0.395947,-1.044861,0.186975,-0.527930,0.956873,0.021997,-0.252966,1.187842,0.164978,-0.208972,1.231836,105711,497131,-92,106,8233,-16,-2,-22,628
1780493825.235433,105713,497135,0x0FFF,0.428943,0.351953,-0.989868,0.483936,0.472937,-0.857886,0.175977,0.307959,-0.989868,0.285962,-0.714905,1.264832,0.043994,-0.296960,1.341821,0.032996,-0.252966,1.330823,0.285962,0.296960,-1.044861,0.197974,0.439941,-0.824890,0.153979,0.406946,-0.956873,0.230969,-0.483936,1.011865,0.120984,-0.373950,1.143848,0.054993,-0.219971,1.253833,105711,497131,-92,106,8233,-16,-2,-22,628
1780493825.237498,105715,497137,0x0FFF,0.417944,0.340955,-0.934875,0.241968,0.439941,-0.923877,0.285962,0.307959,-0.890881,0.307959,-0.549927,1.198840,0.120984,-0.373950,1.165845,0.021997,-0.307959,1.209839,0.241968,0.406946,-1.033862,0.142981,0.483936,-0.846887,0.208972,0.329956,-1.000867,0.197974,-0.439941,0.912878,0.175977,-0.318958,1.176843,0.186975,-0.230969,1.077856,105714,497135,-93,100,8227,-16,-2,-23,636
1780493825.239473,105716,497139,0x0FFF,0.560925,0.351953,-0.890881,0.263965,0.450940,-0.791895,0.230969,0.384949,-0.890881,0.307959,-0.582922,1.231836,0.153979,-0.428943,1.220837,0.054993,-0.252966,1.264832,0.076990,0.318958,-0.923877,0.197974,0.285962,-0.934875,0.054993,0.406946,-0.857886,0.186975,-0.472937,0.923877,0.153979,-0.406946,1.121851,0.164978,-0.219971,1.154846,105714,497135,-93,100,8227,-16,-2,-23,636
1780493825.241492,105717,497141,0x0FFF,0.461938,0.450940,-0.956873,0.340955,0.483936,-0.967871,0.131982,0.472937,-0.923877,0.296960,-0.648914,1.308826,0.142981,-0.307959,1.209839,-0.065991,-0.329956,1.264832,0.076990,0.428943,-0.967871,0.153979,0.230969,-0.736902,0.164978,0.582922,-0.945874,0.263965,-0.450940,1.022864,0.164978,-0.373950,1.154846,0.241968,-0.142981,1.176843,105714,497135,-93,100,8227,-16,-2,-23,636
1780493825.243497,105719,497143,0x0FFF,0.516931,0.296960,-1.055859,0.285962,0.538928,-0.890881,0.274963,0.417944,-0.835889,0.340955,-0.637915,1.132849,0.175977,-0.318958,1.198840,-0.043994,-0.340955,1.374817,0.065991,0.318958,-1.077856,0.186975,0.351953,-0.912878,0.153979,0.395947,-1.000867,0.252966,-0.428943,0.868884,0.109985,-0.252966,1.088855,0.164978,-0.175977,1.143848,105718,497141,-91,112,8240,-15,-1,-20,632
1780493825.245567,105720,497145,0x0FFF,0.461938,0.428943,-0.923877,0.329956,0.417944,-0.923877,0.296960,0.417944,-0.780896,0.142981,-0.593921,1.231836,0.032996,-0.362952,1.143848,0.032996,-0.274963,1.308826,0.109985,0.351953,-0.989868,0.197974,0.406946,-0.901880,0.120984,0.362952,-1.000867,0.219971,-0.472937,0.989868,0.164978,-0.241968,1.253833,0.197974,-0.208972,1.231836,105718,497141,-91,112,8240,-15,-1,-20,632
1780493825.247665,105722,497147,0x0FFF,0.505933,0.362952,-1.044861,0.219971,0.472937,-0.923877,0.197974,0.307959,-0.923877,0.307959,-0.802893,1.297827,0.054993,-0.384949,1.176843,0.032996,-0.296960,1.308826,0.197974,0.362952,-1.055859,0.186975,0.395947,-0.813892,0.175977,0.461938,-0.923877,0.219971,-0.395947,1.033862,0.153979,-0.285962,1.121851,0.153979,-0.098987,1.187842,105721,497145,-99,122,8231,-16,-4,-20,638
1780493825.249223,105723,497149,0x0FFF,0.472937,0.340955,-0.989868,0.395947,0.505933,-0.901880,0.164978,0.263965,-0.945874,0.318958,-0.648914,1.231836,0.120984,-0.428943,1.297827,-0.054993,-0.219971,1.352820,0.230969,0.329956,-0.857886,0.230969,0.395947,-0.879883,0.098987,0.395947,-0.890881,0.230969,-0.516931,0.934875,0.065991,-0.351953,1.066858,0.197974,-0.153979,1.132849,105721,497145,-99,122,8231,-16,-4,-20,638
1780493825.251740,105725,497151,0x0FFF,0.296960,0.329956,-0.923877,0.384949,0.472937,-0.956873,0.219971,0.252966,-0.901880,0.241968,-0.626917,1.275830,0.120984,-0.241968,1.154846,0.010999,-0.164978,1.264832,0.285962,0.318958,-0.934875,0.186975,0.307959,-0.791895,0.164978,0.406946,-0.912878,0.263965,-0.417944,1.077856,0.142981,-0.417944,1.220837,0.131982,-0.197974,1.187842,105724,497150,-101,113,8226,-17,-5,-22,636
1780493825.253092,105726,497153,0x0FFF,0.450940,0.373950,-0.923877,0.351953,0.428943,-0.912878,0.373950,0.351953,-0.901880,0.263965,-0.560925,1.198840,0.076990,-0.318958,1.198840,0.043994,-0.186975,1.330823,0.252966,0.252966,-0.901880,0.186975,0.461938,-0.879883,0.098987,0.428943,-0.923877,0.186975,-0.483936,0.956873,0.164978,-0.285962,1.132849,0.197974,-0.175977,1.176843,105724,497150,-101,113,8226,-17,-5,-22,636
1780493825.255563,105727,497155,0x0FFF,0.494934,0.417944,-1.099854,0.219971,0.516931,-0.912878,0.340955,0.384949,-0.879883,0.252966,-0.615918,1.198840,0.076990,-0.439941,1.286829,0.054993,-0.252966,1.308826,0.296960,0.318958,-1.011865,0.296960,0.296960,-0.835889,0.131982,0.373950,-0.879883,0.208972,-0.241968,0.813892,0.109985,-0.373950,1.154846,0.219971,-0.274963,1.187842,105724,497150,-101,113,8226,-17,-5,-22,636
1780493825.257013,105729,497158,0x0FFF,0.395947,0.351953,-0.989868,0.252966,0.505933,-0.912878,0.197974,0.241968,-0.824890,0.197974,-0.615918,1.220837,0.000000,-0.285962,1.286829,0.000000,-0.296960,1.231836,0.153979,0.241968,-1.000867,0.186975,0.362952,-0.846887,0.120984,0.472937,-0.956873,0.219971,-0.428943,1.066858,0.010999,-0.340955,1.066858,0.186975,-0.109985,1.198840,105728,497156,-98,116,8231,-16,-3,-21,639
1780493825.259587,105730,497160,0x0FFF,0.384949,0.406946,-0.945874,0.219971,0.450940,-0.978870,0.230969,0.340955,-0.989868,0.241968,-0.538928,1.209839,0.098987,-0.395947,1.286829,0.021997,-0.186975,1.330823,0.120984,0.296960,-0.912878,0.197974,0.494934,-0.659912,0.065991,0.384949,-0.901880,0.285962,-0.373950,1.044861,0.153979,-0.285962,1.187842,0.153979,-0.175977,1.264832,105728,497156,-98,116,8231,-16,-3,-21,639
1780493825.262224,105732,497162,0x0FFF,0.395947,0.307959,-0.956873,0.208972,0.417944,-0.890881,0.219971,0.351953,-0.802893,0.318958,-0.505933,1.297827,0.153979,-0.351953,1.264832,0.032996,-0.208972,1.209839,0.263965,0.395947,-1.022864,0.175977,0.329956,-0.846887,0.098987,0.516931,-0.945874,0.230969,-0.362952,1.011865,0.109985,-0.307959,1.099854,0.164978,-0.274963,1.187842,105731,497160,-99,114,8240,-15,-2,-22,628
1780493825.263851,105733,497164,0x0FFF,0.461938,0.406946,-1.000867,0.362952,0.406946,-0.868884,0.120984,0.241968,-0.868884,0.285962,-0.659912,1.264832,0.032996,-0.395947,1.264832,0.032996,-0.296960,1.330823,0.109985,0.219971,-1.011865,0.230969,0.373950,-0.802893,0.142981,0.384949,-0.934875,0.241968,-0.373950,0.890881,0.043994,-0.296960,1.165845,0.175977,-0.329956,1.176843,105731,497160,-99,114,8240,-15,-2,-22,628
1780493825.266705,105734,497166,0x0FFF,0.494934,0.395947,-0.967871,0.340955,0.538928,-0.934875,0.219971,0.318958,-0.989868,0.208972,-0.648914,1.176843,0.120984,-0.285962,1.264832,-0.021997,-0.340955,1.286829,0.153979,0.340955,-0.956873,0.131982,0.472937,-0.824890,0.131982,0.362952,-0.934875,0.230969,-0.483936,0.912878,0.142981,-0.318958,1.176843,0.142981,-0.274963,1.286829,105731,497160,-99,114,8240,-15,-2,-22,628
1780493825.268550,105736,497168,0x0FFF,0.439941,0.340955,-0.989868,0.307959,0.461938,-0.989868,0.230969,0.373950,-0.857886,0.186975,-0.615918,1.286829,0.021997,-0.285962,1.220837,0.065991,-0.252966,1.220837,0.252966,0.340955,-0.912878,0.197974,0.351953,-0.857886,0.065991,0.527930,-0.890881,0.274963,-0.428943,1.011865,0.021997,-0.384949,1.143848,0.230969,-0.296960,1.264832,105735,497166,-97,123,8238,-17,0,-23,621
1780493825.270443,105737,497170,0x0FFF,0.494934,0.362952,-0.945874,0.340955,0.516931,-0.868884,0.329956,0.406946,-0.912878,0.219971,-0.593921,1.231836,0.021997,-0.296960,1.209839,0.065991,-0.197974,1.352820,0.208972,0.362952,-0.945874,0.120984,0.428943,-0.835889,0.219971,0.428943,-0.846887,0.307959,-0.417944,0.923877,0.043994,-0.318958,1.165845,0.175977,-0.219971,1.176843,105735,497166,-97,123,8238,-17,0,-23,621
1780493825.272320,105739,497172,0x0FFF,0.428943,0.285962,-1.022864,0.241968,0.417944,-0.945874,0.252966,0.252966,-0.824890,0.252966,-0.692908,1.220837,0.054993,-0.406946,1.143848,0.120984,-0.296960,1.264832,0.219971,0.307959,-1.000867,0.164978,0.439941,-0.736902,0.120984,0.450940,-0.835889,0.241968,-0.494934,0.978870,0.120984,-0.252966,1.198840,0.131982,-0.208972,1.231836,105738,497170,-100,122,8244,-16,-3,-21,629
1780493825.274200,105740,497174,0x0FFF,0.483936,0.340955,-1.022864,0.164978,0.450940,-0.846887,0.153979,0.406946,-0.868884,0.263965,-0.604919,1.088855,0.131982,-0.340955,1.220837,0.054993,-0.241968,1.308826,0.274963,0.428943,-0.945874,0.219971,0.439941,-0.813892,0.164978,0.450940,-0.967871,0.219971,-0.373950,1.011865,0.109985,-0.252966,1.264832,0.208972,-0.208972,1.176843,105738,497170,-100,122,8244,-16,-3,-21,629
1780493825.276230,105742,497176,0x0FFF,0.395947,0.450940,-0.989868,0.274963,0.472937,-0.956873,0.153979,0.406946,-0.813892,0.285962,-0.582922,1.242834,0.032996,-0.351953,1.209839,0.054993,-0.307959,1.308826,0.208972,0.274963,-0.945874,0.208972,0.439941,-0.857886,0.142981,0.450940,-0.956873,0.186975,-0.395947,1.022864,0.098987,-0.384949,1.165845,0.120984,-0.186975,1.132849,105741,497175,-96,126,8238,-16,1,-21,634
1780493825.279193,105743,497178,0x0FFF,0.428943,0.274963,-0.967871,0.340955,0.406946,-0.923877,0.175977,0.406946,-0.945874,0.296960,-0.725903,1.275830,0.131982,-0.351953,1.253833,-0.010999,-0.230969,1.220837,0.164978,0.329956,-1.011865,0.164978,0.406946,-0.901880,0.087988,0.505933,-0.934875,0.197974,-0.461938,0.934875,0.109985,-0.274963,1.088855,0.219971,-0.208972,1.242834,105741,497175,-96,126,8238,-16,1,-21,634
1780493825.281220,105744,497180,0x0FFF,0.351953,0.351953,-0.967871,0.208972,0.494934,-0.923877,0.208972,0.307959,-0.868884,0.164978,-0.615918,1.286829,0.120984,-0.307959,1.198840,-0.043994,-0.318958,1.275830,0.186975,0.252966,-1.033862,0.142981,0.318958,-0.879883,0.241968,0.439941,-0.846887,0.296960,-0.527930,0.956873,0.065991,-0.362952,1.319824,0.153979,-0.274963,1.275830,105741,497175,-96,126,8238,-16,1,-21,634
1780493825.283256,105746,497183,0x0FFF,0.439941,0.384949,-0.934875,0.230969,0.395947,-0.846887,0.285962,0.340955,-0.846887,0.164978,-0.670911,1.264832,0.186975,-0.351953,1.077856,0.043994,-0.252966,1.264832,0.208972,0.274963,-1.000867,0.208972,0.395947,-0.758899,0.219971,0.428943,-0.912878,0.219971,-0.318958,0.978870,0.142981,-0.373950,1.077856,0.197974,-0.197974,1.110852,105745,497181,-97,118,8227,-16,-2,-21,645
1780493825.285320,105747,497185,0x0FFF,0.472937,0.263965,-0.901880,0.296960,0.472937,-1.000867,0.285962,0.340955,-0.857886,0.318958,-0.648914,1.165845,0.131982,-0.450940,1.154846,0.087988,-0.307959,1.308826,0.197974,0.241968,-0.989868,0.175977,0.362952,-0.725903,0.230969,0.417944,-0.945874,0.230969,-0.560925,0.967871,0.142981,-0.395947,1.198840,0.153979,-0.186975,1.143848,105745,497181,-97,118,8227,-16,-2,-21,645
1780493825.287310,105749,497187,0x0FFF,0.472937,0.384949,-1.044861,0.351953,0.439941,-0.868884,0.186975,0.285962,-0.868884,0.296960,-0.648914,1.176843,0.153979,-0.307959,1.242834,0.054993,-0.252966,1.253833,0.252966,0.395947,-0.978870,0.153979,0.428943,-0.846887,0.142981,0.373950,-0.967871,0.109985,-0.483936,1.044861,0.087988,-0.285962,1.154846,0.153979,-0.175977,1.209839,105748,497185,-97,114,8234,-16,-2,-19,641
1780493825.289238,105750,497189,0x0FFF,0.461938,0.362952,-1.000867,0.362952,0.417944,-0.945874,0.164978,0.428943,-0.835889,0.175977,-0.593921,1.220837,0.109985,-0.351953,1.220837,0.043994,-0.197974,1.275830,0.175977,0.274963,-1.011865,0.186975,0.494934,-0.824890,0.065991,0.340955,-0.835889,0.285962,-0.296960,0.890881,0.087988,-0.285962,1.055859,0.153979,-0.164978,1.253833,105748,497185,-97,114,8234,-16,-2,-19,641
1780493825.291370,105751,497191,0x0FFF,0.351953,0.373950,-0.956873,0.263965,0.571924,-0.879883,0.263965,0.307959,-0.879883,0.285962,-0.659912,1.264832,0.054993,-0.428943,1.286829,-0.010999,-0.318958,1.352820,0.208972,0.307959,-0.912878,0.208972,0.406946,-0.846887,0.164978,0.461938,-0.945874,0.241968,-0.450940,1.044861,0.186975,-0.252966,1.033862,0.186975,-0.241968,1.055859,105748,497185,-97,114,8234,-16,-2,-19,641
1780493825.293362,105753,497193,0x0FFF,0.472937,0.384949,-0.912878,0.373950,0.538928,-0.912878,0.241968,0.351953,-0.857886,0.230969,-0.692908,1.231836,0.043994,-0.340955,1.209839,0.076990,-0.274963,1.341821,0.186975,0.439941,-0.923877,0.109985,0.263965,-0.901880,0.142981,0.417944,-0.967871,0.087988,-0.384949,0.956873,0.153979,-0.362952,1.066858,0.186975,-0.285962,1.198840,105752,497191,-95,94,8242,-16,-3,-23,633
1780493825.295382,105754,497195,0x0FFF,0.538928,0.406946,-0.945874,0.307959,0.461938,-0.912878,0.252966,0.340955,-0.956873,0.186975,-0.538928,1.242834,0.142981,-0.307959,1.198840,-0.010999,-0.241968,1.242834,0.131982,0.318958,-1.011865,0.219971,0.417944,-0.813892,0.131982,0.439941,-0.890881,0.263965,-0.417944,0.978870,0.043994,-0.252966,1.154846,0.164978,-0.175977,1.231836,105752,497191,-95,94,8242,-16,-3,-23,633
1780493825.297432,105756,497197,0x0FFF,0.428943,0.384949,-1.033862,0.329956,0.494934,-0.868884,0.230969,0.252966,-0.857886,0.285962,-0.648914,1.242834,0.109985,-0.395947,1.264832,-0.021997,-0.208972,1.286829,0.175977,0.329956,-0.989868,0.219971,0.417944,-0.824890,0.054993,0.516931,-0.945874,0.197974,-0.351953,1.044861,0.153979,-0.296960,1.121851,0.241968,-0.131982,1.220837,105755,497195,-98,110,8230,-18,-1,-21,647
1780493825.299433,105757,497199,0x0FFF,0.428943,0.483936,-0.945874,0.406946,0.582922,-0.857886,0.230969,0.351953,-0.945874,0.285962,-0.516931,1.176843,0.142981,-0.296960,1.198840,0.000000,-0.197974,1.253833,0.175977,0.296960,-0.890881,0.153979,0.318958,-0.780896,0.164978,0.472937,-0.945874,0.197974,-0.428943,0.989868,0.098987,-0.274963,1.066858,0.164978,-0.120984,1.209839,105755,497195,-98,110,8230,-18,-1,-21,647
1780493825.301455,105759,497201,0x0FFF,0.417944,0.296960,-1.022864,0.461938,0.461938,-0.912878,0.307959,0.384949,-0.989868,0.296960,-0.648914,1.264832,0.186975,-0.417944,1.209839,-0.010999,-0.263965,1.275830,0.252966,0.362952,-0.879883,0.065991,0.439941,-0.725903,0.197974,0.351953,-0.923877,0.263965,-0.351953,1.110852,0.087988,-0.340955,1.209839,0.131982,-0.384949,1.165845,105758,497200,-97,110,8236,-15,-1,-19,637
1780493825.303444,105760,497203,0x0FFF,0.406946,0.318958,-1.011865,0.340955,0.472937,-1.055859,0.285962,0.318958,-0.846887,0.197974,-0.593921,1.253833,0.131982,-0.428943,1.264832,-0.021997,-0.197974,1.363818,0.186975,0.373950,-1.077856,0.186975,0.406946,-0.846887,0.153979,0.428943,-0.989868,0.263965,-0.384949,0.890881,0.065991,-0.384949,1.110852,0.175977,-0.186975,1.220837,105758,497200,-97,110,8236,-15,-1,-19,637
1780493825.305382,105761,497205,0x0FFF,0.428943,0.351953,-1.055859,0.263965,0.428943,-0.802893,0.252966,0.406946,-0.901880,0.208972,-0.560925,1.231836,-0.032996,-0.417944,1.143848,0.000000,-0.230969,1.363818,0.252966,0.274963,-0.989868,0.186975,0.417944,-0.923877,0.076990,0.428943,-0.901880,0.307959,-0.494934,1.033862,0.131982,-0.428943,1.231836,0.153979,-0.307959,1.165845,105758,497200,-97,110,8236,-15,-1,-19,637
1780493825.307401,105763,497208,0x0FFF,0.417944,0.461938,-1.011865,0.285962,0.483936,-0.934875,0.274963,0.362952,-0.912878,0.274963,-0.747900,1.198840,-0.010999,-0.384949,1.231836,0.010999,-0.230969,1.352820,0.252966,0.450940,-0.967871,0.307959,0.395947,-0.802893,0.109985,0.351953,-1.011865,0.175977,-0.439941,0.934875,0.109985,-0.285962,1.077856,0.131982,-0.175977,1.121851,105762,497206,-103,99,8236,-15,-2,-18,637
1780493825.310911,105764,497210,0x0FFF,0.450940,0.395947,-0.923877,0.307959,0.527930,-0.912878,0.373950,0.340955,-0.824890,0.252966,-0.593921,1.187842,0.087988,-0.428943,1.275830,0.065991,-0.307959,1.363818,0.175977,0.230969,-1.022864,0.175977,0.472937,-0.813892,0.065991,0.505933,-0.978870,0.296960,-0.351953,0.934875,0.087988,-0.351953,1.099854,0.120984,-0.285962,1.220837,105762,497206,-103,99,8236,-15,-2,-18,637
1780493825.312000,105766,497212,0x0FFF,0.450940,0.428943,-0.934875,0.274963,0.472937,-0.934875,0.252966,0.307959,-0.989868,0.197974,-0.582922,1.198840,0.175977,-0.417944,1.198840,0.076990,-0.318958,1.231836,0.230969,0.516931,-0.945874,0.197974,0.494934,-0.813892,0.054993,0.406946,-0.978870,0.153979,-0.406946,0.868884,0.142981,-0.395947,1.077856,0.219971,-0.219971,1.187842,105765,497210,-102,128,8225,-14,-2,-17,641
1780493825.314519,105767,497214,0x0FFF,0.483936,0.351953,-1.044861,0.384949,0.461938,-0.945874,0.274963,0.307959,-0.912878,0.296960,-0.582922,1.209839,0.120984,-0.362952,1.330823,-0.010999,-0.241968,1.297827,0.219971,0.351953,-1.033862,0.208972,0.329956,-0.857886,0.076990,0.461938,-0.989868,0.197974,-0.461938,1.099854,0.164978,-0.241968,1.154846,0.186975,-0.208972,1.220837,105765,497210,-102,128,8225,-14,-2,-17,641
1780493825.317098,105768,497216,0x0FFF,0.483936,0.340955,-0.923877,0.373950,0.472937,-1.011865,0.329956,0.384949,-0.802893,0.285962,-0.670911,1.165845,0.175977,-0.307959,1.297827,0.076990,-0.395947,1.209839,0.120984,0.417944,-0.945874,0.120984,0.340955,-0.901880,0.120984,0.329956,-0.912878,0.230969,-0.483936,0.967871,0.109985,-0.329956,1.110852,0.219971,-0.219971,1.220837,105765,497210,-102,128,8225,-14,-2,-17,641
1780493825.318339,105770,497218,0x0FFF,0.494934,0.329956,-0.945874,0.318958,0.494934,-0.945874,0.241968,0.384949,-0.890881,0.274963,-0.648914,1.198840,0.175977,-0.406946,1.297827,0.065991,-0.252966,1.220837,0.186975,0.329956,-0.978870,0.230969,0.461938,-0.802893,0.087988,0.384949,-0.923877,0.186975,-0.340955,0.879883,0.054993,-0.439941,1.099854,0.186975,-0.252966,1.253833,105769,497216,-94,122,8233,-18,-3,-19,628
1780493825.320934,105771,497220,0x0FFF,0.439941,0.307959,-1.000867,0.351953,0.428943,-0.780896,0.318958,0.296960,-0.824890,0.296960,-0.670911,1.242834,0.153979,-0.362952,1.242834,0.010999,-0.318958,1.220837,0.120984,0.329956,-0.912878,0.230969,0.329956,-0.901880,0.109985,0.439941,-0.956873,0.230969,-0.373950,1.011865,0.164978,-0.351953,1.088855,0.164978,-0.252966,1.198840,105769,497216,-94,122,8233,-18,-3,-19,628
1780493825.323541,105773,497222,0x0FFF,0.439941,0.428943,-1.022864,0.296960,0.560925,-0.945874,0.219971,0.329956,-0.868884,0.263965,-0.505933,1.264832,0.109985,-0.362952,1.253833,0.032996,-0.285962,1.099854,0.208972,0.340955,-0.989868,0.197974,0.439941,-0.890881,0.076990,0.406946,-0.791895,0.186975,-0.538928,1.011865,0.153979,-0.461938,1.088855,0.131982,-0.186975,1.110852,105772,497220,-96,117,8245,-17,-3,-20,646
1780493825.324740,105774,497224,0x0FFF,0.362952,0.307959,-0.956873,0.329956,0.494934,-0.945874,0.175977,0.318958,-0.868884,0.241968,-0.615918,1.308826,0.076990,-0.296960,1.275830,0.043994,-0.175977,1.330823,0.153979,0.384949,-1.000867,0.131982,0.384949,-0.813892,0.131982,0.472937,-0.890881,0.219971,-0.450940,0.945874,0.208972,-0.285962,1.132849,0.263965,-0.142981,1.242834,105772,497220,-96,117,8245,-17,-3,-20,646
1780493825.327305,105776,497226,0x0FFF,0.362952,0.252966,-0.989868,0.285962,0.494934,-0.857886,0.153979,0.439941,-0.901880,0.274963,-0.538928,1.220837,0.065991,-0.395947,1.319824,0.043994,-0.307959,1.242834,0.208972,0.351953,-0.912878,0.164978,0.439941,-0.747900,0.120984,0.439941,-0.978870,0.263965,-0.428943,0.956873,0.186975,-0.329956,1.231836,0.296960,-0.120984,1.319824,105775,497225,-95,109,8238,-17,-4,-22,638
1780493825.329800,105777,497228,0x0FFF,0.384949,0.483936,-1.022864,0.362952,0.505933,-0.945874,0.164978,0.329956,-0.879883,0.219971,-0.571924,1.154846,0.076990,-0.340955,1.264832,0.032996,-0.285962,1.264832,0.241968,0.395947,-1.066858,0.142981,0.472937,-0.703906,0.164978,0.439941,-0.901880,0.263965,-0.395947,0.967871,0.054993,-0.296960,1.132849,0.098987,-0.120984,1.220837,105775,497225,-95,109,8238,-17,-4,-22,638
1780493825.331193,105778,497230,0x0FFF,0.384949,0.274963,-0.967871,0.318958,0.450940,-0.868884,0.197974,0.384949,-0.769897,0.307959,-0.593921,1.275830,0.065991,-0.329956,1.198840,-0.010999,-0.241968,1.220837,0.175977,0.230969,-1.077856,0.120984,0.439941,-0.813892,0.131982,0.439941,-0.879883,0.296960,-0.428943,0.978870,0.054993,-0.395947,1.044861,0.208972,-0.241968,1.143848,105775,497225,-95,109,8238,-17,-4,-22,638
1780493825.333694,105780,497233,0x0FFF,0.472937,0.384949,-0.967871,0.285962,0.549927,-0.912878,0.230969,0.351953,-0.868884,0.296960,-0.571924,1.187842,0.153979,-0.318958,1.242834,0.087988,-0.351953,1.264832,0.274963,0.307959,-0.967871,0.109985,0.428943,-0.802893,0.186975,0.329956,-0.945874,0.296960,-0.373950,1.077856,0.142981,-0.450940,1.176843,0.241968,-0.197974,1.154846,105779,497231,-97,117,8237,-14,-2,-22,643
1780493825.334648,105781,497235,0x0FFF,0.461938,0.340955,-0.923877,0.329956,0.461938,-0.945874,0.197974,0.395947,-0.967871,0.252966,-0.538928,1.275830,0.076990,-0.362952,1.319824,0.010999,-0.351953,1.363818,0.120984,0.296960,-1.044861,0.131982,0.307959,-0.846887,0.087988,0.483936,-0.934875,0.241968,-0.450940,1.000867,0.010999,-0.252966,1.077856,0.131982,-0.208972,1.231836,105779,497231,-97,117,8237,-14,-2,-22,643
1780493825.337101,105783,497237,0x0FFF,0.439941,0.384949,-0.978870,0.296960,0.439941,-0.824890,0.164978,0.373950,-0.857886,0.197974,-0.527930,1.209839,0.109985,-0.406946,1.264832,0.208972,-0.186975,1.297827,0.219971,0.263965,-1.011865,0.274963,0.395947,-0.802893,0.230969,0.472937,-0.934875,0.109985,-0.362952,0.978870,0.208972,-0.274963,1.099854,0.219971,-0.175977,1.264832,105782,497235,-93,100,8225,-18,-2,-22,619
1780493825.339323,105784,497239,0x0FFF,0.406946,0.406946,-0.923877,0.307959,0.527930,-0.879883,0.241968,0.318958,-0.824890,0.252966,-0.560925,1.220837,0.021997,-0.296960,1.253833,-0.010999,-0.307959,1.297827,0.109985,0.395947,-0.912878,0.021997,0.395947,-0.857886,0.197974,0.494934,-0.923877,0.318958,-0.505933,0.967871,0.142981,-0.285962,1.132849,0.164978,-0.186975,1.209839,105782,497235,-93,100,8225,-18,-2,-22,619
1780493825.341568,105785,497241,0x0FFF,0.472937,0.384949,-0.923877,0.439941,0.571924,-1.044861,0.208972,0.307959,-0.989868,0.241968,-0.560925,1.231836,0.208972,-0.417944,1.264832,0.021997,-0.373950,1.242834,0.175977,0.373950,-0.934875,0.164978,0.373950,-0.846887,0.043994,0.472937,-1.121851,0.252966,-0.483936,1.066858,0.109985,-0.263965,1.143848,0.241968,-0.197974,1.286829,105782,497235,-93,100,8225,-18,-2,-22,619
1780493825.343777,105787,497243,0x0FFF,0.494934,0.384949,-1.099854,0.340955,0.483936,-0.956873,0.208972,0.450940,-1.077856,0.373950,-0.670911,1.143848,0.010999,-0.307959,1.220837,0.010999,-0.131982,1.264832,0.318958,0.208972,-1.000867,0.153979,0.340955,-0.736902,0.098987,0.450940,-0.868884,0.164978,-0.373950,0.934875,0.076990,-0.329956,1.132849,0.120984,-0.285962,1.165845,105786,497241,-93,112,8229,-18,0,-20,634
1780493825.346038,105788,497245,0x0FFF,0.362952,0.307959,-0.934875,0.384949,0.483936,-0.923877,0.263965,0.340955,-0.901880,0.263965,-0.593921,1.099854,0.175977,-0.329956,1.297827,0.032996,-0.230969,1.297827,0.285962,0.384949,-1.000867,0.230969,0.461938,-0.890881,0.131982,0.384949,-0.901880,0.076990,-0.439941,0.956873,0.164978,-0.450940,1.198840,0.208972,-0.318958,1.352820,105786,497241,-93,112,8229,-18,0,-20,634
1780493825.347978,105790,497247,0x0FFF,0.505933,0.296960,-0.978870,0.296960,0.582922,-0.791895,0.241968,0.384949,-0.813892,0.164978,-0.571924,1.209839,-0.010999,-0.329956,1.143848,0.000000,-0.219971,1.286829,0.252966,0.252966,-0.846887,0.263965,0.417944,-0.868884,0.098987,0.428943,-0.835889,0.219971,-0.406946,0.967871,0.076990,-0.307959,1.000867,0.153979,-0.175977,1.242834,105789,497245,-103,99,8245,-15,-2,-21,634
1780493825.350089,105791,497249,0x0FFF,0.483936,0.417944,-1.011865,0.241968,0.472937,-0.978870,0.307959,0.461938,-0.956873,0.285962,-0.615918,1.297827,0.054993,-0.285962,1.231836,-0.065991,-0.274963,1.220837,0.241968,0.329956,-0.956873,0.175977,0.472937,-0.868884,0.109985,0.351953,-0.901880,0.274963,-0.384949,1.110852,0.120984,-0.384949,1.077856,0.186975,-0.142981,1.088855,105789,497245,-103,99,8245,-15,-2,-21,634
1780493825.352255,105792,497251,0x0FFF,0.384949,0.351953,-1.022864,0.307959,0.461938,-0.901880,0.219971,0.285962,-0.857886,0.285962,-0.659912,1.231836,0.164978,-0.406946,1.275830,0.043994,-0.285962,1.286829,0.230969,0.318958,-1.000867,0.241968,0.406946,-0.978870,0.131982,0.461938,-0.956873,0.230969,-0.362952,1.022864,0.109985,-0.395947,1.187842,0.219971,-0.197974,1.209839,105789,497245,-103,99,8245,-15,-2,-21,634
1780493825.354483,105794,497253,0x0FFF,0.318958,0.318958,-0.978870,0.274963,0.494934,-0.945874,0.241968,0.296960,-0.923877,0.285962,-0.472937,1.154846,0.054993,-0.329956,1.187842,0.010999,-0.263965,1.363818,0.175977,0.329956,-0.945874,0.219971,0.340955,-0.901880,0.230969,0.417944,-0.989868,0.252966,-0.351953,0.978870,0.032996,-0.274963,1.198840,0.120984,-0.164978,1.308826,105793,497252,-109,120,8252,-17,-3,-22,632
1780493825.355236,105795,497255,0x0FFF,0.450940,0.340955,-0.967871,0.307959,0.505933,-0.934875,0.285962,0.351953,-0.978870,0.230969,-0.670911,1.143848,0.120984,-0.318958,1.242834,0.000000,-0.197974,1.407812,0.263965,0.241968,-0.824890,0.120984,0.406946,-0.813892,0.043994,0.406946,-0.846887,0.241968,-0.439941,0.956873,0.076990,-0.406946,1.143848,0.230969,-0.307959,1.132849,105793,497252,-109,120,8252,-17,-3,-22,632
1780493825.358600,105797,497258,0x0FFF,0.439941,0.406946,-0.989868,0.252966,0.593921,-0.934875,0.219971,0.428943,-0.879883,0.285962,-0.593921,1.209839,0.153979,-0.340955,1.253833,0.010999,-0.208972,1.319824,0.208972,0.285962,-0.978870,0.219971,0.450940,-0.824890,0.043994,0.373950,-1.011865,0.219971,-0.428943,0.868884,0.131982,-0.329956,1.132849,0.175977,-0.197974,1.330823,105796,497256,-91,116,8236,-17,-2,-20,645
1780493825.360777,105798,497260,0x0FFF,0.461938,0.318958,-0.989868,0.318958,0.428943,-0.901880,0.252966,0.241968,-0.868884,0.142981,-0.549927,1.165845,0.131982,-0.340955,1.253833,0.054993,-0.252966,1.341821,0.274963,0.285962,-0.923877,0.153979,0.395947,-0.659912,0.252966,0.406946,-0.923877,0.208972,-0.450940,0.912878,0.109985,-0.318958,1.176843,0.252966,-0.153979,1.165845,105796,497256,-91,116,8236,-17,-2,-20,645
1780493825.361598,105800,497262,0x0FFF,0.384949,0.351953,-1.055859,0.296960,0.428943,-0.956873,0.219971,0.362952,-0.912878,0.252966,-0.593921,1.165845,-0.010999,-0.384949,1.319824,0.098987,-0.263965,1.143848,0.219971,0.340955,-1.044861,0.054993,0.450940,-0.835889,0.098987,0.472937,-0.857886,0.285962,-0.461938,0.912878,0.087988,-0.406946,1.055859,0.263965,-0.208972,1.220837,105799,497260,-107,108,8231,-19,0,-24,634
1780493825.364742,105801,497264,0x0FFF,0.549927,0.318958,-0.978870,0.406946,0.593921,-0.912878,0.208972,0.252966,-0.978870,0.241968,-0.637915,1.253833,0.065991,-0.406946,1.286829,-0.032996,-0.263965,1.286829,0.219971,0.252966,-0.978870,0.175977,0.406946,-0.747900,0.109985,0.428943,-0.901880,0.230969,-0.384949,1.044861,0.131982,-0.318958,1.088855,0.252966,-0.219971,1.132849,105799,497260,-107,108,8231,-19,0,-24,634
1780493825.366903,105802,497266,0x0FFF,0.428943,0.439941,-1.055859,0.197974,0.428943,-1.011865,0.208972,0.252966,-0.879883,0.274963,-0.593921,1.275830,0.087988,-0.274963,1.176843,-0.021997,-0.230969,1.176843,0.175977,0.230969,-0.934875,0.175977,0.373950,-0.758899,0.186975,0.483936,-0.989868,0.120984,-0.395947,0.934875,0.120984,-0.307959,1.165845,0.153979,-0.142981,1.143848,105799,497260,-107,108,8231,-19,0,-24,634
1780493825.369010,105804,497268,0x0FFF,0.472937,0.274963,-1.022864,0.351953,0.538928,-0.934875,0.252966,0.351953,-0.868884,0.274963,-0.582922,1.264832,0.087988,-0.406946,1.121851,0.098987,-0.175977,1.297827,0.263965,0.318958,-1.077856,0.164978,0.505933,-0.934875,0.032996,0.461938,-0.846887,0.197974,-0.494934,1.011865,0.153979,-0.384949,1.143848,0.043994,-0.318958,1.220837,105803,497266,-95,116,8216,-16,-4,-22,641
1780493825.369807,105805,497270,0x0FFF,0.483936,0.428943,-0.945874,0.362952,0.637915,-0.934875,0.230969,0.362952,-0.890881,0.219971,-0.538928,1.154846,0.120984,-0.351953,1.231836,0.021997,-0.296960,1.220837,0.153979,0.340955,-0.989868,0.329956,0.395947,-0.879883,0.142981,0.362952,-0.912878,0.186975,-0.417944,0.956873,0.131982,-0.318958,1.099854,0.186975,-0.208972,1.154846,105803,497266,-95,116,8216,-16,-4,-22,641
1780493825.373088,105807,497272,0x0FFF,0.549927,0.384949,-1.044861,0.340955,0.439941,-0.879883,0.219971,0.461938,-0.934875,0.208972,-0.648914,1.132849,0.087988,-0.362952,1.319824,0.054993,-0.241968,1.363818,0.384949,0.186975,-1.000867,0.153979,0.439941,-0.890881,0.076990,0.428943,-0.912878,0.208972,-0.505933,0.923877,0.076990,-0.340955,1.154846,0.153979,-0.186975,1.209839,105806,497270,-103,123,8241,-15,1,-21,620
1780493825.375180,105808,497274,0x0FFF,0.384949,0.428943,-1.022864,0.318958,0.505933,-1.000867,0.373950,0.329956,-0.868884,0.318958,-0.681909,1.198840,0.076990,-0.263965,1.242834,0.010999,-0.197974,1.275830,0.109985,0.263965,-1.011865,0.131982,0.461938,-0.780896,0.142981,0.318958,-0.890881,0.296960,-0.461938,0.923877,0.131982,-0.362952,1.154846,0.186975,-0.186975,1.209839,105806,497270,-103,123,8241,-15,1,-21,620
1780493825.377292,105809,497276,0x0FFF,0.461938,0.450940,-0.978870,0.208972,0.417944,-0.813892,0.329956,0.318958,-0.890881,0.373950,-0.549927,1.187842,0.109985,-0.450940,1.209839,0.010999,-0.307959,1.275830,0.219971,0.329956,-1.011865,0.230969,0.417944,-0.890881,0.219971,0.406946,-0.934875,0.230969,-0.461938,0.967871,0.142981,-0.417944,1.154846,0.098987,-0.131982,1.187842,105806,497270,-103,123,8241,-15,1,-21,620
1780493825.379339,105811,497278,0x0FFF,0.362952,0.186975,-0.879883,0.241968,0.527930,-0.956873,0.208972,0.340955,-0.879883,0.186975,-0.604919,1.330823,0.065991,-0.384949,1.187842,0.000000,-0.230969,1.264832,0.208972,0.274963,-0.923877,0.164978,0.395947,-0.758899,0.098987,0.362952,-0.956873,0.274963,-0.483936,1.011865,0.164978,-0.351953,1.165845,0.120984,-0.219971,1.209839,105810,497277,-95,123,8252,-15,-1,-21,632
1780493825.381448,105812,497280,0x0FFF,0.472937,0.241968,-1.011865,0.329956,0.483936,-0.879883,0.307959,0.384949,-0.868884,0.351953,-0.692908,1.242834,0.120984,-0.395947,1.319824,-0.054993,-0.219971,1.253833,0.241968,0.340955,-0.945874,0.208972,0.417944,-0.813892,0.142981,0.340955,-0.846887,0.186975,-0.428943,0.989868,0.197974,-0.362952,1.110852,0.087988,-0.164978,1.242834,105810,497277,-95,123,8252,-15,-1,-21,632
1780493825.383456,105814,497283,0x0FFF,0.461938,0.384949,-1.088855,0.219971,0.571924,-0.901880,0.208972,0.351953,-0.890881,0.296960,-0.560925,1.154846,0.043994,-0.329956,1.264832,0.087988,-0.263965,1.264832,0.131982,0.351953,-1.077856,0.252966,0.428943,-0.824890,0.219971,0.450940,-0.890881,0.175977,-0.285962,1.033862,0.054993,-0.340955,1.000867,0.175977,-0.219971,1.165845,105813,497281,-95,109,8227,-17,-3,-18,639
1780493825.385514,105815,497285,0x0FFF,0.494934,0.318958,-1.066858,0.373950,0.527930,-0.956873,0.252966,0.340955,-0.934875,0.208972,-0.593921,1.187842,0.120984,-0.384949,1.242834,0.000000,-0.296960,1.231836,0.252966,0.307959,-0.978870,0.285962,0.428943,-0.791895,0.065991,0.362952,-1.033862,0.186975,-0.417944,0.923877,0.109985,-0.406946,1.187842,0.120984,-0.318958,1.187842,105813,497281,-95,109,8227,-17,-3,-18,639
1780493825.387552,105817,497287,0x0FFF,0.406946,0.406946,-0.967871,0.263965,0.483936,-0.923877,0.208972,0.384949,-0.923877,0.274963,-0.593921,1.286829,0.186975,-0.307959,1.220837,0.032996,-0.219971,1.220837,0.186975,0.329956,-0.978870,0.164978,0.362952,-0.813892,0.153979,0.439941,-0.879883,0.197974,-0.406946,0.934875,0.197974,-0.296960,1.121851,0.230969,-0.153979,1.198840,105816,497285,-92,103,8228,-16,-2,-21,642
1780493825.389567,105818,497289,0x0FFF,0.417944,0.362952,-1.055859,0.384949,0.560925,-0.989868,0.230969,0.318958,-0.901880,0.197974,-0.560925,1.165845,0.164978,-0.340955,1.253833,-0.032996,-0.329956,1.187842,0.175977,0.395947,-1.044861,0.120984,0.351953,-0.824890,0.230969,0.439941,-0.934875,0.208972,-0.428943,0.967871,0.142981,-0.263965,1.198840,0.131982,-0.241968,1.220837,105816,497285,-92,103,8228,-16,-2,-21,642
1780493825.391982,105819,497291,0x0FFF,0.483936,0.318958,-1.011865,0.263965,0.494934,-1.011865,0.274963,0.362952,-0.835889,0.307959,-0.538928,1.220837,0.087988,-0.329956,1.341821,0.010999,-0.252966,1.242834,0.208972,0.384949,-0.989868,0.098987,0.450940,-0.791895,0.043994,0.439941,-0.989868,0.230969,-0.439941,0.967871,0.142981,-0.296960,1.209839,0.164978,-0.120984,1.242834,105816,497285,-92,103,8228,-16,-2,-21,642
1780493825.393856,105821,497293,0x0FFF,0.406946,0.296960,-1.044861,0.373950,0.494934,-0.857886,0.285962,0.252966,-0.912878,0.307959,-0.692908,1.187842,-0.043994,-0.351953,1.275830,-0.021997,-0.318958,1.187842,0.098987,0.274963,-1.022864,0.219971,0.450940,-0.791895,0.186975,0.450940,-0.967871,0.208972,-0.428943,1.055859,0.021997,-0.274963,1.154846,0.153979,-0.186975,1.099854,105820,497291,-96,114,8240,-17,-3,-19,637
1780493825.395693,105822,497295,0x0FFF,0.373950,0.318958,-0.945874,0.219971,0.571924,-1.011865,0.252966,0.406946,-0.934875,0.230969,-0.758899,1.165845,0.208972,-0.307959,1.297827,-0.076990,-0.285962,1.297827,0.230969,0.373950,-1.121851,0.197974,0.439941,-0.857886,0.109985,0.472937,-0.901880,0.142981,-0.384949,0.967871,0.076990,-0.384949,1.187842,0.175977,-0.197974,1.165845,105820,497291,-96,114,8240,-17,-3,-19,637
1780493825.397579,105824,497297,0x0FFF,0.406946,0.285962,-1.044861,0.307959,0.483936,-1.000867,0.307959,0.307959,-1.022864,0.252966,-0.549927,1.209839,0.065991,-0.406946,1.286829,0.065991,-0.241968,1.264832,0.208972,0.395947,-0.923877,0.164978,0.439941,-0.780896,0.131982,0.428943,-0.956873,0.263965,-0.351953,0.945874,0.131982,-0.219971,1.121851,0.175977,-0.307959,1.110852,105823,497295,-91,109,8230,-16,-2,-20,647
1780493825.399351,105825,497299,0x0FFF,0.417944,0.318958,-0.967871,0.351953,0.527930,-0.901880,0.318958,0.384949,-0.692908,0.241968,-0.582922,1.242834,0.065991,-0.318958,1.154846,-0.076990,-0.395947,1.264832,0.208972,0.274963,-0.912878,0.164978,0.417944,-0.868884,0.142981,0.516931,-0.978870,0.175977,-0.560925,0.978870,0.120984,-0.307959,1.231836,0.175977,-0.208972,1.176843,105823,497295,-91,109,8230,-16,-2,-20,647
1780493825.401239,105826,497301,0x0FFF,0.494934,0.307959,-0.912878,0.296960,0.538928,-0.989868,0.263965,0.285962,-0.857886,0.186975,-0.637915,1.275830,0.131982,-0.406946,1.297827,0.087988,-0.230969,1.286829,0.307959,0.373950,-1.088855,0.164978,0.395947,-0.879883,0.230969,0.395947,-0.835889,0.329956,-0.384949,1.033862,0.109985,-0.395947,1.264832,0.153979,-0.318958,1.242834,105823,497295,-91,109,8230,-16,-2,-20,647
1780493825.403157,105828,497303,0x0FFF,0.483936,0.406946,-0.967871,0.296960,0.395947,-0.978870,0.197974,0.395947,-0.912878,0.252966,-0.670911,1.253833,0.087988,-0.450940,1.176843,-0.065991,-0.274963,1.308826,0.208972,0.274963,-1.033862,0.131982,0.395947,-0.846887,0.186975,0.373950,-0.846887,0.219971,-0.384949,0.989868,0.164978,-0.439941,1.176843,0.252966,-0.219971,1.154846,105827,497302,-98,112,8227,-15,-4,-21,637
1780493825.406282,105829,497305,0x0FFF,0.428943,0.296960,-0.890881,0.307959,0.527930,-0.890881,0.296960,0.417944,-0.923877,0.296960,-0.692908,1.198840,0.076990,-0.296960,1.143848,-0.131982,-0.296960,1.209839,0.252966,0.395947,-0.978870,0.274963,0.417944,-0.802893,0.120984,0.538928,-0.868884,0.197974,-0.516931,0.956873,0.109985,-0.351953,1.209839,0.197974,-0.230969,1.297827,105827,497302,-98,112,8227,-15,-4,-21,637
1780493825.408330,105831,497308,0x0FFF,0.362952,0.219971,-0.934875,0.329956,0.461938,-0.956873,0.241968,0.406946,-0.989868,0.186975,-0.560925,1.132849,0.164978,-0.296960,1.209839,0.000000,-0.296960,1.286829,0.219971,0.340955,-0.934875,0.252966,0.384949,-0.912878,0.131982,0.406946,-1.000867,0.120984,-0.406946,1.055859,0.164978,-0.351953,1.154846,0.142981,-0.208972,1.209839,105830,497306,-93,108,8235,-15,-3,-24,637
1780493825.410434,105832,497310,0x0FFF,0.439941,0.318958,-1.099854,0.417944,0.461938,-0.879883,0.164978,0.351953,-0.857886,0.263965,-0.582922,1.231836,0.109985,-0.417944,1.143848,-0.021997,-0.230969,1.231836,0.175977,0.351953,-1.000867,0.109985,0.417944,-0.824890,0.186975,0.461938,-0.769897,0.208972,-0.527930,0.901880,0.175977,-0.362952,1.165845,0.230969,-0.208972,1.319824,105830,497306,-93,108,8235,-15,-3,-24,637
1780493825.412416,105834,497312,0x0FFF,0.428943,0.329956,-1.022864,0.230969,0.516931,-1.033862,0.208972,0.461938,-0.835889,0.296960,-0.527930,1.187842,0.131982,-0.373950,1.143848,0.186975,-0.197974,1.264832,0.307959,0.329956,-0.912878,0.175977,0.417944,-0.824890,0.109985,0.483936,-0.978870,0.252966,-0.417944,1.011865,0.186975,-0.384949,1.088855,0.241968,-0.153979,1.110852,105833,497310,-106,111,8234,-16,-3,-18,641
1780493825.414364,105835,497314,0x0FFF,0.516931,0.307959,-1.077856,0.351953,0.560925,-0.923877,0.219971,0.351953,-0.868884,0.307959,-0.703906,1.154846,0.076990,-0.318958,1.264832,-0.087988,-0.219971,1.176843,0.318958,0.329956,-0.967871,0.153979,0.483936,-0.901880,0.153979,0.373950,-0.879883,0.186975,-0.505933,1.077856,0.120984,-0.406946,1.187842,0.142981,-0.362952,1.220837,105833,497310,-106,111,8234,-16,-3,-18,641
1780493825.416399,105836,497316,0x0FFF,0.439941,0.373950,-1.121851,0.230969,0.538928,-0.934875,0.274963,0.395947,-0.978870,0.263965,-0.615918,1.253833,0.164978,-0.241968,1.242834,0.065991,-0.241968,1.264832,0.208972,0.307959,-1.022864,0.252966,0.450940,-0.857886,0.175977,0.472937,-1.022864,0.274963,-0.461938,1.000867,0.109985,-0.263965,1.110852,0.186975,-0.230969,1.209839,105833,497310,-106,111,8234,-16,-3,-18,641
1780493825.418416,105838,497318,0x0FFF,0.395947,0.307959,-0.956873,0.285962,0.516931,-1.000867,0.208972,0.340955,-0.846887,0.296960,-0.560925,1.220837,0.142981,-0.263965,1.220837,0.010999,-0.197974,1.231836,0.252966,0.362952,-1.011865,0.219971,0.417944,-0.769897,0.043994,0.439941,-0.967871,0.219971,-0.384949,0.989868,0.076990,-0.274963,1.176843,0.219971,-0.208972,1.132849,105837,497316,-104,121,8229,-15,-2,-21,644
1780493825.420461,105839,497320,0x0FFF,0.450940,0.285962,-1.110852,0.208972,0.527930,-0.923877,0.351953,0.406946,-0.934875,0.252966,-0.538928,1.242834,0.076990,-0.516931,1.198840,-0.142981,-0.340955,1.451807,0.197974,0.241968,-1.022864,0.219971,0.406946,-0.703906,0.065991,0.428943,-0.967871,0.307959,-0.406946,1.011865,0.131982,-0.263965,1.132849,0.208972,-0.175977,1.209839,105837,497316,-104,121,8229,-15,-2,-21,644
1780493825.422503,105841,497322,0x0FFF,0.329956,0.384949,-1.011865,0.296960,0.461938,-0.912878,0.153979,0.340955,-0.879883,0.252966,-0.538928,1.198840,0.076990,-0.362952,1.297827,-0.043994,-0.208972,1.341821,0.186975,0.263965,-0.967871,0.131982,0.274963,-0.846887,0.120984,0.417944,-0.934875,0.197974,-0.373950,0.945874,0.142981,-0.252966,0.989868,0.131982,-0.175977,1.198840,105840,497320,-108,102,8231,-15,-4,-21,644
1780493825.424462,105842,497324,0x0FFF,0.461938,0.362952,-0.901880,0.296960,0.406946,-0.923877,0.329956,0.450940,-0.912878,0.230969,-0.714905,1.319824,0.043994,-0.384949,1.264832,0.032996,-0.230969,1.231836,0.219971,0.252966,-1.000867,0.252966,0.384949,-0.824890,0.186975,0.483936,-0.912878,0.219971,-0.417944,1.011865,0.241968,-0.296960,1.088855,0.153979,-0.120984,1.198840,105840,497320,-108,102,8231,-15,-4,-21,644
1780493825.426532,105843,497326,0x0FFF,0.505933,0.428943,-0.945874,0.329956,0.538928,-0.879883,0.131982,0.450940,-0.846887,0.274963,-0.582922,1.132849,0.153979,-0.329956,1.253833,0.000000,-0.274963,1.286829,0.285962,0.318958,-0.923877,0.219971,0.362952,-0.857886,0.087988,0.417944,-0.879883,0.318958,-0.362952,0.912878,0.087988,-0.318958,1.121851,0.164978,-0.241968,1.143848,105840,497320,-108,102,8231,-15,-4,-21,644
1780493825.428596,105845,497328,0x0FFF,0.439941,0.340955,-0.901880,0.263965,0.516931,-0.835889,0.329956,0.340955,-0.890881,0.197974,-0.648914,1.297827,0.076990,-0.351953,1.198840,0.010999,-0.241968,1.286829,0.186975,0.362952,-0.945874,0.230969,0.428943,-0.890881,0.120984,0.527930,-0.989868,0.263965,-0.472937,0.956873,0.208972,-0.373950,1.132849,0.252966,-0.197974,1.099854,105844,497327,-102,98,8250,-18,-3,-19,636
1780493825.430652,105846,497330,0x0FFF,0.483936,0.351953,-0.989868,0.296960,0.516931,-0.967871,0.351953,0.318958,-0.967871,0.285962,-0.615918,1.220837,0.153979,-0.318958,1.275830,-0.076990,-0.285962,1.264832,0.274963,0.241968,-0.978870,0.186975,0.384949,-0.736902,0.109985,0.439941,-0.934875,0.252966,-0.538928,0.945874,0.076990,-0.285962,1.055859,0.241968,-0.219971,1.231836,105844,497327,-102,98,8250,-18,-3,-19,636
1780493825.432695,105848,497333,0x0FFF,0.450940,0.241968,-1.044861,0.285962,0.439941,-0.890881,0.230969,0.296960,-0.791895,0.197974,-0.593921,1.264832,0.054993,-0.439941,1.330823,0.109985,-0.263965,1.275830,0.186975,0.274963,-0.802893,0.208972,0.329956,-0.835889,0.131982,0.406946,-0.978870,0.329956,-0.428943,0.989868,0.175977,-0.340955,1.099854,0.098987,-0.263965,1.242834,105847,497331,-110,112,8237,-19,0,-21,627
1780493825.434685,105849,497335,0x0FFF,0.494934,0.384949,-0.967871,0.373950,0.516931,-0.989868,0.241968,0.351953,-0.978870,0.153979,-0.659912,1.220837,0.054993,-0.230969,1.297827,-0.010999,-0.252966,1.231836,0.175977,0.395947,-0.989868,0.142981,0.373950,-0.813892,0.131982,0.439941,-0.879883,0.230969,-0.483936,1.044861,0.076990,-0.384949,1.121851,0.175977,-0.153979,1.242834,105847,497331,-110,112,8237,-19,0,-21,627
1780493825.436786,105851,497337,0x0FFF,0.351953,0.329956,-1.011865,0.274963,0.505933,-0.868884,0.230969,0.318958,-0.824890,0.241968,-0.571924,1.253833,0.043994,-0.351953,1.165845,-0.043994,-0.307959,1.385815,0.043994,0.362952,-0.934875,0.230969,0.417944,-0.802893,0.142981,0.406946,-0.978870,0.241968,-0.483936,0.989868,0.087988,-0.406946,1.132849,0.230969,-0.230969,1.121851,105850,497335,-98,118,8233,-17,-5,-17,640
1780493825.438782,105852,497339,0x0FFF,0.450940,0.395947,-0.989868,0.351953,0.428943,-0.846887,0.153979,0.263965,-0.934875,0.263965,-0.615918,1.132849,0.087988,-0.274963,1.187842,0.054993,-0.252966,1.253833,0.208972,0.340955,-0.967871,0.109985,0.439941,-0.824890,-0.010999,0.472937,-0.846887,0.175977,-0.406946,0.989868,0.131982,-0.406946,1.165845,0.164978,-0.208972,1.165845,105850,497335,-98,118,8233,-17,-5,-17,640
1780493825.440768,105853,497341,0x0FFF,0.428943,0.373950,-0.967871,0.329956,0.483936,-0.890881,0.285962,0.373950,-0.901880,0.285962,-0.736902,1.231836,0.142981,-0.373950,1.176843,0.043994,-0.329956,1.242834,0.175977,0.197974,-1.011865,0.197974,0.285962,-0.846887,0.109985,0.450940,-0.945874,0.252966,-0.494934,0.978870,0.142981,-0.318958,1.165845,0.164978,-0.252966,1.176843,105850,497335,-98,118,8233,-17,-5,-17,640
1780493825.442944,105855,497343,0x0FFF,0.395947,0.384949,-1.011865,0.285962,0.461938,-0.846887,0.263965,0.384949,-0.714905,0.186975,-0.549927,1.275830,0.065991,-0.329956,1.198840,0.032996,-0.230969,1.176843,0.351953,0.439941,-0.934875,0.065991,0.384949,-0.868884,0.087988,0.483936,-0.824890,0.197974,-0.406946,1.055859,0.142981,-0.329956,1.176843,0.164978,-0.241968,1.231836,105854,497341,-106,123,8246,-16,-4,-18,645
1780493825.444926,105856,497345,0x0FFF,0.362952,0.329956,-1.022864,0.373950,0.516931,-0.912878,0.230969,0.274963,-0.769897,0.208972,-0.593921,1.165845,-0.043994,-0.263965,1.231836,0.098987,-0.241968,1.253833,0.274963,0.417944,-0.923877,0.098987,0.472937,-0.769897,0.065991,0.472937,-0.813892,0.219971,-0.351953,0.989868,0.120984,-0.384949,1.077856,0.120984,-0.142981,1.242834,105854,497341,-106,123,8246,-16,-4,-18,645
1780493825.447070,105858,497347,0x0FFF,0.494934,0.428943,-1.000867,0.362952,0.516931,-0.934875,0.252966,0.329956,-1.033862,0.362952,-0.659912,1.286829,0.076990,-0.351953,1.275830,0.000000,-0.318958,1.231836,0.142981,0.230969,-1.022864,0.142981,0.406946,-0.791895,-0.032996,0.428943,-1.011865,0.153979,-0.472937,0.945874,0.065991,-0.351953,1.099854,0.230969,-0.219971,1.154846,105857,497345,-102,116,8226,-14,-3,-24,650
1780493825.449076,105859,497349,0x0FFF,0.494934,0.329956,-0.901880,0.318958,0.472937,-0.879883,0.318958,0.395947,-0.791895,0.120984,-0.703906,1.198840,0.065991,-0.351953,1.231836,0.065991,-0.252966,1.220837,0.208972,0.362952,-1.044861,0.153979,0.417944,-0.802893,0.241968,0.417944,-0.967871,0.208972,-0.450940,0.989868,0.054993,-0.230969,1.143848,0.142981,-0.274963,1.341821,105857,497345,-102,116,8226,-14,-3,-24,650
1780493825.452322,105860,497351,0x0FFF,0.472937,0.340955,-0.901880,0.351953,0.571924,-0.890881,0.307959,0.373950,-0.890881,0.252966,-0.637915,1.253833,0.054993,-0.428943,1.209839,0.021997,-0.307959,1.319824,0.175977,0.296960,-0.978870,0.164978,0.450940,-0.890881,0.175977,0.428943,-0.868884,0.208972,-0.362952,1.011865,0.142981,-0.241968,1.121851,0.230969,-0.153979,1.209839,105857,497345,-102,116,8226,-14,-3,-24,650
1780493825.454490,105862,497353,0x0FFF,0.461938,0.351953,-1.011865,0.241968,0.395947,-0.967871,0.131982,0.329956,-0.879883,0.208972,-0.681909,1.187842,0.065991,-0.340955,1.176843,0.000000,-0.197974,1.341821,0.241968,0.285962,-0.956873,0.274963,0.428943,-0.857886,0.087988,0.417944,-0.824890,0.197974,-0.351953,1.033862,0.219971,-0.285962,1.088855,0.186975,-0.252966,1.220837,105861,497352,-91,113,8237,-16,-1,-19,639
1780493825.455206,105863,497355,0x0FFF,0.417944,0.384949,-1.011865,0.197974,0.538928,-0.868884,0.241968,0.351953,-0.912878,0.175977,-0.604919,1.242834,0.109985,-0.362952,1.242834,-0.087988,-0.274963,1.231836,0.087988,0.274963,-1.022864,0.175977,0.329956,-0.824890,0.153979,0.395947,-0.945874,0.186975,-0.494934,1.000867,0.131982,-0.252966,1.110852,0.087988,-0.186975,1.121851,105861,497352,-91,113,8237,-16,-1,-19,639
1780493825.458523,105865,497358,0x0FFF,0.373950,0.384949,-0.989868,0.241968,0.472937,-0.978870,0.142981,0.274963,-0.857886,0.263965,-0.582922,1.286829,0.087988,-0.263965,1.264832,0.010999,-0.263965,1.132849,0.197974,0.307959,-1.033862,0.241968,0.439941,-0.813892,0.131982,0.307959,-0.923877,0.175977,-0.406946,1.055859,0.087988,-0.395947,1.110852,0.054993,-0.131982,1.132849,105864,497356,-93,120,8243,-17,-2,-20,650
1780493825.460605,105866,497360,0x0FFF,0.527930,0.329956,-0.923877,0.296960,0.494934,-0.956873,0.296960,0.285962,-0.890881,0.164978,-0.571924,1.286829,0.153979,-0.307959,1.242834,-0.032996,-0.274963,1.242834,0.263965,0.175977,-1.000867,0.197974,0.351953,-0.846887,0.109985,0.494934,-0.934875,0.219971,-0.395947,0.956873,0.054993,-0.274963,1.187842,0.197974,-0.296960,1.242834,105864,497356,-93,120,8243,-17,-2,-20,650
1780493825.462721,105868,497362,0x0FFF,0.527930,0.406946,-0.901880,0.186975,0.472937,-0.824890,0.219971,0.384949,-0.923877,0.263965,-0.714905,1.297827,0.065991,-0.340955,1.198840,-0.065991,-0.219971,1.264832,0.186975,0.373950,-0.868884,0.241968,0.362952,-0.692908,0.175977,0.351953,-0.934875,0.208972,-0.417944,1.011865,0.109985,-0.329956,1.143848,0.109985,-0.274963,1.220837,105867,497360,-107,116,8225,-18,-1,-21,637
1780493825.464733,105869,497364,0x0FFF,0.472937,0.384949,-1.022864,0.351953,0.483936,-0.901880,0.274963,0.329956,-0.824890,0.241968,-0.593921,1.231836,0.054993,-0.318958,1.176843,0.000000,-0.318958,1.286829,0.252966,0.318958,-1.033862,0.109985,0.384949,-0.769897,0.186975,0.373950,-0.945874,0.230969,-0.428943,0.890881,0.043994,-0.263965,1.066858,0.263965,-0.175977,1.143848,105867,497360,-107,116,8225,-18,-1,-21,637
1780493825.466827,105870,497366,0x0FFF,0.384949,0.329956,-1.000867,0.450940,0.505933,-1.022864,0.219971,0.340955,-0.835889,0.285962,-0.604919,1.198840,0.296960,-0.340955,1.330823,0.010999,-0.241968,1.297827,0.307959,0.285962,-0.912878,0.285962,0.450940,-0.923877,0.065991,0.428943,-0.956873,0.186975,-0.527930,1.033862,0.098987,-0.296960,1.165845,0.230969,-0.263965,1.209839,105867,497360,-107,116,8225,-18,-1,-21,637
1780493825.468894,105872,497368,0x0FFF,0.384949,0.362952,-1.055859,0.252966,0.450940,-0.901880,0.164978,0.417944,-0.912878,0.065991,-0.582922,1.198840,0.076990,-0.285962,1.220837,-0.021997,-0.373950,1.198840,0.252966,0.373950,-0.912878,0.219971,0.406946,-0.945874,0.087988,0.362952,-0.956873,0.241968,-0.472937,0.956873,0.175977,-0.296960,1.099854,0.318958,-0.142981,1.231836,105871,497366,-94,118,8230,-20,-2,-17,637
1780493825.470982,105873,497370,0x0FFF,0.516931,0.450940,-1.000867,0.230969,0.439941,-0.934875,0.318958,0.340955,-0.956873,0.230969,-0.615918,1.253833,0.087988,-0.329956,1.209839,-0.021997,-0.340955,1.297827,0.131982,0.285962,-1.011865,0.197974,0.296960,-0.846887,0.054993,0.494934,-0.956873,0.230969,-0.395947,0.912878,0.109985,-0.384949,1.121851,0.186975,-0.076990,1.220837,105871,497366,-94,118,8230,-20,-2,-17,637
1780493825.473051,105875,497372,0x0FFF,0.450940,0.307959,-0.890881,0.340955,0.516931,-0.956873,0.175977,0.406946,-0.912878,0.109985,-0.593921,1.231836,0.120984,-0.329956,1.242834,0.010999,-0.252966,1.308826,0.175977,0.318958,-0.934875,0.175977,0.417944,-0.824890,0.109985,0.406946,-0.846887,0.219971,-0.406946,0.978870,0.109985,-0.263965,1.187842,0.087988,-0.153979,1.231836,105874,497370,-101,128,8244,-18,-2,-19,635
1780493825.475196,105876,497374,0x0FFF,0.472937,0.373950,-1.044861,0.274963,0.439941,-0.879883,0.285962,0.329956,-0.923877,0.329956,-0.560925,1.297827,0.153979,-0.296960,1.275830,0.021997,-0.362952,1.297827,0.252966,0.318958,-0.945874,0.175977,0.505933,-0.835889,0.142981,0.483936,-0.945874,0.351953,-0.384949,0.978870,0.131982,-0.263965,1.176843,0.164978,-0.241968,1.286829,105874,497370,-101,128,8244,-18,-2,-19,635
1780493825.477201,105877,497376,0x0FFF,0.505933,0.285962,-0.956873,0.241968,0.538928,-0.879883,0.175977,0.406946,-0.813892,0.219971,-0.670911,1.231836,0.142981,-0.296960,1.231836,-0.076990,-0.263965,1.319824,0.164978,0.384949,-0.956873,0.109985,0.439941,-0.879883,0.131982,0.439941,-0.912878,0.285962,-0.450940,1.077856,0.153979,-0.318958,1.143848,0.186975,-0.186975,1.121851,105874,497370,-101,128,8244,-18,-2,-19,635
1780493825.479024,105879,497378,0x0FFF,0.494934,0.296960,-0.989868,0.373950,0.439941,-0.879883,0.208972,0.373950,-0.868884,0.197974,-0.714905,1.220837,0.142981,-0.461938,1.363818,-0.032996,-0.307959,1.264832,0.318958,0.274963,-0.956873,0.208972,0.472937,-0.758899,0.153979,0.373950,-0.967871,0.208972,-0.505933,1.000867,0.142981,-0.252966,1.099854,0.131982,-0.208972,1.253833,105878,497377,-100,122,8222,-17,-4,-22,644
1780493825.480767,105880,497380,0x0FFF,0.516931,0.373950,-0.989868,0.307959,0.560925,-0.967871,0.252966,0.318958,-0.890881,0.263965,-0.505933,1.110852,0.186975,-0.219971,1.264832,-0.021997,-0.351953,1.275830,0.241968,0.340955,-0.978870,0.241968,0.362952,-0.835889,0.197974,0.439941,-0.912878,0.175977,-0.439941,1.055859,0.076990,-0.340955,1.198840,0.164978,-0.307959,1.264832,105878,497377,-100,122,8222,-17,-4,-22,644
1780493825.482518,105882,497383,0x0FFF,0.417944,0.318958,-0.956873,0.296960,0.571924,-0.989868,0.351953,0.384949,-0.868884,0.263965,-0.615918,1.143848,0.021997,-0.406946,1.286829,0.065991,-0.197974,1.187842,0.252966,0.285962,-0.978870,0.065991,0.406946,-0.670911,0.186975,0.428943,-0.813892,0.285962,-0.439941,1.088855,0.065991,-0.340955,1.165845,0.109985,-0.285962,1.198840,105881,497381,-92,119,8229,-17,-1,-22,631
1780493825.485370,105883,497385,0x0FFF,0.439941,0.307959,-1.022864,0.274963,0.527930,-1.000867,0.285962,0.384949,-0.956873,0.197974,-0.549927,1.176843,-0.054993,-0.417944,1.187842,0.043994,-0.175977,1.352820,0.230969,0.351953,-1.022864,0.186975,0.406946,-0.846887,0.098987,0.439941,-0.923877,0.186975,-0.406946,0.879883,0.076990,-0.329956,1.132849,0.186975,-0.142981,1.198840,105881,497381,-92,119,8229,-17,-1,-22,631
1780493825.487303,105884,497387,0x0FFF,0.472937,0.296960,-0.934875,0.252966,0.505933,-0.978870,0.230969,0.252966,-0.923877,0.274963,-0.670911,1.231836,0.142981,-0.329956,1.330823,0.087988,-0.318958,1.253833,0.296960,0.340955,-0.934875,0.296960,0.373950,-0.923877,0.142981,0.450940,-0.824890,0.285962,-0.494934,0.912878,0.142981,-0.263965,1.121851,0.131982,-0.197974,1.187842,105881,497381,-92,119,8229,-17,-1,-22,631
1780493825.489551,105886,497389,0x0FFF,0.483936,0.329956,-1.033862,0.241968,0.472937,-0.989868,0.230969,0.351953,-0.912878,0.186975,-0.516931,1.198840,0.153979,-0.263965,1.275830,0.120984,-0.329956,1.286829,0.065991,0.384949,-0.934875,0.208972,0.362952,-0.846887,-0.054993,0.439941,-0.901880,0.164978,-0.351953,0.967871,0.076990,-0.296960,1.022864,0.175977,-0.197974,1.165845,105885,497387,-105,117,8239,-18,-3,-22,634
1780493825.491686,105887,497391,0x0FFF,0.461938,0.340955,-0.989868,0.351953,0.329956,-0.846887,0.219971,0.384949,-0.934875,0.307959,-0.637915,1.132849,0.098987,-0.406946,1.198840,0.087988,-0.307959,1.264832,0.175977,0.318958,-0.989868,0.175977,0.373950,-0.758899,0.142981,0.395947,-0.802893,0.197974,-0.406946,0.978870,0.175977,-0.351953,1.143848,0.098987,-0.142981,1.143848,105885,497387,-105,117,8239,-18,-3,-22,634
1780493825.493872,105889,497393,0x0FFF,0.417944,0.329956,-0.978870,0.296960,0.538928,-0.945874,0.230969,0.263965,-1.011865,0.263965,-0.637915,1.220837,0.142981,-0.252966,1.220837,0.032996,-0.252966,1.220837,0.186975,0.329956,-1.044861,0.120984,0.439941,-0.835889,0.131982,0.351953,-0.890881,0.153979,-0.461938,0.890881,0.098987,-0.263965,1.154846,0.197974,-0.197974,1.121851,105888,497391,-89,107,8244,-19,-2,-19,638
1780493825.496071,105890,497395,0x0FFF,0.450940,0.428943,-0.978870,0.351953,0.516931,-0.890881,0.252966,0.285962,-0.791895,0.230969,-0.670911,1.165845,0.153979,-0.329956,1.198840,-0.032996,-0.252966,1.319824,0.241968,0.252966,-0.956873,0.197974,0.527930,-0.890881,0.010999,0.428943,-0.989868,0.285962,-0.450940,0.967871,0.164978,-0.417944,1.110852,-0.032996,-0.120984,1.330823,105888,497391,-89,107,8244,-19,-2,-19,638
1780493825.497211,105892,497397,0x0FFF,0.329956,0.307959,-0.912878,0.230969,0.538928,-0.890881,0.186975,0.307959,-0.868884,0.263965,-0.582922,1.209839,0.032996,-0.362952,1.176843,0.076990,-0.219971,1.275830,0.263965,0.318958,-0.956873,0.164978,0.461938,-0.879883,0.241968,0.439941,-0.934875,0.219971,-0.472937,1.044861,0.076990,-0.252966,1.121851,0.274963,-0.252966,1.209839,105891,497395,-89,113,8228,-18,-1,-21,635
1780493825.499320,105893,497399,0x0FFF,0.560925,0.208972,-0.912878,0.351953,0.395947,-0.956873,0.186975,0.340955,-0.967871,0.241968,-0.604919,1.143848,0.065991,-0.340955,1.198840,0.010999,-0.296960,1.286829,0.164978,0.340955,-0.945874,0.131982,0.373950,-0.846887,0.186975,0.384949,-0.868884,0.197974,-0.494934,1.077856,0.109985,-0.208972,1.000867,0.076990,-0.142981,1.187842,105891,497395,-89,113,8228,-18,-1,-21,635
1780493825.501427,105894,497401,0x0FFF,0.362952,0.395947,-0.956873,0.395947,0.516931,-0.923877,0.230969,0.406946,-0.923877,0.274963,-0.626917,1.154846,0.098987,-0.428943,1.319824,-0.032996,-0.263965,1.275830,0.230969,0.439941,-0.901880,0.208972,0.417944,-0.824890,0.087988,0.406946,-0.923877,0.197974,-0.340955,0.934875,0.076990,-0.395947,1.209839,0.241968,-0.197974,1.231836,105891,497395,-89,113,8228,-18,-1,-21,635
1780493825.503708,105896,497403,0x0FFF,0.450940,0.329956,-0.923877,0.329956,0.494934,-1.066858,0.296960,0.395947,-0.879883,0.285962,-0.670911,1.253833,0.120984,-0.329956,1.264832,0.032996,-0.274963,1.330823,0.274963,0.362952,-0.912878,0.153979,0.417944,-0.879883,0.098987,0.428943,-0.956873,0.109985,-0.439941,0.934875,0.087988,-0.340955,1.066858,0.208972,-0.252966,1.154846,105895,497402,-85,121,8240,-15,-3,-20,638
1780493825.505878,105897,497405,0x0FFF,0.417944,0.384949,-1.033862,0.296960,0.527930,-0.901880,0.285962,0.351953,-1.000867,0.274963,-0.626917,1.253833,0.076990,-0.296960,1.286829,0.087988,-0.197974,1.308826,0.208972,0.351953,-1.011865,0.109985,0.362952,-0.703906,0.252966,0.461938,-0.835889,0.230969,-0.472937,1.077856,0.076990,-0.219971,1.154846,0.109985,-0.252966,1.231836,105895,497402,-85,121,8240,-15,-3,-20,638
1780493825.508052,105899,497408,0x0FFF,0.450940,0.362952,-1.000867,0.329956,0.472937,-0.945874,0.241968,0.340955,-0.912878,0.219971,-0.571924,1.176843,0.076990,-0.296960,1.242834,0.043994,-0.274963,1.308826,0.241968,0.252966,-0.879883,0.274963,0.549927,-0.868884,0.120984,0.384949,-0.901880,0.230969,-0.417944,1.011865,0.175977,-0.285962,1.099854,0.164978,-0.175977,1.220837,105898,497406,-88,109,8235,-14,-2,-22,643
1780493825.510191,105900,497410,0x0FFF,0.461938,0.208972,-1.044861,0.351953,0.527930,-0.868884,0.219971,0.318958,-0.901880,0.263965,-0.549927,1.132849,0.186975,-0.318958,1.297827,0.076990,-0.197974,1.198840,0.219971,0.252966,-0.923877,0.241968,0.263965,-0.791895,0.230969,0.406946,-0.912878,0.208972,-0.505933,1.011865,-0.043994,-0.318958,1.176843,0.208972,-0.153979,1.231836,105898,497406,-88,109,8235,-14,-2,-22,643
1780493825.511597,105901,497412,0x0FFF,0.362952,0.362952,-1.000867,0.329956,0.505933,-0.879883,0.175977,0.351953,-1.011865,0.208972,-0.615918,1.297827,0.087988,-0.373950,1.242834,0.054993,-0.241968,1.275830,0.197974,0.307959,-0.989868,0.230969,0.384949,-0.857886,0.098987,0.384949,-0.912878,0.175977,-0.483936,1.055859,0.120984,-0.296960,0.967871,0.219971,-0.208972,1.264832,105898,497406,-88,109,8235,-14,-2,-22,643
1780493825.514685,105903,497414,0x0FFF,0.395947,0.428943,-1.033862,0.351953,0.494934,-0.835889,0.296960,0.395947,-0.813892,0.285962,-0.615918,1.308826,-0.010999,-0.307959,1.187842,0.076990,-0.274963,1.352820,0.131982,0.362952,-0.978870,0.164978,0.307959,-0.868884,0.043994,0.494934,-0.857886,0.252966,-0.450940,1.011865,0.120984,-0.318958,1.220837,0.186975,-0.241968,1.165845,105902,497412,-83,125,8234,-17,0,-21,635
1780493825.516818,105904,497416,0x0FFF,0.439941,0.241968,-1.066858,0.329956,0.538928,-0.868884,0.230969,0.274963,-0.824890,0.230969,-0.681909,1.330823,0.241968,-0.373950,1.286829,0.054993,-0.274963,1.165845,0.219971,0.219971,-1.055859,0.296960,0.329956,-0.670911,0.153979,0.340955,-0.879883,0.208972,-0.395947,0.967871,0.131982,-0.417944,1.231836,0.087988,-0.131982,1.099854,105902,497412,-83,125,8234,-17,0,-21,635
1780493825.519401,105906,497418,0x0FFF,0.384949,0.263965,-0.956873,0.307959,0.373950,-0.890881,0.252966,0.362952,-0.901880,0.285962,-0.538928,1.264832,0.131982,-0.472937,1.209839,-0.021997,-0.197974,1.429810,0.142981,0.296960,-0.912878,0.186975,0.296960,-0.769897,0.076990,0.516931,-0.901880,0.175977,-0.406946,0.956873,0.098987,-0.318958,1.187842,0.153979,-0.131982,1.132849,105905,497416,-103,102,8233,-17,-2,-19,640
1780493825.520582,105907,497420,0x0FFF,0.461938,0.351953,-0.978870,0.241968,0.450940,-1.055859,0.263965,0.340955,-0.934875,0.285962,-0.549927,1.242834,0.087988,-0.252966,1.330823,0.043994,-0.219971,1.242834,0.219971,0.318958,-0.956873,0.219971,0.417944,-0.747900,0.120984,0.417944,-0.978870,0.285962,-0.406946,0.989868,0.065991,-0.263965,1.198840,0.263965,-0.164978,1.253833,105905,497416,-103,102,8233,-17,-2,-19,640
1780493825.523485,105909,497422,0x0FFF,0.494934,0.296960,-1.000867,0.285962,0.505933,-0.945874,0.252966,0.384949,-0.901880,0.340955,-0.637915,1.209839,0.120984,-0.351953,1.275830,0.032996,-0.285962,1.319824,0.263965,0.362952,-0.956873,0.153979,0.450940,-0.758899,0.153979,0.439941,-1.055859,0.109985,-0.406946,1.011865,0.175977,-0.296960,1.110852,0.153979,-0.142981,1.121851,105908,497420,-106,108,8228,-17,-3,-17,630
1780493825.524699,105910,497424,0x0FFF,0.472937,0.296960,-1.011865,0.307959,0.604919,-1.011865,0.307959,0.296960,-0.890881,0.285962,-0.626917,1.132849,0.032996,-0.417944,1.330823,0.065991,-0.230969,1.165845,0.230969,0.296960,-0.945874,0.164978,0.329956,-0.846887,0.098987,0.417944,-0.868884,0.285962,-0.450940,0.846887,0.175977,-0.307959,1.154846,0.274963,-0.131982,1.209839,105908,497420,-106,108,8228,-17,-3,-17,630
1780493825.526923,105911,497426,0x0FFF,0.582922,0.406946,-0.989868,0.241968,0.461938,-0.901880,0.230969,0.318958,-0.945874,0.351953,-0.494934,1.308826,0.120984,-0.428943,1.176843,0.021997,-0.252966,1.264832,0.186975,0.307959,-1.055859,0.252966,0.384949,-0.736902,0.164978,0.351953,-0.824890,0.274963,-0.318958,1.000867,0.153979,-0.296960,1.154846,0.098987,-0.219971,1.209839,105908,497420,-106,108,8228,-17,-3,-17,630
1780493825.529193,105913,497428,0x0FFF,0.450940,0.439941,-0.967871,0.197974,0.527930,-0.901880,0.230969,0.340955,-0.868884,0.274963,-0.582922,1.176843,0.076990,-0.395947,1.187842,0.000000,-0.241968,1.286829,0.241968,0.362952,-0.923877,0.230969,0.340955,-0.769897,0.219971,0.461938,-1.011865,0.230969,-0.472937,1.000867,0.153979,-0.384949,1.066858,0.054993,-0.175977,1.198840,105912,497427,-96,106,8233,-17,-3,-21,638
1780493825.531338,105914,497430,0x0FFF,0.362952,0.395947,-0.989868,0.329956,0.549927,-0.846887,0.274963,0.296960,-0.912878,0.274963,-0.527930,1.187842,0.076990,-0.307959,1.253833,0.010999,-0.340955,1.198840,0.263965,0.340955,-1.077856,0.175977,0.516931,-0.714905,0.241968,0.461938,-0.879883,0.296960,-0.417944,0.989868,0.043994,-0.351953,1.187842,0.120984,-0.186975,1.209839,105912,497427,-96,106,8233,-17,-3,-21,638
1780493825.533453,105916,497433,0x0FFF,0.428943,0.329956,-0.945874,0.340955,0.527930,-0.989868,0.230969,0.417944,-0.967871,0.296960,-0.670911,1.209839,0.153979,-0.318958,1.242834,0.054993,-0.450940,1.231836,0.219971,0.263965,-0.945874,0.153979,0.428943,-0.725903,0.109985,0.351953,-0.956873,0.296960,-0.384949,1.011865,0.186975,-0.362952,1.077856,0.142981,-0.164978,1.176843,105915,497431,-79,115,8239,-18,-2,-20,634
1780493825.535503,105917,497435,0x0FFF,0.571924,0.406946,-1.011865,0.274963,0.505933,-1.011865,0.252966,0.318958,-1.011865,0.230969,-0.681909,1.198840,0.098987,-0.307959,1.242834,-0.021997,-0.252966,1.352820,0.230969,0.362952,-0.901880,0.208972,0.384949,-0.703906,0.043994,0.417944,-1.000867,0.241968,-0.406946,0.967871,0.197974,-0.351953,1.077856,0.186975,-0.087988,1.253833,105915,497431,-79,115,8239,-18,-2,-20,634
1780493825.538059,105918,497437,0x0FFF,0.527930,0.395947,-1.044861,0.428943,0.428943,-0.901880,0.219971,0.406946,-0.956873,0.164978,-0.648914,1.220837,0.076990,-0.340955,1.209839,0.021997,-0.241968,1.209839,0.219971,0.329956,-1.022864,0.142981,0.395947,-0.769897,0.131982,0.439941,-0.945874,0.208972,-0.461938,0.989868,0.263965,-0.285962,1.121851,0.230969,-0.109985,1.242834,105915,497431,-79,115,8239,-18,-2,-20,634
1780493825.539040,105920,497439,0x0FFF,0.373950,0.362952,-0.901880,0.263965,0.538928,-1.011865,0.230969,0.362952,-0.934875,0.263965,-0.560925,1.275830,0.142981,-0.296960,1.165845,0.010999,-0.197974,1.264832,0.318958,0.307959,-1.044861,0.263965,0.428943,-0.835889,0.054993,0.384949,-1.033862,0.252966,-0.472937,0.967871,0.153979,-0.351953,1.077856,0.054993,-0.164978,1.066858,105919,497437,-94,123,8244,-15,-1,-20,639
1780493825.541342,105921,497441,0x0FFF,0.461938,0.373950,-0.934875,0.296960,0.351953,-0.989868,0.142981,0.373950,-0.813892,0.131982,-0.582922,1.165845,0.076990,-0.252966,1.308826,-0.010999,-0.186975,1.319824,0.098987,0.285962,-1.077856,0.175977,0.384949,-0.802893,0.098987,0.406946,-0.978870,0.241968,-0.450940,1.033862,0.032996,-0.329956,1.044861,0.120984,-0.197974,1.242834,105919,497437,-94,123,8244,-15,-1,-20,639
1780493825.543515,105923,497443,0x0FFF,0.417944,0.263965,-0.923877,0.340955,0.538928,-0.923877,0.219971,0.340955,-1.000867,0.186975,-0.604919,1.253833,0.087988,-0.439941,1.231836,0.010999,-0.197974,1.242834,0.197974,0.373950,-1.044861,0.230969,0.351953,-0.813892,0.076990,0.406946,-0.868884,0.186975,-0.483936,1.022864,0.032996,-0.263965,1.165845,0.153979,-0.252966,1.198840,105922,497441,-102,100,8241,-14,0,-18,640
1780493825.545769,105924,497445,0x0FFF,0.340955,0.340955,-1.044861,0.263965,0.505933,-0.868884,0.274963,0.329956,-0.890881,0.296960,-0.692908,1.209839,0.098987,-0.329956,1.220837,0.043994,-0.197974,1.319824,0.153979,0.340955,-0.879883,0.230969,0.296960,-0.780896,0.153979,0.362952,-0.868884,0.197974,-0.472937,0.956873,-0.021997,-0.329956,1.066858,0.219971,-0.142981,1.231836,105922,497441,-102,100,8241,-14,0,-18,640
1780493825.547969,105926,497447,0x0FFF,0.439941,0.373950,-1.033862,0.384949,0.571924,-0.978870,0.186975,0.362952,-0.835889,0.263965,-0.659912,1.297827,0.131982,-0.417944,1.253833,0.109985,-0.318958,1.396814,0.241968,0.285962,-0.967871,0.164978,0.340955,-0.846887,0.098987,0.406946,-0.912878,0.263965,-0.461938,1.000867,0.032996,-0.274963,1.121851,0.109985,-0.153979,1.198840,105925,497445,-91,110,8229,-19,-3,-21,642
1780493825.550240,105927,497449,0x0FFF,0.351953,0.351953,-0.912878,0.307959,0.615918,-0.934875,0.307959,0.373950,-0.901880,0.274963,-0.593921,1.198840,0.054993,-0.252966,1.209839,0.098987,-0.296960,1.242834,0.197974,0.274963,-0.956873,0.142981,0.472937,-0.846887,0.109985,0.571924,-0.901880,0.285962,-0.406946,0.967871,0.153979,-0.373950,1.220837,0.175977,-0.175977,1.242834,105925,497445,-91,110,8229,-19,-3,-21,642
1780493825.552392,105928,497451,0x0FFF,0.439941,0.230969,-0.934875,0.263965,0.472937,-0.923877,0.241968,0.395947,-0.824890,0.208972,-0.637915,1.154846,0.109985,-0.417944,1.242834,-0.065991,-0.252966,1.297827,0.208972,0.241968,-0.923877,0.186975,0.384949,-0.868884,0.087988,0.483936,-0.967871,0.263965,-0.461938,1.033862,0.098987,-0.395947,1.110852,0.197974,-0.241968,1.121851,105925,497445,-91,110,8229,-19,-3,-21,642
1780493825.553132,105930,497453,0x0FFF,0.461938,0.384949,-0.890881,0.241968,0.483936,-0.868884,0.263965,0.362952,-1.022864,0.230969,-0.637915,1.209839,0.120984,-0.285962,1.209839,-0.043994,-0.351953,1.286829,0.285962,0.296960,-0.912878,0.131982,0.373950,-0.791895,0.109985,0.483936,-0.857886,0.274963,-0.395947,0.978870,0.131982,-0.186975,1.088855,0.098987,-0.274963,1.132849,105929,497452,-102,99,8230,-18,-2,-20,644
1780493825.556409,105931,497455,0x0FFF,0.527930,0.296960,-0.967871,0.296960,0.516931,-0.989868,0.274963,0.472937,-0.912878,0.186975,-0.670911,1.220837,0.054993,-0.307959,1.231836,-0.076990,-0.285962,1.198840,0.197974,0.373950,-0.912878,0.241968,0.307959,-0.868884,0.142981,0.263965,-0.835889,0.208972,-0.494934,1.044861,0.109985,-0.329956,1.154846,0.164978,-0.241968,1.132849,105929,497452,-102,99,8230,-18,-2,-20,644
1780493825.558548,105933,497458,0x0FFF,0.472937,0.406946,-1.011865,0.241968,0.428943,-0.912878,0.285962,0.483936,-0.890881,0.296960,-0.428943,1.253833,0.065991,-0.428943,1.198840,0.010999,-0.241968,1.374817,0.197974,0.417944,-0.934875,0.175977,0.428943,-0.846887,0.241968,0.351953,-0.978870,0.230969,-0.351953,1.022864,0.230969,-0.362952,1.242834,0.219971,-0.208972,1.264832,105932,497456,-104,118,8231,-15,-2,-22,636
1780493825.560582,105934,497460,0x0FFF,0.516931,0.395947,-1.022864,0.219971,0.439941,-0.923877,0.274963,0.329956,-0.835889,0.307959,-0.582922,1.264832,0.120984,-0.329956,1.308826,0.010999,-0.362952,1.330823,0.186975,0.384949,-1.022864,0.175977,0.406946,-0.857886,0.043994,0.439941,-0.945874,0.340955,-0.406946,0.901880,0.164978,-0.208972,1.132849,0.131982,-0.252966,1.231836,105932,497456,-104,118,8231,-15,-2,-22,636
1780493825.562737,105935,497462,0x0FFF,0.538928,0.351953,-0.967871,0.406946,0.516931,-0.879883,0.274963,0.329956,-0.978870,0.296960,-0.659912,1.165845,0.142981,-0.461938,1.231836,0.109985,-0.318958,1.407812,0.230969,0.307959,-0.890881,0.164978,0.362952,-0.769897,0.120984,0.428943,-0.901880,0.274963,-0.450940,1.000867,0.131982,-0.406946,1.044861,0.186975,-0.164978,1.220837,105932,497456,-104,118,8231,-15,-2,-22,636
1780493825.563813,105937,497464,0x0FFF,0.450940,0.395947,-1.000867,0.296960,0.538928,-0.945874,0.263965,0.340955,-0.890881,0.318958,-0.714905,1.176843,0.054993,-0.384949,1.231836,-0.065991,-0.241968,1.176843,0.131982,0.274963,-0.978870,0.230969,0.384949,-0.846887,0.164978,0.395947,-0.813892,0.175977,-0.483936,0.945874,0.098987,-0.252966,1.022864,0.186975,-0.175977,1.165845,105936,497462,-81,113,8234,-15,-2,-23,644
1780493825.565966,105938,497466,0x0FFF,0.395947,0.252966,-1.077856,0.274963,0.472937,-0.857886,0.230969,0.274963,-0.934875,0.230969,-0.648914,1.253833,0.109985,-0.439941,1.253833,0.076990,-0.197974,1.198840,0.197974,0.285962,-0.901880,0.230969,0.461938,-0.769897,0.131982,0.274963,-0.978870,0.230969,-0.461938,1.055859,0.120984,-0.274963,1.099854,0.164978,-0.219971,1.220837,105936,497462,-81,113,8234,-15,-2,-23,644
1780493825.567969,105940,497468,0x0FFF,0.439941,0.219971,-1.066858,0.296960,0.505933,-0.901880,0.175977,0.252966,-0.934875,0.164978,-0.560925,1.253833,0.043994,-0.307959,1.209839,0.010999,-0.230969,1.341821,0.186975,0.263965,-0.978870,0.208972,0.461938,-0.802893,0.142981,0.384949,-0.901880,0.296960,-0.516931,0.945874,0.021997,-0.329956,1.077856,0.263965,-0.230969,1.110852,105939,497466,-93,107,8223,-15,-1,-19,640
1780493825.569830,105941,497470,0x0FFF,0.384949,0.329956,-1.022864,0.285962,0.549927,-0.945874,0.296960,0.384949,-0.967871,0.186975,-0.747900,1.352820,0.131982,-0.307959,1.165845,0.010999,-0.263965,1.231836,0.164978,0.373950,-0.989868,0.208972,0.329956,-0.846887,0.010999,0.461938,-1.077856,0.131982,-0.406946,1.022864,0.098987,-0.472937,1.198840,0.131982,-0.175977,1.121851,105939,497466,-93,107,8223,-15,-1,-19,640
1780493825.573038,105943,497472,0x0FFF,0.406946,0.340955,-0.945874,0.274963,0.505933,-0.934875,0.263965,0.296960,-0.945874,0.131982,-0.626917,1.286829,0.043994,-0.395947,1.231836,0.032996,-0.296960,1.297827,0.241968,0.274963,-0.956873,0.175977,0.439941,-0.835889,0.186975,0.307959,-0.835889,0.296960,-0.450940,0.945874,0.032996,-0.307959,1.253833,0.373950,-0.175977,1.187842,105942,497471,-90,131,8240,-15,-4,-21,636
1780493825.574965,105944,497474,0x0FFF,0.472937,0.362952,-0.901880,0.230969,0.450940,-0.967871,0.274963,0.285962,-0.901880,0.362952,-0.593921,1.253833,0.131982,-0.274963,1.242834,-0.076990,-0.274963,1.286829,0.241968,0.395947,-0.989868,0.164978,0.494934,-0.857886,0.175977,0.483936,-0.857886,0.252966,-0.384949,1.011865,0.098987,-0.285962,1.132849,0.197974,-0.296960,1.077856,105942,497471,-90,131,8240,-15,-4,-21,636
1780493825.576934,105945,497476,0x0FFF,0.505933,0.472937,-0.945874,0.263965,0.560925,-0.868884,0.274963,0.274963,-0.791895,0.197974,-0.648914,1.121851,0.021997,-0.384949,1.253833,-0.043994,-0.186975,1.286829,0.175977,0.340955,-1.011865,0.131982,0.373950,-0.780896,0.021997,0.483936,-0.901880,0.164978,-0.505933,0.978870,0.208972,-0.296960,1.099854,0.219971,-0.197974,1.110852,105942,497471,-90,131,8240,-15,-4,-21,636
1780493825.578950,105947,497478,0x0FFF,0.505933,0.318958,-0.945874,0.329956,0.494934,-0.857886,0.274963,0.362952,-0.923877,0.197974,-0.593921,1.198840,0.142981,-0.285962,1.143848,-0.032996,-0.252966,1.242834,0.186975,0.351953,-1.011865,0.208972,0.439941,-0.846887,0.120984,0.428943,-0.857886,0.153979,-0.395947,1.077856,0.186975,-0.329956,1.198840,0.109985,-0.153979,1.187842,105946,497477,-88,121,8231,-16,0,-22,639
1780493825.580962,105948,497480,0x0FFF,0.428943,0.340955,-1.022864,0.307959,0.406946,-0.945874,0.252966,0.296960,-0.912878,0.208972,-0.615918,1.264832,0.109985,-0.461938,1.198840,-0.010999,-0.252966,1.396814,0.186975,0.263965,-0.890881,0.274963,0.329956,-0.802893,0.131982,0.351953,-0.912878,0.285962,-0.516931,0.934875,0.087988,-0.296960,1.110852,0.186975,-0.252966,1.121851,105946,497477,-88,121,8231,-16,0,-22,639
1780493825.582971,105950,497483,0x0FFF,0.406946,0.362952,-0.967871,0.384949,0.406946,-0.923877,0.285962,0.362952,-0.956873,0.274963,-0.516931,1.187842,0.021997,-0.252966,1.220837,0.000000,-0.318958,1.308826,0.263965,0.307959,-0.934875,0.098987,0.461938,-0.813892,0.120984,0.494934,-0.945874,0.230969,-0.450940,1.000867,0.142981,-0.395947,1.077856,0.175977,-0.098987,1.308826,105949,497481,-97,120,8230,-17,-6,-20,631
1780493825.584940,105951,497485,0x0FFF,0.472937,0.296960,-1.055859,0.263965,0.472937,-0.890881,0.230969,0.395947,-0.956873,0.186975,-0.571924,1.231836,0.065991,-0.340955,1.275830,0.120984,-0.318958,1.330823,0.208972,0.351953,-1.011865,0.131982,0.450940,-0.758899,0.164978,0.428943,-0.901880,0.208972,-0.483936,0.868884,0.098987,-0.362952,1.110852,0.076990,-0.208972,1.165845,105949,497481,-97,120,8230,-17,-6,-20,631
1780493825.586978,105952,497487,0x0FFF,0.560925,0.340955,-1.033862,0.329956,0.428943,-0.923877,0.329956,0.417944,-0.967871,0.219971,-0.593921,1.132849,0.087988,-0.318958,1.286829,-0.032996,-0.263965,1.385815,0.131982,0.263965,-0.967871,0.131982,0.483936,-0.813892,0.043994,0.472937,-0.945874,0.153979,-0.494934,0.956873,0.153979,-0.307959,1.022864,0.109985,-0.241968,1.187842,105949,497481,-97,120,8230,-17,-6,-20,631
1780493825.589003,105954,497489,0x0FFF,0.439941,0.395947,-0.956873,0.241968,0.472937,-1.000867,0.230969,0.230969,-0.945874,0.197974,-0.626917,1.220837,0.131982,-0.296960,1.187842,0.043994,-0.263965,1.297827,0.208972,0.318958,-0.956873,0.274963,0.461938,-0.835889,0.087988,0.395947,-0.868884,0.274963,-0.483936,0.978870,0.043994,-0.351953,1.110852,0.175977,-0.307959,1.220837,105953,497487,-98,106,8227,-18,-3,-18,623
1780493825.591073,105955,497491,0x0FFF,0.417944,0.384949,-0.956873,0.241968,0.549927,-0.967871,0.230969,0.351953,-0.835889,0.241968,-0.615918,1.385815,0.164978,-0.296960,1.330823,-0.043994,-0.219971,1.341821,0.186975,0.384949,-1.099854,0.098987,0.483936,-0.868884,0.208972,0.428943,-0.945874,0.230969,-0.417944,1.055859,0.054993,-0.351953,1.077856,0.098987,-0.197974,1.220837,105953,497487,-98,106,8227,-18,-3,-18,623
1780493825.593079,105957,497493,0x0FFF,0.373950,0.516931,-0.989868,0.263965,0.549927,-0.923877,0.351953,0.318958,-0.835889,0.274963,-0.560925,1.143848,0.043994,-0.373950,1.220837,0.010999,-0.395947,1.242834,0.175977,0.329956,-0.923877,0.197974,0.373950,-0.879883,0.098987,0.373950,-1.000867,0.175977,-0.505933,1.011865,0.175977,-0.296960,1.121851,0.175977,-0.219971,1.187842,105956,497491,-99,111,8227,-16,0,-21,640
1780493825.595061,105958,497495,0x0FFF,0.494934,0.329956,-1.077856,0.285962,0.549927,-0.956873,0.186975,0.263965,-0.868884,0.263965,-0.615918,1.165845,0.175977,-0.384949,1.242834,0.098987,-0.241968,1.319824,0.230969,0.362952,-0.956873,0.219971,0.461938,-0.846887,0.120984,0.461938,-0.879883,0.285962,-0.384949,1.022864,0.043994,-0.351953,1.121851,0.186975,-0.208972,1.198840,105956,497491,-99,111,8227,-16,0,-21,640
1780493825.597182,105960,497497,0x0FFF,0.406946,0.318958,-0.901880,0.307959,0.439941,-0.846887,0.241968,0.329956,-0.912878,0.307959,-0.538928,1.209839,0.109985,-0.428943,1.319824,-0.043994,-0.263965,1.220837,0.274963,0.274963,-1.033862,0.076990,0.340955,-0.802893,0.219971,0.285962,-1.000867,0.197974,-0.439941,1.044861,0.076990,-0.307959,1.253833,0.142981,-0.131982,1.143848,105959,497496,-96,127,8231,-18,-2,-21,639
1780493825.599188,105961,497499,0x07FF,0.461938,0.362952,-0.978870,0.175977,0.362952,-0.923877,0.296960,0.329956,-0.813892,0.285962,-0.648914,1.231836,-0.076990,-0.340955,1.220837,-0.021997,-0.230969,1.264832,0.208972,0.362952,-0.945874,0.252966,0.494934,-0.879883,0.142981,0.494934,-0.890881,0.329956,-0.461938,0.989868,0.175977,-0.318958,1.088855,0.142981,-0.131982,1.143848,105959,497496,-96,127,8231,-18,-2,-21,639
1780493825.601194,105962,497501,0x0FFF,0.406946,0.362952,-1.055859,0.197974,0.494934,-0.923877,0.208972,0.373950,-0.956873,0.285962,-0.769897,1.209839,0.175977,-0.373950,1.231836,0.065991,-0.208972,1.297827,0.241968,0.263965,-0.956873,0.274963,0.406946,-0.824890,0.263965,0.428943,-0.945874,0.186975,-0.483936,0.978870,0.175977,-0.329956,1.132849,0.120984,-0.197974,1.297827,105959,497496,-96,127,8231,-18,-2,-21,639
1780493825.603267,105964,497503,0x0FFF,0.428943,0.307959,-0.978870,0.351953,0.428943,-0.890881,0.197974,0.307959,-0.868884,0.252966,-0.714905,1.220837,0.054993,-0.329956,1.187842,-0.010999,-0.175977,1.209839,0.285962,0.461938,-0.956873,0.164978,0.362952,-0.846887,0.065991,0.549927,-0.912878,0.175977,-0.362952,1.044861,0.076990,-0.252966,1.253833,0.142981,-0.252966,1.176843,105963,497502,-100,121,8227,-17,-2,-18,636
1780493825.606585,105965,497505,0x0FFF,0.461938,0.406946,-0.912878,0.340955,0.483936,-0.934875,0.252966,0.296960,-0.945874,0.076990,-0.593921,1.308826,0.109985,-0.406946,1.220837,-0.010999,-0.197974,1.242834,0.263965,0.318958,-0.934875,0.175977,0.373950,-0.846887,0.153979,0.549927,-0.923877,0.285962,-0.461938,0.956873,0.153979,-0.164978,1.176843,0.142981,-0.186975,1.187842,105963,497502,-100,121,8227,-17,-2,-18,636
1780493825.607379,105967,497508,0x0FFF,0.439941,0.373950,-1.088855,0.296960,0.582922,-0.901880,0.351953,0.417944,-0.802893,0.241968,-0.582922,1.143848,0.120984,-0.340955,1.242834,0.010999,-0.296960,1.165845,0.241968,0.274963,-0.967871,0.263965,0.428943,-0.747900,0.109985,0.351953,-0.967871,0.230969,-0.516931,0.934875,0.120984,-0.219971,1.165845,0.120984,-0.164978,1.176843,105966,497506,-91,119,8227,-13,0,-22,639
1780493825.610620,105968,497510,0x0FFF,0.494934,0.439941,-0.923877,0.351953,0.626917,-0.945874,0.252966,0.351953,-0.813892,0.219971,-0.538928,1.264832,0.109985,-0.296960,1.198840,0.032996,-0.230969,1.286829,0.252966,0.329956,-1.066858,0.142981,0.461938,-0.956873,0.153979,0.472937,-0.857886,0.153979,-0.472937,0.978870,0.098987,-0.351953,1.121851,0.098987,-0.230969,1.176843,105966,497506,-91,119,8227,-13,0,-22,639
1780493825.612770,105969,497512,0x0FFF,0.483936,0.329956,-0.956873,0.417944,0.538928,-0.890881,0.252966,0.329956,-0.890881,0.230969,-0.604919,1.253833,0.131982,-0.417944,1.396814,0.109985,-0.285962,1.286829,0.230969,0.296960,-0.967871,0.208972,0.483936,-0.802893,0.098987,0.340955,-0.956873,0.208972,-0.362952,0.879883,0.197974,-0.285962,1.154846,0.241968,-0.076990,1.198840,105966,497506,-91,119,8227,-13,0,-22,639
1780493825.613538,105971,497514,0x0FFF,0.351953,0.362952,-1.077856,0.318958,0.516931,-0.967871,0.263965,0.296960,-0.879883,0.175977,-0.560925,1.253833,0.175977,-0.274963,1.319824,-0.021997,-0.164978,1.264832,0.175977,0.263965,-0.967871,0.252966,0.351953,-0.780896,0.197974,0.373950,-0.890881,0.197974,-0.384949,0.956873,0.076990,-0.296960,1.066858,0.208972,-0.230969,1.165845,105970,497512,-89,116,8241,-18,-4,-21,639
1780493825.616746,105972,497516,0x0FFF,0.461938,0.373950,-0.923877,0.307959,0.494934,-0.967871,0.241968,0.318958,-0.956873,0.274963,-0.615918,1.187842,0.109985,-0.384949,1.297827,0.032996,-0.329956,1.341821,0.241968,0.329956,-1.033862,0.263965,0.329956,-0.791895,0.109985,0.428943,-0.934875,0.197974,-0.439941,0.989868,0.131982,-0.362952,1.132849,0.153979,-0.230969,1.242834,105970,497512,-89,116,8241,-18,-4,-21,639
1780493825.618851,105974,497518,0x0FFF,0.395947,0.296960,-1.000867,0.340955,0.505933,-0.923877,0.241968,0.340955,-0.934875,0.219971,-0.571924,1.220837,0.010999,-0.274963,1.253833,0.043994,-0.208972,1.374817,0.241968,0.296960,-1.066858,0.164978,0.373950,-0.835889,0.142981,0.527930,-0.934875,0.197974,-0.516931,0.923877,0.164978,-0.351953,1.253833,0.131982,-0.197974,1.198840,105973,497516,-97,115,8234,-18,-1,-20,635
1780493825.620895,105975,497520,0x0FFF,0.373950,0.307959,-0.846887,0.307959,0.516931,-0.967871,0.197974,0.351953,-1.033862,0.197974,-0.582922,1.297827,0.087988,-0.296960,1.220837,0.131982,-0.351953,1.264832,0.208972,0.340955,-0.956873,0.164978,0.307959,-0.802893,0.186975,0.351953,-0.791895,0.208972,-0.395947,1.011865,-0.010999,-0.329956,1.165845,0.186975,-0.252966,1.242834,105973,497516,-97,115,8234,-18,-1,-20,635
1780493825.623014,105976,497522,0x0FFF,0.428943,0.351953,-0.890881,0.373950,0.483936,-1.000867,0.208972,0.340955,-0.769897,0.164978,-0.604919,1.242834,-0.021997,-0.428943,1.187842,0.032996,-0.230969,1.297827,0.197974,0.362952,-0.967871,0.318958,0.494934,-0.736902,0.109985,0.395947,-0.978870,0.208972,-0.417944,0.912878,0.087988,-0.395947,1.088855,0.120984,-0.153979,1.242834,105973,497516,-97,115,8234,-18,-1,-20,635
1780493825.625095,105978,497524,0x0FFF,0.483936,0.329956,-0.945874,0.307959,0.505933,-0.923877,0.230969,0.406946,-0.890881,0.307959,-0.593921,1.220837,0.164978,-0.329956,1.187842,0.065991,-0.285962,1.242834,0.186975,0.307959,-0.978870,0.098987,0.461938,-0.758899,0.065991,0.483936,-0.989868,0.252966,-0.417944,1.066858,0.087988,-0.384949,1.220837,0.109985,-0.131982,1.088855,105977,497522,-94,109,8249,-15,-4,-22,634
1780493825.627191,105979,497526,0x0FFF,0.274963,0.340955,-1.033862,0.362952,0.417944,-0.956873,0.263965,0.318958,-0.890881,0.395947,-0.648914,1.330823,0.021997,-0.373950,1.297827,0.000000,-0.307959,1.330823,0.197974,0.373950,-0.967871,0.175977,0.417944,-0.769897,0.120984,0.406946,-0.989868,0.186975,-0.428943,1.011865,0.065991,-0.362952,1.055859,0.142981,-0.175977,1.220837,105977,497522,-94,109,8249,-15,-4,-22,634
1780493825.629276,105981,497528,0x0FFF,0.450940,0.296960,-0.978870,0.252966,0.450940,-0.901880,0.197974,0.340955,-0.978870,0.252966,-0.648914,1.187842,0.054993,-0.285962,1.242834,-0.010999,-0.230969,1.198840,0.230969,0.373950,-1.011865,0.164978,0.461938,-0.769897,0.164978,0.472937,-0.923877,0.285962,-0.406946,1.044861,0.120984,-0.406946,1.121851,0.208972,-0.285962,1.231836,105980,497527,-97,105,8246,-16,-5,-19,639
1780493825.631318,105982,497530,0x0FFF,0.417944,0.417944,-1.066858,0.329956,0.373950,-0.923877,0.296960,0.296960,-0.879883,0.263965,-0.648914,1.044861,-0.043994,-0.241968,1.209839,0.065991,-0.142981,1.352820,0.318958,0.296960,-0.934875,0.230969,0.329956,-0.846887,0.175977,0.439941,-1.000867,0.252966,-0.395947,1.022864,0.120984,-0.373950,1.187842,0.164978,-0.153979,1.143848,105980,497527,-97,105,8246,-16,-5,-19,639
1780493825.633396,105984,497533,0x0FFF,0.439941,0.252966,-1.121851,0.329956,0.549927,-0.868884,0.186975,0.296960,-0.857886,0.285962,-0.615918,1.165845,0.197974,-0.274963,1.242834,0.120984,-0.208972,1.176843,0.208972,0.329956,-0.967871,0.208972,0.406946,-0.901880,0.098987,0.384949,-0.912878,0.164978,-0.483936,0.934875,0.098987,-0.263965,1.187842,0.219971,-0.263965,1.242834,105983,497531,-99,105,8239,-16,-1,-18,640
1780493825.635373,105985,497535,0x0FFF,0.450940,0.340955,-0.934875,0.307959,0.461938,-0.835889,0.230969,0.318958,-0.967871,0.307959,-0.692908,1.297827,0.098987,-0.373950,1.330823,0.054993,-0.186975,1.374817,0.186975,0.318958,-1.077856,0.186975,0.351953,-0.846887,0.109985,0.461938,-0.967871,0.197974,-0.615918,0.945874,0.087988,-0.373950,1.143848,0.120984,-0.230969,1.253833,105983,497531,-99,105,8239,-16,-1,-18,640
1780493825.637434,105986,497537,0x0FFF,0.439941,0.384949,-0.923877,0.329956,0.549927,-0.868884,0.230969,0.274963,-0.791895,0.175977,-0.637915,1.110852,0.219971,-0.395947,1.330823,0.076990,-0.274963,1.209839,0.087988,0.472937,-1.000867,0.241968,0.417944,-0.879883,0.175977,0.483936,-0.934875,0.274963,-0.439941,0.912878,0.076990,-0.395947,1.132849,0.142981,-0.230969,1.231836,105983,497531,-99,105,8239,-16,-1,-18,640
1780493825.639447,105988,497539,0x0FFF,0.351953,0.362952,-0.956873,0.329956,0.494934,-0.857886,0.230969,0.318958,-0.890881,0.252966,-0.593921,1.220837,0.142981,-0.329956,1.187842,0.054993,-0.285962,1.231836,0.186975,0.274963,-1.000867,0.175977,0.472937,-0.780896,0.175977,0.450940,-1.022864,0.296960,-0.406946,0.945874,0.208972,-0.395947,1.165845,0.120984,-0.197974,1.264832,105987,497537,-97,130,8239,-15,-4,-21,643
1780493825.641509,105989,497541,0x0FFF,0.395947,0.406946,-0.956873,0.307959,0.494934,-1.055859,0.208972,0.274963,-0.813892,0.307959,-0.648914,1.099854,0.175977,-0.285962,1.242834,0.120984,-0.318958,1.319824,0.252966,0.307959,-0.978870,0.208972,0.505933,-0.780896,0.142981,0.384949,-1.033862,0.263965,-0.505933,0.901880,0.142981,-0.373950,1.154846,0.186975,-0.252966,1.209839,105987,497537,-97,130,8239,-15,-4,-21,643
1780493825.643501,105991,497543,0x0FFF,0.505933,0.362952,-0.945874,0.285962,0.461938,-0.868884,0.241968,0.329956,-0.835889,0.219971,-0.604919,1.231836,0.054993,-0.373950,1.187842,-0.076990,-0.197974,1.407812,0.164978,0.153979,-0.945874,0.219971,0.296960,-0.824890,0.208972,0.362952,-0.978870,0.263965,-0.450940,1.033862,0.054993,-0.406946,1.187842,0.197974,-0.274963,1.176843,105990,497541,-95,120,8230,-15,-4,-19,633
1780493825.645526,105992,497545,0x0FFF,0.505933,0.450940,-1.000867,0.373950,0.461938,-0.890881,0.263965,0.208972,-0.912878,0.395947,-0.527930,1.264832,0.131982,-0.362952,1.264832,-0.120984,-0.329956,1.231836,0.241968,0.263965,-0.934875,0.131982,0.439941,-0.813892,0.175977,0.395947,-0.890881,0.186975,-0.472937,1.033862,0.197974,-0.285962,1.176843,0.131982,-0.186975,1.242834,105990,497541,-95,120,8230,-15,-4,-19,633
1780493825.647569,105993,497547,0x0FFF,0.538928,0.395947,-0.945874,0.285962,0.516931,-0.967871,0.219971,0.241968,-0.879883,0.274963,-0.692908,1.220837,0.065991,-0.428943,1.231836,0.076990,-0.230969,1.286829,0.164978,0.252966,-1.066858,0.142981,0.461938,-0.846887,0.142981,0.428943,-0.956873,0.208972,-0.450940,0.978870,0.164978,-0.351953,1.198840,0.142981,-0.252966,1.187842,105990,497541,-95,120,8230,-15,-4,-19,633
1780493825.649567,105995,497549,0x0FFF,0.450940,0.483936,-0.934875,0.362952,0.461938,-0.923877,0.230969,0.362952,-0.835889,0.142981,-0.582922,1.154846,0.032996,-0.219971,1.187842,0.054993,-0.230969,1.231836,0.219971,0.241968,-0.989868,0.230969,0.428943,-0.791895,0.098987,0.406946,-0.945874,0.197974,-0.483936,0.846887,0.153979,-0.329956,1.066858,0.164978,-0.164978,1.143848,105994,497547,-97,113,8228,-16,-4,-20,625
1780493825.651531,105996,497551,0x0FFF,0.406946,0.373950,-0.923877,0.263965,0.461938,-0.923877,0.131982,0.340955,-0.890881,0.230969,-0.571924,1.297827,0.164978,-0.340955,1.231836,0.109985,-0.274963,1.385815,0.142981,0.230969,-0.923877,0.263965,0.417944,-0.857886,0.175977,0.483936,-0.956873,0.219971,-0.395947,0.901880,0.142981,-0.329956,1.220837,0.285962,-0.241968,1.154846,105994,497547,-97,113,8228,-16,-4,-20,625
1780493825.653599,105998,497553,0x0FFF,0.428943,0.296960,-0.934875,0.307959,0.439941,-0.901880,0.329956,0.351953,-0.912878,0.307959,-0.593921,1.264832,0.065991,-0.296960,1.198840,-0.065991,-0.296960,1.198840,0.230969,0.208972,-0.923877,0.175977,0.406946,-0.736902,0.142981,0.296960,-0.879883,0.175977,-0.406946,1.022864,0.120984,-0.252966,1.121851,0.109985,-0.208972,1.187842,105997,497552,-93,108,8231,-17,-1,-21,646
1780493825.655569,106000,497555,0x0FFF,0.395947,0.307959,-0.967871,0.307959,0.494934,-0.912878,0.208972,0.230969,-0.857886,0.285962,-0.571924,1.198840,0.109985,-0.417944,1.198840,0.087988,-0.296960,1.154846,0.153979,0.373950,-1.022864,0.208972,0.406946,-0.758899,0.087988,0.417944,-0.890881,0.230969,-0.428943,1.044861,0.054993,-0.263965,1.121851,0.219971,-0.252966,1.220837,105997,497552,-93,108,8231,-17,-1,-21,646
1780493825.657560,106002,497558,0x0FFF,0.439941,0.428943,-0.989868,0.362952,0.373950,-0.967871,0.307959,0.340955,-1.011865,0.296960,-0.670911,1.264832,-0.043994,-0.406946,1.275830,0.131982,-0.186975,1.341821,0.142981,0.274963,-0.978870,0.142981,0.362952,-0.802893,0.043994,0.450940,-0.934875,0.296960,-0.472937,1.022864,0.153979,-0.274963,1.176843,0.131982,-0.318958,1.231836,106001,497556,-105,113,8251,-14,-3,-21,645
1780493825.659491,106003,497560,0x0FFF,0.450940,0.329956,-0.978870,0.274963,0.483936,-0.824890,0.164978,0.340955,-0.945874,0.230969,-0.626917,1.319824,0.087988,-0.285962,1.209839,-0.065991,-0.241968,1.297827,0.340955,0.362952,-0.956873,0.263965,0.318958,-0.901880,0.120984,0.362952,-0.901880,0.285962,-0.527930,0.934875,0.043994,-0.351953,1.143848,0.109985,-0.131982,1.110852,106001,497556,-105,113,8251,-14,-3,-21,645
1780493825.662767,106004,497562,0x0FFF,0.505933,0.351953,-0.956873,0.318958,0.395947,-0.989868,0.318958,0.351953,-0.868884,0.307959,-0.582922,1.176843,0.065991,-0.307959,1.330823,0.164978,-0.340955,1.341821,0.197974,0.274963,-0.879883,0.197974,0.351953,-0.846887,0.175977,0.406946,-0.912878,0.175977,-0.406946,0.945874,0.109985,-0.318958,1.055859,0.076990,-0.318958,1.154846,106001,497556,-105,113,8251,-14,-3,-21,645
1780493825.663537,106006,497564,0x0FFF,0.417944,0.395947,-0.934875,0.373950,0.373950,-0.857886,0.329956,0.340955,-0.912878,0.318958,-0.615918,1.297827,0.076990,-0.362952,1.275830,-0.032996,-0.164978,1.396814,0.219971,0.274963,-0.945874,0.252966,0.406946,-0.802893,0.164978,0.395947,-0.956873,0.263965,-0.406946,1.033862,0.230969,-0.219971,1.110852,0.186975,-0.219971,1.231836,106005,497562,-93,103,8234,-15,-2,-16,643
1780493825.666832,106007,497566,0x0FFF,0.527930,0.373950,-1.099854,0.340955,0.439941,-0.978870,0.296960,0.307959,-0.901880,0.318958,-0.582922,1.308826,0.087988,-0.307959,1.253833,-0.043994,-0.285962,1.308826,0.131982,0.285962,-0.967871,0.131982,0.395947,-0.747900,0.098987,0.428943,-0.956873,0.274963,-0.439941,0.967871,0.109985,-0.329956,1.088855,0.120984,-0.230969,1.121851,106005,497562,-93,103,8234,-15,-2,-16,643
1780493825.668959,106009,497568,0x0FFF,0.406946,0.329956,-0.956873,0.285962,0.483936,-0.989868,0.285962,0.230969,-0.912878,0.296960,-0.615918,1.154846,0.032996,-0.307959,1.187842,0.054993,-0.318958,1.341821,0.175977,0.252966,-0.912878,0.109985,0.395947,-0.868884,0.098987,0.494934,-0.879883,0.175977,-0.318958,0.978870,0.076990,-0.428943,1.088855,0.208972,-0.186975,1.077856,106008,497566,-101,109,8236,-17,-4,-20,638
1780493825.671002,106010,497570,0x0FFF,0.362952,0.351953,-0.989868,0.351953,0.406946,-0.868884,0.120984,0.406946,-0.780896,0.219971,-0.615918,1.242834,0.054993,-0.340955,1.165845,-0.032996,-0.318958,1.374817,0.153979,0.340955,-0.956873,0.186975,0.450940,-0.857886,0.120984,0.351953,-0.934875,0.142981,-0.406946,0.923877,0.219971,-0.318958,1.143848,0.043994,-0.186975,1.132849,106008,497566,-101,109,8236,-17,-4,-20,638
1780493825.673090,106011,497572,0x0FFF,0.450940,0.351953,-1.022864,0.340955,0.439941,-0.901880,0.208972,0.373950,-0.978870,0.197974,-0.648914,1.264832,0.032996,-0.406946,1.286829,-0.087988,-0.164978,1.297827,0.120984,0.241968,-0.912878,0.153979,0.439941,-0.714905,0.120984,0.340955,-0.890881,0.109985,-0.461938,1.000867,-0.010999,-0.384949,1.187842,0.208972,-0.197974,1.176843,106008,497566,-101,109,8236,-17,-4,-20,638
1780493825.675211,106013,497574,0x0FFF,0.395947,0.384949,-1.077856,0.329956,0.527930,-0.835889,0.230969,0.318958,-0.923877,0.164978,-0.560925,1.352820,0.087988,-0.362952,1.220837,0.043994,-0.241968,1.275830,0.285962,0.285962,-0.802893,0.164978,0.417944,-0.802893,0.043994,0.351953,-0.923877,0.230969,-0.483936,0.901880,0.153979,-0.329956,1.033862,0.164978,-0.274963,1.253833,106012,497572,-96,110,8245,-14,-2,-21,638
1780493825.677315,106014,497576,0x0FFF,0.483936,0.373950,-0.901880,0.263965,0.395947,-0.956873,0.219971,0.329956,-0.846887,0.197974,-0.571924,1.176843,0.164978,-0.472937,1.286829,0.098987,-0.340955,1.473804,0.098987,0.252966,-0.945874,0.153979,0.373950,-0.901880,0.076990,0.384949,-0.923877,0.230969,-0.428943,1.165845,0.087988,-0.285962,1.165845,0.076990,-0.164978,1.132849,106012,497572,-96,110,8245,-14,-2,-21,638
1780493825.679352,106016,497578,0x0FFF,0.428943,0.373950,-0.923877,0.340955,0.505933,-0.956873,0.230969,0.208972,-0.824890,0.329956,-0.582922,1.077856,0.054993,-0.318958,1.275830,0.032996,-0.296960,1.319824,0.186975,0.318958,-0.945874,0.142981,0.494934,-0.890881,0.142981,0.483936,-0.879883,0.252966,-0.395947,0.967871,0.153979,-0.395947,1.143848,0.120984,-0.219971,1.110852,106015,497577,-112,95,8247,-18,-2,-21,623
1780493825.681447,106017,497580,0x0FFF,0.406946,0.373950,-1.033862,0.296960,0.472937,-0.934875,0.263965,0.373950,-0.835889,0.175977,-0.527930,1.154846,0.175977,-0.406946,1.231836,0.021997,-0.208972,1.297827,0.164978,0.318958,-1.000867,0.175977,0.439941,-0.681909,0.065991,0.351953,-1.044861,0.131982,-0.417944,1.033862,0.010999,-0.384949,1.209839,0.120984,-0.186975,1.143848,106015,497577,-112,95,8247,-18,-2,-21,623
1780493825.683442,106019,497583,0x0FFF,0.406946,0.417944,-1.077856,0.340955,0.494934,-0.934875,0.329956,0.274963,-0.868884,0.197974,-0.681909,1.220837,0.043994,-0.329956,1.220837,-0.021997,-0.230969,1.264832,0.241968,0.494934,-1.011865,0.131982,0.527930,-0.780896,0.076990,0.516931,-0.923877,0.252966,-0.428943,0.934875,0.131982,-0.417944,1.088855,0.142981,-0.252966,1.176843,106018,497581,-110,109,8221,-16,-2,-24,623
1780493825.685440,106020,497585,0x0FFF,0.406946,0.373950,-0.956873,0.362952,0.560925,-0.912878,0.197974,0.285962,-0.912878,0.208972,-0.637915,1.187842,0.164978,-0.384949,1.319824,-0.087988,-0.230969,1.264832,0.153979,0.307959,-1.022864,0.175977,0.461938,-0.846887,0.131982,0.395947,-0.934875,0.274963,-0.527930,1.044861,0.186975,-0.307959,1.198840,0.131982,-0.131982,1.154846,106018,497581,-110,109,8221,-16,-2,-24,623
1780493825.687509,106021,497587,0x0FFF,0.483936,0.395947,-0.934875,0.351953,0.538928,-0.923877,0.208972,0.318958,-0.846887,0.230969,-0.681909,1.297827,0.087988,-0.329956,1.198840,0.021997,-0.318958,1.176843,0.186975,0.307959,-1.055859,0.186975,0.362952,-0.835889,0.219971,0.384949,-0.857886,0.241968,-0.483936,0.901880,0.153979,-0.351953,1.198840,0.109985,-0.208972,1.110852,106018,497581,-110,109,8221,-16,-2,-24,623
1780493825.689577,106023,497589,0x0FFF,0.406946,0.307959,-0.945874,0.296960,0.395947,-0.934875,0.208972,0.351953,-0.890881,0.252966,-0.615918,1.242834,0.208972,-0.307959,1.242834,0.076990,-0.241968,1.275830,0.241968,0.219971,-1.000867,0.241968,0.472937,-0.747900,0.197974,0.461938,-0.912878,0.252966,-0.406946,1.000867,0.131982,-0.318958,1.066858,0.197974,-0.296960,1.110852,106022,497587,-92,115,8222,-18,-2,-20,638
1780493825.691607,106024,497591,0x0FFF,0.483936,0.263965,-0.956873,0.384949,0.527930,-0.912878,0.340955,0.450940,-0.912878,0.296960,-0.593921,1.165845,0.076990,-0.406946,1.231836,-0.010999,-0.296960,1.187842,0.307959,0.318958,-0.967871,0.175977,0.406946,-0.714905,0.164978,0.384949,-0.912878,0.153979,-0.494934,1.000867,0.186975,-0.263965,1.132849,0.230969,-0.263965,1.242834,106022,497587,-92,115,8222,-18,-2,-20,638
1780493825.693648,106026,497593,0x0FFF,0.450940,0.351953,-0.967871,0.351953,0.384949,-0.901880,0.175977,0.384949,-0.857886,0.274963,-0.604919,1.176843,0.208972,-0.296960,1.165845,0.120984,-0.285962,1.308826,0.131982,0.274963,-0.956873,0.197974,0.461938,-0.780896,0.175977,0.406946,-0.890881,0.175977,-0.439941,1.066858,0.142981,-0.219971,1.165845,0.010999,-0.318958,1.143848,106025,497591,-97,106,8230,-16,-3,-23,645
1780493825.695571,106027,497595,0x0FFF,0.428943,0.362952,-1.011865,0.296960,0.461938,-0.945874,0.208972,0.296960,-0.978870,0.274963,-0.582922,1.176843,0.120984,-0.274963,1.275830,0.076990,-0.186975,1.286829,0.153979,0.230969,-0.934875,0.098987,0.450940,-0.813892,0.153979,0.505933,-0.989868,0.340955,-0.450940,1.077856,0.131982,-0.219971,1.099854,0.219971,-0.197974,1.297827,106025,497591,-97,106,8230,-16,-3,-23,645
1780493825.697636,106028,497597,0x0FFF,0.362952,0.384949,-0.890881,0.219971,0.516931,-0.846887,0.296960,0.395947,-0.901880,0.307959,-0.582922,1.143848,0.087988,-0.439941,1.198840,-0.043994,-0.296960,1.198840,0.186975,0.340955,-1.022864,0.186975,0.307959,-0.615918,0.164978,0.560925,-0.956873,0.241968,-0.296960,0.901880,0.076990,-0.329956,1.077856,0.164978,-0.296960,1.275830,106025,497591,-97,106,8230,-16,-3,-23,645
1780493825.699622,106030,497599,0x0FFF,0.428943,0.373950,-0.846887,0.329956,0.384949,-0.978870,0.329956,0.329956,-0.912878,0.175977,-0.648914,1.209839,0.120984,-0.230969,1.275830,0.000000,-0.241968,1.275830,0.186975,0.384949,-0.945874,0.197974,0.373950,-0.813892,0.098987,0.439941,-0.879883,0.208972,-0.527930,1.055859,0.032996,-0.307959,1.154846,0.109985,-0.197974,1.165845,106029,497597,-91,112,8223,-18,-2,-22,638
1780493825.701668,106031,497601,0x0FFF,0.428943,0.340955,-0.912878,0.340955,0.362952,-0.989868,0.340955,0.318958,-0.901880,0.241968,-0.648914,1.264832,0.087988,-0.230969,1.165845,0.000000,-0.307959,1.286829,0.153979,0.307959,-0.967871,0.186975,0.461938,-0.857886,0.131982,0.516931,-0.890881,0.230969,-0.340955,0.978870,0.120984,-0.373950,1.121851,0.219971,-0.252966,1.176843,106029,497597,-91,112,8223,-18,-2,-22,638
1780493825.703673,106033,497603,0x0FFF,0.450940,0.285962,-0.934875,0.197974,0.472937,-0.934875,0.285962,0.307959,-0.967871,0.197974,-0.549927,1.220837,0.164978,-0.450940,1.209839,0.043994,-0.197974,1.407812,0.109985,0.395947,-0.934875,0.197974,0.351953,-0.879883,0.054993,0.439941,-0.846887,0.131982,-0.428943,1.011865,0.065991,-0.417944,1.088855,0.208972,-0.186975,1.187842,106032,497602,-103,119,8243,-18,-3,-18,642
1780493825.705706,106034,497605,0x0FFF,0.472937,0.263965,-0.989868,0.263965,0.494934,-1.011865,0.252966,0.450940,-0.857886,0.241968,-0.626917,1.297827,0.010999,-0.428943,1.165845,0.010999,-0.351953,1.330823,0.263965,0.384949,-0.934875,0.175977,0.516931,-0.813892,0.164978,0.450940,-0.967871,0.230969,-0.483936,0.945874,0.109985,-0.373950,1.088855,0.054993,-0.197974,1.264832,106032,497602,-103,119,8243,-18,-3,-18,642
1780493825.707745,106036,497608,0x0FFF,0.538928,0.296960,-1.066858,0.307959,0.527930,-0.835889,0.219971,0.406946,-0.868884,0.329956,-0.549927,1.132849,0.186975,-0.274963,1.385815,-0.054993,-0.263965,1.231836,0.296960,0.318958,-0.945874,0.142981,0.406946,-0.868884,0.098987,0.384949,-0.945874,0.142981,-0.461938,0.945874,0.021997,-0.307959,1.187842,0.175977,-0.164978,1.231836,106035,497606,-100,121,8229,-15,-2,-22,635
1780493825.709727,106037,497610,0x0FFF,0.472937,0.285962,-0.901880,0.439941,0.428943,-0.956873,0.230969,0.274963,-0.890881,0.329956,-0.604919,1.165845,0.032996,-0.351953,1.275830,0.021997,-0.252966,1.220837,0.241968,0.395947,-1.022864,0.186975,0.450940,-0.813892,0.153979,0.384949,-0.780896,0.219971,-0.428943,0.890881,0.186975,-0.252966,1.198840,0.219971,-0.186975,1.121851,106035,497606,-100,121,8229,-15,-2,-22,635
1780493825.711773,106038,497612,0x0FFF,0.274963,0.362952,-1.066858,0.340955,0.527930,-0.857886,0.230969,0.307959,-0.824890,0.329956,-0.659912,1.275830,0.208972,-0.274963,1.330823,0.076990,-0.230969,1.286829,0.285962,0.351953,-1.044861,0.175977,0.351953,-0.901880,0.098987,0.384949,-0.923877,0.186975,-0.439941,0.978870,0.032996,-0.296960,1.055859,0.153979,-0.241968,1.286829,106035,497606,-100,121,8229,-15,-2,-22,635
1780493825.713817,106040,497614,0x0FFF,0.395947,0.285962,-0.879883,0.340955,0.428943,-1.011865,0.230969,0.373950,-0.956873,0.274963,-0.648914,1.286829,0.175977,-0.318958,1.275830,0.021997,-0.219971,1.264832,0.274963,0.417944,-1.011865,0.098987,0.395947,-0.681909,0.087988,0.417944,-0.901880,0.263965,-0.406946,0.978870,0.098987,-0.329956,1.143848,0.120984,-0.164978,1.198840,106039,497612,-95,121,8247,-17,-3,-23,640
1780493825.715774,106041,497616,0x0FFF,0.450940,0.296960,-1.011865,0.362952,0.516931,-0.835889,0.274963,0.362952,-0.978870,0.241968,-0.747900,1.220837,0.087988,-0.329956,1.264832,0.076990,-0.296960,1.286829,0.230969,0.274963,-1.011865,0.186975,0.439941,-0.736902,0.164978,0.538928,-0.824890,0.252966,-0.417944,1.022864,0.109985,-0.307959,1.099854,0.241968,-0.054993,1.121851,106039,497612,-95,121,8247,-17,-3,-23,640
1780493825.717892,106043,497618,0x0FFF,0.505933,0.384949,-1.011865,0.307959,0.428943,-0.934875,0.230969,0.351953,-0.879883,0.186975,-0.604919,1.330823,0.153979,-0.373950,1.264832,0.065991,-0.285962,1.275830,0.142981,0.296960,-1.011865,0.120984,0.428943,-0.857886,0.131982,0.494934,-1.011865,0.318958,-0.395947,0.978870,0.120984,-0.329956,1.154846,0.208972,-0.175977,1.220837,106042,497616,-102,116,8229,-16,-1,-23,630
1780493825.721069,106044,497620,0x0FFF,0.373950,0.384949,-0.945874,0.362952,0.505933,-0.879883,0.263965,0.329956,-0.945874,0.219971,-0.648914,1.275830,0.109985,-0.406946,1.341821,-0.043994,-0.285962,1.297827,0.252966,0.318958,-1.077856,0.087988,0.450940,-0.791895,0.197974,0.395947,-1.044861,0.318958,-0.384949,0.912878,0.054993,-0.307959,1.154846,0.186975,-0.208972,1.253833,106042,497616,-102,116,8229,-16,-1,-23,630
1780493825.723167,106045,497622,0x0FFF,0.428943,0.318958,-0.956873,0.340955,0.472937,-1.000867,0.208972,0.318958,-0.879883,0.241968,-0.582922,1.198840,0.153979,-0.340955,1.187842,0.076990,-0.219971,1.275830,0.043994,0.417944,-0.978870,0.219971,0.439941,-0.868884,0.208972,0.472937,-0.912878,0.131982,-0.417944,0.824890,0.087988,-0.329956,1.165845,0.175977,-0.142981,1.187842,106042,497616,-102,116,8229,-16,-1,-23,630
1780493825.723950,106047,497624,0x0FFF,0.483936,0.307959,-0.967871,0.362952,0.450940,-0.857886,0.296960,0.428943,-0.824890,0.274963,-0.659912,1.187842,0.175977,-0.461938,1.308826,0.021997,-0.230969,1.440808,0.142981,0.351953,-0.923877,0.142981,0.362952,-0.758899,0.065991,0.428943,-0.879883,0.296960,-0.395947,1.066858,0.098987,-0.384949,1.187842,0.076990,-0.109985,1.220837,106046,497622,-90,112,8237,-15,-1,-23,637
1780493825.727280,106048,497626,0x0FFF,0.439941,0.428943,-1.011865,0.307959,0.527930,-0.912878,0.318958,0.318958,-0.934875,0.252966,-0.527930,1.198840,0.043994,-0.274963,1.209839,0.032996,-0.329956,1.275830,0.120984,0.384949,-0.956873,0.208972,0.373950,-0.857886,0.043994,0.527930,-0.934875,0.263965,-0.439941,0.967871,0.098987,-0.285962,1.055859,0.120984,-0.186975,1.242834,106046,497622,-90,112,8237,-15,-1,-23,637
1780493825.729357,106050,497628,0x0FFF,0.417944,0.307959,-0.989868,0.285962,0.274963,-0.901880,0.274963,0.395947,-0.912878,0.219971,-0.659912,1.165845,0.186975,-0.351953,1.143848,0.032996,-0.197974,1.275830,0.164978,0.373950,-0.967871,0.208972,0.406946,-0.824890,0.186975,0.428943,-0.868884,0.153979,-0.461938,1.055859,0.153979,-0.274963,1.132849,0.263965,-0.230969,1.231836,106049,497627,-102,107,8236,-15,-4,-19,639
1780493825.731325,106051,497630,0x0FFF,0.428943,0.285962,-0.934875,0.219971,0.494934,-0.956873,0.252966,0.362952,-0.989868,0.329956,-0.681909,1.220837,0.164978,-0.285962,1.154846,-0.010999,-0.274963,1.297827,0.263965,0.439941,-1.000867,0.164978,0.318958,-0.802893,0.120984,0.428943,-0.945874,0.230969,-0.472937,0.879883,0.109985,-0.351953,1.220837,0.098987,-0.131982,1.209839,106049,497627,-102,107,8236,-15,-4,-19,639
1780493825.733399,106052,497633,0x0FFF,0.428943,0.307959,-0.901880,0.362952,0.494934,-0.890881,0.208972,0.351953,-0.857886,0.340955,-0.582922,1.121851,0.065991,-0.417944,1.297827,-0.032996,-0.263965,1.187842,0.197974,0.274963,-0.923877,0.318958,0.373950,-0.769897,0.164978,0.450940,-0.901880,0.296960,-0.439941,1.033862,0.131982,-0.241968,1.187842,0.208972,-0.241968,1.220837,106049,497627,-102,107,8236,-15,-4,-19,639
1780493825.735428,106054,497635,0x0FFF,0.439941,0.230969,-0.901880,0.296960,0.461938,-0.824890,0.230969,0.373950,-0.879883,0.329956,-0.648914,1.165845,0.098987,-0.395947,1.209839,0.065991,-0.329956,1.319824,0.153979,0.252966,-0.901880,0.098987,0.296960,-0.791895,0.175977,0.351953,-0.967871,0.252966,-0.362952,0.945874,0.197974,-0.318958,1.066858,0.219971,-0.241968,1.209839,106053,497633,-97,106,8233,-15,-2,-18,634
1780493825.737522,106055,497637,0x0FFF,0.417944,0.384949,-0.846887,0.296960,0.494934,-0.890881,0.197974,0.417944,-0.956873,0.208972,-0.549927,1.176843,0.010999,-0.373950,1.275830,-0.054993,-0.296960,1.319824,0.285962,0.296960,-1.033862,0.186975,0.472937,-0.692908,0.098987,0.472937,-0.967871,0.153979,-0.472937,0.967871,0.153979,-0.318958,1.088855,0.142981,-0.263965,1.231836,106053,497633,-97,106,8233,-15,-2,-18,634
1780493825.739518,106057,497639,0x0FFF,0.483936,0.241968,-0.934875,0.362952,0.417944,-0.989868,0.274963,0.351953,-0.978870,0.230969,-0.582922,1.275830,0.186975,-0.307959,1.231836,0.098987,-0.153979,1.110852,0.307959,0.340955,-0.978870,0.131982,0.428943,-0.637915,0.142981,0.384949,-0.956873,0.153979,-0.362952,0.978870,0.131982,-0.274963,1.099854,0.175977,-0.142981,1.154846,106056,497637,-96,114,8240,-13,-3,-19,637
1780493825.741605,106058,497641,0x0FFF,0.483936,0.362952,-1.044861,0.296960,0.483936,-0.923877,0.307959,0.329956,-0.879883,0.241968,-0.483936,1.165845,0.043994,-0.362952,1.242834,0.043994,-0.208972,1.396814,0.307959,0.318958,-0.934875,0.142981,0.450940,-0.857886,0.120984,0.384949,-0.912878,0.307959,-0.384949,1.000867,0.142981,-0.252966,1.187842,0.219971,-0.087988,1.198840,106056,497637,-96,114,8240,-13,-3,-19,637
1780493825.743625,106060,497643,0x0FFF,0.439941,0.538928,-1.022864,0.307959,0.505933,-1.033862,0.186975,0.384949,-0.923877,0.263965,-0.681909,1.264832,0.032996,-0.395947,1.275830,-0.043994,-0.285962,1.176843,0.164978,0.362952,-0.989868,0.351953,0.406946,-0.835889,0.000000,0.406946,-0.912878,0.164978,-0.362952,0.956873,0.197974,-0.263965,1.121851,0.175977,-0.098987,1.242834,106059,497641,-86,127,8247,-15,-4,-23,637
1780493825.745648,106061,497645,0x0FFF,0.329956,0.307959,-1.022864,0.230969,0.549927,-0.791895,0.186975,0.439941,-0.956873,0.241968,-0.725903,1.308826,0.186975,-0.428943,1.264832,0.076990,-0.252966,1.242834,0.142981,0.395947,-1.011865,0.241968,0.329956,-0.780896,0.087988,0.483936,-0.890881,0.318958,-0.351953,1.011865,0.153979,-0.351953,1.143848,0.054993,-0.175977,1.176843,106059,497641,-86,127,8247,-15,-4,-23,637
1780493825.747542,106062,497647,0x0FFF,0.384949,0.329956,-0.978870,0.263965,0.516931,-0.934875,0.131982,0.340955,-0.890881,0.274963,-0.670911,1.330823,0.175977,-0.384949,1.264832,0.010999,-0.142981,1.275830,0.241968,0.252966,-1.044861,0.252966,0.274963,-0.725903,0.230969,0.417944,-0.978870,0.186975,-0.461938,1.011865,0.208972,-0.307959,1.154846,0.197974,-0.197974,1.165845,106059,497641,-86,127,8247,-15,-4,-23,637
1780493825.749588,106064,497649,0x0FFF,0.450940,0.263965,-1.000867,0.307959,0.527930,-0.824890,0.219971,0.384949,-0.956873,0.307959,-0.670911,1.275830,0.065991,-0.362952,1.352820,0.098987,-0.219971,1.209839,0.153979,0.417944,-0.813892,0.131982,0.384949,-0.857886,0.142981,0.395947,-0.978870,0.230969,-0.483936,0.934875,0.032996,-0.274963,1.121851,0.230969,-0.186975,1.231836,106063,497647,-102,116,8241,-17,-5,-22,642
1780493825.751610,106065,497651,0x0FFF,0.439941,0.318958,-0.967871,0.307959,0.417944,-0.890881,0.241968,0.340955,-0.780896,0.329956,-0.604919,1.143848,0.043994,-0.263965,1.132849,0.021997,-0.186975,1.264832,0.197974,0.329956,-0.879883,0.296960,0.395947,-0.780896,0.076990,0.439941,-0.901880,0.098987,-0.461938,0.956873,0.186975,-0.417944,1.143848,0.120984,-0.164978,1.132849,106063,497647,-102,116,8241,-17,-5,-22,642
1780493825.753677,106067,497653,0x0FFF,0.351953,0.318958,-0.857886,0.175977,0.417944,-0.934875,0.296960,0.274963,-0.846887,0.230969,-0.681909,1.220837,0.087988,-0.263965,1.187842,0.098987,-0.263965,1.286829,0.208972,0.263965,-1.099854,0.230969,0.318958,-0.824890,0.164978,0.483936,-0.934875,0.208972,-0.373950,1.121851,0.065991,-0.340955,1.088855,0.142981,-0.142981,1.143848,106066,497652,-101,115,8231,-18,-5,-19,633
1780493825.755632,106068,497655,0x0FFF,0.483936,0.307959,-1.022864,0.329956,0.527930,-0.901880,0.296960,0.395947,-0.967871,0.219971,-0.582922,1.264832,0.142981,-0.296960,1.341821,0.109985,-0.230969,1.165845,0.175977,0.340955,-1.044861,0.285962,0.417944,-0.769897,0.065991,0.571924,-1.000867,0.065991,-0.472937,1.033862,0.076990,-0.340955,1.165845,0.153979,-0.186975,1.242834,106066,497652,-101,115,8231,-18,-5,-19,633
1780493825.757685,106069,497658,0x0FFF,0.406946,0.252966,-0.890881,0.285962,0.439941,-0.934875,0.274963,0.307959,-0.879883,0.230969,-0.615918,1.187842,0.043994,-0.307959,1.198840,-0.032996,-0.296960,1.176843,0.197974,0.318958,-0.813892,0.142981,0.351953,-0.868884,0.175977,0.406946,-0.780896,0.384949,-0.406946,1.066858,0.131982,-0.362952,1.154846,0.120984,-0.252966,1.187842,106066,497652,-101,115,8231,-18,-5,-19,633
1780493825.759710,106071,497660,0x0FFF,0.516931,0.318958,-1.033862,0.263965,0.549927,-0.934875,0.208972,0.274963,-0.846887,0.230969,-0.615918,1.242834,0.054993,-0.384949,1.187842,0.065991,-0.241968,1.297827,0.197974,0.296960,-0.923877,0.142981,0.351953,-0.835889,0.164978,0.362952,-0.989868,0.153979,-0.395947,0.934875,0.098987,-0.395947,1.176843,0.131982,-0.241968,1.187842,106070,497658,-100,118,8229,-16,0,-20,637
1780493825.761704,106072,497662,0x0FFF,0.307959,0.395947,-0.978870,0.186975,0.461938,-0.901880,0.241968,0.296960,-0.989868,0.263965,-0.560925,1.220837,0.142981,-0.351953,1.275830,-0.076990,-0.241968,1.198840,0.208972,0.395947,-0.956873,0.153979,0.439941,-0.791895,0.098987,0.428943,-0.923877,0.252966,-0.428943,1.088855,0.142981,-0.285962,1.165845,0.241968,-0.208972,1.264832,106070,497658,-100,118,8229,-16,0,-20,637
1780493825.763834,106074,497664,0x0FFF,0.406946,0.351953,-1.121851,0.307959,0.439941,-0.846887,0.208972,0.351953,-1.011865,0.285962,-0.692908,1.297827,0.098987,-0.472937,1.330823,0.032996,-0.274963,1.297827,0.241968,0.318958,-0.978870,0.109985,0.439941,-0.813892,0.153979,0.461938,-0.890881,0.252966,-0.406946,0.967871,0.197974,-0.318958,1.154846,0.197974,-0.252966,1.132849,106073,497662,-91,112,8227,-15,-5,-23,627
1780493825.765843,106075,497666,0x0FFF,0.395947,0.362952,-0.945874,0.318958,0.472937,-0.901880,0.252966,0.406946,-0.868884,0.329956,-0.648914,1.242834,0.131982,-0.318958,1.242834,-0.065991,-0.351953,1.374817,0.285962,0.362952,-1.000867,0.164978,0.406946,-0.857886,0.197974,0.395947,-0.978870,0.285962,-0.373950,0.978870,0.230969,-0.340955,1.176843,0.054993,-0.197974,1.176843,106073,497662,-91,112,8227,-15,-5,-23,627
1780493825.767981,106077,497668,0x0FFF,0.439941,0.340955,-1.000867,0.318958,0.516931,-0.945874,0.263965,0.285962,-0.934875,0.274963,-0.560925,1.297827,0.208972,-0.307959,1.286829,0.076990,-0.263965,1.209839,0.219971,0.307959,-0.978870,0.164978,0.373950,-0.791895,0.087988,0.384949,-0.956873,0.241968,-0.417944,1.088855,0.043994,-0.329956,1.165845,0.098987,-0.186975,1.121851,106076,497666,-93,112,8221,-18,-2,-21,641
1780493825.769967,106078,497670,0x0FFF,0.373950,0.219971,-1.066858,0.274963,0.483936,-0.901880,0.307959,0.395947,-0.890881,0.263965,-0.560925,1.264832,0.021997,-0.428943,1.286829,0.010999,-0.274963,1.220837,0.175977,0.263965,-0.978870,0.175977,0.472937,-0.813892,0.197974,0.505933,-0.835889,0.318958,-0.329956,1.077856,0.219971,-0.252966,1.044861,0.175977,-0.164978,1.198840,106076,497666,-93,112,8221,-18,-2,-21,641
1780493825.773240,106079,497672,0x0FFF,0.461938,0.362952,-0.989868,0.406946,0.516931,-0.912878,0.241968,0.417944,-0.846887,0.252966,-0.747900,1.198840,0.109985,-0.395947,1.253833,0.010999,-0.274963,1.231836,0.197974,0.274963,-0.967871,0.164978,0.439941,-0.890881,0.131982,0.417944,-0.934875,0.175977,-0.505933,0.945874,0.153979,-0.329956,1.088855,0.153979,-0.153979,1.286829,106076,497666,-93,112,8221,-18,-2,-21,641
1780493825.773979,106081,497674,0x0FFF,0.450940,0.362952,-0.890881,0.252966,0.439941,-0.956873,0.175977,0.428943,-0.835889,0.263965,-0.582922,1.220837,0.120984,-0.329956,1.297827,-0.021997,-0.373950,1.341821,0.208972,0.285962,-0.879883,0.208972,0.351953,-0.835889,0.010999,0.450940,-0.890881,0.153979,-0.384949,0.967871,0.153979,-0.241968,1.132849,0.230969,-0.164978,1.220837,106080,497672,-110,105,8232,-17,-1,-25,652
1780493825.777245,106082,497676,0x0FFF,0.417944,0.351953,-1.088855,0.351953,0.395947,-0.945874,0.131982,0.351953,-0.879883,0.131982,-0.593921,1.209839,0.109985,-0.285962,1.198840,-0.010999,-0.208972,1.187842,0.186975,0.208972,-0.934875,0.175977,0.450940,-0.758899,0.087988,0.428943,-0.835889,0.153979,-0.439941,1.055859,0.109985,-0.219971,1.154846,0.219971,-0.131982,1.209839,106080,497672,-110,105,8232,-17,-1,-25,652
1780493825.779270,106084,497678,0x0FFF,0.494934,0.373950,-1.033862,0.197974,0.483936,-0.945874,0.285962,0.329956,-0.824890,0.296960,-0.681909,1.253833,0.208972,-0.373950,1.209839,0.076990,-0.219971,1.286829,0.263965,0.252966,-1.088855,0.296960,0.472937,-0.736902,0.021997,0.395947,-0.945874,0.197974,-0.384949,0.923877,0.076990,-0.329956,1.132849,0.252966,-0.230969,1.264832,106083,497677,-89,103,8235,-15,-2,-23,637
1780493825.781340,106085,497680,0x0FFF,0.571924,0.395947,-1.011865,0.307959,0.417944,-0.967871,0.274963,0.296960,-0.923877,0.351953,-0.604919,1.242834,0.087988,-0.362952,1.275830,0.010999,-0.230969,1.319824,0.186975,0.285962,-1.044861,0.186975,0.428943,-0.758899,0.109985,0.417944,-0.901880,0.219971,-0.417944,1.033862,0.252966,-0.296960,1.132849,0.098987,-0.164978,1.198840,106083,497677,-89,103,8235,-15,-2,-23,637
1780493825.783380,106086,497683,0x0FFF,0.483936,0.362952,-0.912878,0.428943,0.417944,-0.989868,0.274963,0.362952,-0.901880,0.263965,-0.615918,1.330823,0.109985,-0.395947,1.352820,-0.043994,-0.241968,1.220837,0.208972,0.340955,-0.945874,0.120984,0.384949,-0.846887,0.208972,0.362952,-0.879883,0.241968,-0.461938,0.868884,0.076990,-0.351953,1.066858,0.241968,-0.186975,1.308826,106083,497677,-89,103,8235,-15,-2,-23,637
1780493825.785440,106088,497685,0x0FFF,0.505933,0.296960,-1.055859,0.285962,0.450940,-0.868884,0.285962,0.351953,-0.758899,0.285962,-0.659912,1.330823,0.065991,-0.329956,1.187842,0.000000,-0.230969,1.165845,0.219971,0.318958,-1.011865,0.208972,0.362952,-0.835889,0.197974,0.417944,-0.857886,0.296960,-0.505933,1.011865,0.219971,-0.285962,1.198840,0.230969,-0.142981,1.132849,106087,497683,-90,118,8234,-15,-4,-22,631
1780493825.787483,106089,497687,0x0FFF,0.439941,0.373950,-0.978870,0.241968,0.516931,-0.945874,0.307959,0.362952,-0.857886,0.241968,-0.571924,1.297827,0.175977,-0.406946,1.176843,0.010999,-0.296960,1.220837,0.175977,0.285962,-0.978870,0.296960,0.549927,-0.857886,0.164978,0.285962,-0.857886,0.230969,-0.439941,1.088855,0.142981,-0.340955,1.044861,0.120984,-0.197974,1.121851,106087,497683,-90,118,8234,-15,-4,-22,631
1780493825.789529,106091,497689,0x0FFF,0.406946,0.373950,-1.033862,0.329956,0.538928,-1.022864,0.340955,0.340955,-0.879883,0.230969,-0.505933,1.275830,0.164978,-0.362952,1.198840,-0.054993,-0.175977,1.275830,0.197974,0.296960,-0.967871,0.230969,0.505933,-0.703906,0.153979,0.417944,-0.912878,0.164978,-0.461938,1.011865,0.098987,-0.285962,1.099854,0.131982,-0.164978,1.066858,106090,497687,-91,111,8235,-13,-5,-19,633
1780493825.791567,106092,497691,0x0FFF,0.373950,0.406946,-0.967871,0.274963,0.549927,-0.956873,0.241968,0.417944,-0.967871,0.142981,-0.604919,1.308826,0.197974,-0.406946,1.264832,0.131982,-0.274963,1.286829,0.219971,0.285962,-1.000867,0.175977,0.362952,-0.901880,0.142981,0.362952,-1.000867,0.241968,-0.505933,0.945874,0.098987,-0.340955,1.165845,0.153979,-0.087988,1.209839,106090,497687,-91,111,8235,-13,-5,-19,633
1780493825.793609,106094,497693,0x0FFF,0.483936,0.263965,-1.044861,0.252966,0.494934,-0.802893,0.230969,0.318958,-0.857886,0.197974,-0.582922,1.264832,0.131982,-0.406946,1.264832,-0.021997,-0.296960,1.264832,0.153979,0.285962,-0.934875,0.186975,0.351953,-0.791895,0.098987,0.450940,-0.868884,0.197974,-0.450940,1.000867,0.164978,-0.307959,1.198840,0.142981,-0.208972,1.088855,106093,497691,-92,109,8224,-15,-4,-19,645
1780493825.795571,106095,497695,0x0FFF,0.406946,0.395947,-1.055859,0.373950,0.362952,-1.022864,0.230969,0.351953,-1.011865,0.307959,-0.604919,1.187842,0.032996,-0.351953,1.308826,-0.032996,-0.208972,1.319824,0.208972,0.395947,-1.011865,0.175977,0.395947,-0.758899,0.153979,0.439941,-0.923877,0.120984,-0.571924,1.022864,0.175977,-0.373950,1.143848,0.175977,-0.175977,1.264832,106093,497691,-92,109,8224,-15,-4,-19,645
1780493825.797658,106096,497697,0x0FFF,0.417944,0.285962,-1.022864,0.208972,0.472937,-0.945874,0.175977,0.340955,-0.835889,0.142981,-0.703906,1.187842,0.175977,-0.285962,1.275830,0.109985,-0.274963,1.363818,0.285962,0.384949,-0.934875,0.175977,0.461938,-0.835889,0.054993,0.494934,-0.989868,0.164978,-0.395947,1.132849,0.098987,-0.296960,1.132849,0.153979,-0.230969,1.187842,106093,497691,-92,109,8224,-15,-4,-19,645
1780493825.799641,106098,497699,0x0FFF,0.428943,0.329956,-1.000867,0.241968,0.571924,-0.989868,0.219971,0.340955,-0.956873,0.109985,-0.703906,1.297827,0.164978,-0.373950,1.154846,-0.010999,-0.307959,1.352820,0.252966,0.373950,-0.989868,0.142981,0.373950,-0.890881,0.131982,0.340955,-0.956873,0.296960,-0.494934,0.978870,0.208972,-0.153979,1.209839,0.230969,-0.219971,1.286829,106097,497697,-101,104,8226,-15,-3,-21,646
1780493825.801693,106099,497701,0x0FFF,0.472937,0.362952,-1.099854,0.274963,0.450940,-0.923877,0.241968,0.296960,-0.890881,0.296960,-0.593921,1.187842,0.142981,-0.296960,1.198840,0.076990,-0.109985,1.286829,0.219971,0.395947,-0.989868,0.219971,0.285962,-0.769897,0.186975,0.494934,-0.857886,0.285962,-0.516931,0.912878,0.087988,-0.373950,1.011865,0.186975,-0.164978,1.220837,106097,497697,-101,104,8226,-15,-3,-21,646
1780493825.803752,106101,497703,0x0FFF,0.450940,0.340955,-1.066858,0.395947,0.516931,-0.857886,0.230969,0.428943,-0.923877,0.219971,-0.626917,1.264832,0.043994,-0.329956,1.264832,0.098987,-0.340955,1.286829,0.175977,0.318958,-1.000867,0.208972,0.373950,-0.670911,0.197974,0.373950,-0.956873,0.175977,-0.472937,1.044861,0.054993,-0.417944,1.121851,0.175977,-0.230969,1.121851,106100,497702,-100,105,8228,-17,-4,-21,639
1780493825.805775,106102,497705,0x0FFF,0.406946,0.472937,-1.143848,0.208972,0.461938,-0.956873,0.241968,0.285962,-0.835889,0.285962,-0.648914,1.253833,0.120984,-0.373950,1.319824,-0.010999,-0.241968,1.242834,0.153979,0.340955,-0.956873,0.230969,0.428943,-0.813892,0.197974,0.527930,-1.044861,0.142981,-0.428943,1.077856,0.054993,-0.384949,1.198840,0.230969,-0.208972,1.253833,106100,497702,-100,105,8228,-17,-4,-21,639
1780493825.807796,106103,497708,0x0FFF,0.417944,0.395947,-0.923877,0.252966,0.417944,-0.923877,0.307959,0.351953,-0.780896,0.208972,-0.560925,1.264832,0.142981,-0.373950,1.286829,0.000000,-0.329956,1.330823,0.263965,0.351953,-0.967871,0.252966,0.483936,-0.703906,0.098987,0.494934,-0.934875,0.197974,-0.439941,1.011865,0.153979,-0.241968,1.220837,0.120984,-0.175977,1.231836,106100,497702,-100,105,8228,-17,-4,-21,639
1780493825.809828,106105,497710,0x0FFF,0.516931,0.417944,-1.022864,0.340955,0.494934,-0.945874,0.098987,0.307959,-0.890881,0.318958,-0.648914,1.330823,0.065991,-0.373950,1.286829,0.032996,-0.252966,1.242834,0.197974,0.461938,-1.033862,0.219971,0.472937,-0.736902,0.131982,0.373950,-0.956873,0.274963,-0.340955,0.978870,0.142981,-0.351953,1.099854,0.109985,-0.252966,1.198840,106104,497708,-96,127,8230,-15,-4,-24,634
1780493825.811841,106106,497712,0x0FFF,0.516931,0.219971,-0.989868,0.263965,0.461938,-0.901880,0.252966,0.384949,-0.989868,0.274963,-0.593921,1.242834,0.087988,-0.340955,1.231836,-0.032996,-0.318958,1.308826,0.197974,0.428943,-0.890881,0.175977,0.428943,-0.714905,0.043994,0.428943,-0.945874,0.296960,-0.450940,0.912878,0.098987,-0.285962,1.154846,0.131982,-0.252966,1.165845,106104,497708,-96,127,8230,-15,-4,-24,634
1780493825.813866,106108,497714,0x0FFF,0.384949,0.395947,-0.956873,0.219971,0.461938,-0.945874,0.329956,0.362952,-0.989868,0.175977,-0.670911,1.275830,0.219971,-0.373950,1.242834,-0.043994,-0.131982,1.319824,0.219971,0.395947,-1.011865,0.285962,0.417944,-0.846887,0.142981,0.395947,-0.901880,0.164978,-0.461938,1.044861,0.120984,-0.186975,1.132849,0.208972,-0.109985,1.209839,106107,497712,-99,126,8229,-18,-3,-18,635
1780493825.815844,106109,497716,0x0FFF,0.505933,0.373950,-0.923877,0.362952,0.439941,-0.868884,0.219971,0.362952,-0.989868,0.296960,-0.571924,1.110852,0.142981,-0.340955,1.198840,-0.032996,-0.307959,1.198840,0.351953,0.263965,-0.934875,0.230969,0.494934,-0.846887,0.219971,0.472937,-0.967871,0.175977,-0.461938,0.978870,0.087988,-0.340955,1.176843,0.164978,-0.230969,1.176843,106107,497712,-99,126,8229,-18,-3,-18,635
1780493825.817947,106111,497718,0x0FFF,0.461938,0.384949,-0.912878,0.296960,0.406946,-1.044861,0.142981,0.362952,-0.857886,0.318958,-0.604919,1.297827,0.076990,-0.274963,1.220837,-0.054993,-0.263965,1.176843,0.252966,0.340955,-1.022864,0.252966,0.373950,-0.802893,0.131982,0.472937,-0.857886,0.296960,-0.384949,1.044861,0.197974,-0.340955,1.187842,0.131982,-0.109985,1.165845,106110,497716,-105,111,8239,-16,-2,-19,637
1780493825.819913,106112,497720,0x0FFF,0.538928,0.318958,-0.989868,0.241968,0.571924,-0.967871,0.208972,0.351953,-0.945874,0.098987,-0.615918,1.231836,0.142981,-0.362952,1.209839,0.065991,-0.208972,1.264832,0.274963,0.274963,-1.000867,0.208972,0.351953,-0.813892,0.120984,0.494934,-0.923877,0.219971,-0.516931,0.912878,0.164978,-0.252966,1.077856,0.241968,-0.131982,1.209839,106110,497716,-105,111,8239,-16,-2,-19,637
1780493825.823178,106113,497722,0x0FFF,0.483936,0.450940,-1.033862,0.307959,0.417944,-1.044861,0.230969,0.340955,-0.879883,0.219971,-0.593921,1.121851,0.087988,-0.351953,1.198840,0.054993,-0.329956,1.231836,0.263965,0.285962,-0.989868,0.153979,0.461938,-0.846887,0.142981,0.417944,-1.022864,0.142981,-0.417944,0.912878,0.065991,-0.252966,1.132849,0.142981,-0.208972,1.143848,106110,497716,-105,111,8239,-16,-2,-19,637
1780493825.823935,106115,497724,0x0FFF,0.505933,0.296960,-0.945874,0.296960,0.384949,-0.967871,0.362952,0.351953,-0.857886,0.175977,-0.560925,1.253833,0.175977,-0.428943,1.187842,0.098987,-0.219971,1.308826,0.164978,0.318958,-0.901880,0.164978,0.362952,-0.824890,-0.021997,0.417944,-0.912878,0.175977,-0.384949,0.967871,0.208972,-0.318958,1.154846,0.120984,-0.219971,1.275830,106114,497722,-104,105,8232,-16,1,-16,638
1780493825.827272,106116,497726,0x0FFF,0.483936,0.219971,-0.857886,0.219971,0.549927,-0.945874,0.175977,0.318958,-0.879883,0.230969,-0.659912,1.286829,0.197974,-0.461938,1.165845,0.043994,-0.263965,1.297827,0.208972,0.208972,-1.000867,0.109985,0.439941,-0.824890,0.142981,0.472937,-0.857886,0.197974,-0.417944,0.934875,0.098987,-0.373950,1.198840,0.142981,-0.186975,1.220837,106114,497722,-104,105,8232,-16,1,-16,638
1780493825.829376,106118,497728,0x0FFF,0.384949,0.340955,-0.967871,0.329956,0.516931,-0.868884,0.230969,0.340955,-0.967871,0.208972,-0.670911,1.209839,0.032996,-0.373950,1.187842,0.076990,-0.197974,1.242834,0.252966,0.219971,-0.989868,0.153979,0.351953,-0.835889,0.054993,0.560925,-0.879883,0.186975,-0.483936,1.011865,0.109985,-0.164978,1.198840,0.142981,-0.164978,1.220837,106117,497727,-96,117,8225,-17,-3,-21,644
1780493825.831344,106119,497730,0x0FFF,0.472937,0.351953,-1.000867,0.373950,0.549927,-0.923877,0.340955,0.340955,-0.934875,0.285962,-0.692908,1.187842,0.120984,-0.439941,1.165845,0.065991,-0.296960,1.242834,0.164978,0.329956,-1.011865,0.197974,0.472937,-0.736902,0.142981,0.373950,-0.934875,0.109985,-0.461938,1.121851,0.065991,-0.230969,1.209839,0.164978,-0.263965,1.209839,106117,497727,-96,117,8225,-17,-3,-21,644
1780493825.833436,106120,497733,0x0FFF,0.362952,0.351953,-0.923877,0.274963,0.417944,-1.044861,0.219971,0.329956,-0.989868,0.175977,-0.538928,1.165845,0.109985,-0.384949,1.275830,0.076990,-0.274963,1.275830,0.109985,0.241968,-0.989868,0.054993,0.406946,-0.868884,0.131982,0.395947,-0.945874,0.263965,-0.384949,0.978870,0.087988,-0.285962,1.165845,0.164978,-0.098987,1.264832,106117,497727,-96,117,8225,-17,-3,-21,644
1780493825.835504,106122,497735,0x0FFF,0.417944,0.395947,-1.000867,0.351953,0.538928,-0.835889,0.241968,0.417944,-0.901880,0.296960,-0.560925,1.264832,0.076990,-0.351953,1.209839,-0.043994,-0.219971,1.308826,0.186975,0.285962,-0.923877,0.263965,0.417944,-0.846887,0.065991,0.549927,-0.758899,0.175977,-0.450940,0.879883,0.076990,-0.329956,1.121851,0.186975,-0.252966,1.132849,106121,497733,-114,113,8232,-14,-3,-18,638
1780493825.837609,106123,497737,0x0FFF,0.505933,0.318958,-1.022864,0.329956,0.483936,-0.923877,0.285962,0.219971,-0.901880,0.263965,-0.538928,1.242834,0.131982,-0.417944,1.121851,0.021997,-0.318958,1.275830,0.153979,0.428943,-0.989868,0.175977,0.395947,-0.835889,0.120984,0.494934,-0.978870,0.186975,-0.472937,1.132849,0.175977,-0.329956,1.154846,0.175977,-0.175977,1.187842,106121,497733,-114,113,8232,-14,-3,-18,638
1780493825.839632,106125,497739,0x0FFF,0.472937,0.318958,-1.033862,0.263965,0.329956,-0.978870,0.186975,0.318958,-0.934875,0.307959,-0.615918,1.264832,0.054993,-0.395947,1.209839,-0.032996,-0.340955,1.220837,0.153979,0.439941,-0.978870,0.186975,0.428943,-0.890881,0.219971,0.340955,-0.923877,0.164978,-0.450940,1.088855,0.076990,-0.384949,1.066858,0.197974,-0.153979,1.286829,106124,497737,-97,115,8238,-15,-1,-23,640
1780493825.841683,106126,497741,0x0FFF,0.428943,0.263965,-1.022864,0.274963,0.494934,-1.011865,0.186975,0.395947,-0.835889,0.318958,-0.670911,1.286829,0.032996,-0.362952,1.264832,0.032996,-0.274963,1.099854,0.274963,0.362952,-0.989868,0.175977,0.417944,-0.890881,0.109985,0.483936,-0.923877,0.208972,-0.351953,1.066858,0.109985,-0.428943,1.154846,0.087988,-0.219971,1.198840,106124,497737,-97,115,8238,-15,-1,-23,640
1780493825.843781,106128,497743,0x0FFF,0.428943,0.428943,-1.011865,0.208972,0.439941,-0.934875,0.307959,0.494934,-0.780896,0.252966,-0.604919,1.297827,0.109985,-0.362952,1.242834,0.076990,-0.296960,1.275830,0.164978,0.307959,-0.901880,0.252966,0.351953,-0.703906,0.032996,0.362952,-0.923877,0.252966,-0.439941,1.000867,0.098987,-0.329956,1.242834,0.153979,-0.241968,1.209839,106127,497741,-99,98,8258,-15,0,-23,628
1780493825.845813,106129,497745,0x0FFF,0.461938,0.274963,-0.791895,0.175977,0.461938,-0.824890,0.263965,0.285962,-0.868884,0.285962,-0.549927,1.132849,0.010999,-0.428943,1.209839,0.021997,-0.241968,1.264832,0.230969,0.197974,-0.945874,0.241968,0.439941,-0.857886,0.164978,0.549927,-1.000867,0.230969,-0.439941,0.934875,0.120984,-0.329956,1.088855,0.230969,-0.186975,1.176843,106127,497741,-99,98,8258,-15,0,-23,628
1780493825.847881,106130,497747,0x0FFF,0.461938,0.362952,-0.945874,0.450940,0.483936,-0.956873,0.274963,0.263965,-0.835889,0.351953,-0.615918,1.242834,0.087988,-0.318958,1.264832,0.098987,-0.252966,1.385815,0.120984,0.274963,-0.978870,0.142981,0.285962,-0.791895,0.120984,0.450940,-0.890881,0.252966,-0.538928,0.868884,0.087988,-0.307959,1.121851,0.208972,-0.219971,1.231836,106127,497741,-99,98,8258,-15,0,-23,628
1780493825.849920,106132,497749,0x0FFF,0.450940,0.285962,-0.989868,0.252966,0.461938,-0.857886,0.230969,0.340955,-0.912878,0.208972,-0.648914,1.264832,0.065991,-0.285962,1.330823,0.021997,-0.230969,1.297827,0.054993,0.329956,-0.989868,0.153979,0.406946,-0.868884,0.076990,0.461938,-0.989868,0.219971,-0.439941,1.066858,0.032996,-0.373950,1.154846,0.142981,-0.142981,1.176843,106131,497747,-92,107,8240,-13,0,-19,641
1780493825.851952,106133,497751,0x0FFF,0.417944,0.406946,-0.956873,0.362952,0.505933,-0.978870,0.120984,0.307959,-0.967871,0.340955,-0.560925,1.220837,-0.032996,-0.340955,1.209839,0.010999,-0.395947,1.297827,0.230969,0.153979,-0.967871,0.043994,0.395947,-0.802893,0.087988,0.505933,-0.967871,0.252966,-0.428943,1.000867,0.120984,-0.263965,1.143848,0.186975,-0.186975,1.253833,106131,497747,-92,107,8240,-13,0,-19,641
1780493825.853984,106135,497753,0x0FFF,0.406946,0.318958,-0.890881,0.186975,0.483936,-1.000867,0.252966,0.263965,-0.846887,0.296960,-0.626917,1.242834,0.186975,-0.351953,1.110852,-0.043994,-0.263965,1.330823,0.274963,0.318958,-1.022864,0.208972,0.428943,-0.945874,0.175977,0.406946,-0.956873,0.197974,-0.373950,0.967871,0.131982,-0.285962,1.132849,0.153979,-0.186975,1.198840,106134,497752,-93,117,8230,-14,-4,-21,626
1780493825.855957,106136,497755,0x0FFF,0.472937,0.395947,-0.956873,0.241968,0.505933,-0.780896,0.285962,0.329956,-0.879883,0.208972,-0.593921,1.319824,0.076990,-0.307959,1.231836,0.032996,-0.340955,1.352820,0.120984,0.428943,-1.011865,0.131982,0.362952,-0.923877,0.131982,0.373950,-1.055859,0.186975,-0.494934,0.967871,0.186975,-0.241968,1.198840,0.208972,-0.285962,1.198840,106134,497752,-93,117,8230,-14,-4,-21,626
1780493825.858005,106137,497758,0x0FFF,0.406946,0.395947,-1.055859,0.230969,0.483936,-0.802893,0.307959,0.450940,-0.989868,0.285962,-0.571924,1.253833,0.186975,-0.263965,1.264832,0.021997,-0.274963,1.209839,0.208972,0.406946,-1.022864,0.054993,0.373950,-0.758899,0.087988,0.384949,-0.824890,0.197974,-0.406946,0.978870,0.186975,-0.373950,1.121851,0.241968,-0.263965,1.165845,106134,497752,-93,117,8230,-14,-4,-21,626
1780493825.860058,106139,497760,0x0FFF,0.428943,0.318958,-1.066858,0.329956,0.494934,-0.923877,0.252966,0.428943,-0.890881,0.241968,-0.571924,1.264832,0.000000,-0.296960,1.253833,0.032996,-0.219971,1.330823,0.164978,0.340955,-1.066858,0.197974,0.340955,-0.813892,0.109985,0.373950,-0.945874,0.274963,-0.472937,0.967871,0.241968,-0.274963,1.077856,0.087988,-0.252966,1.198840,106138,497758,-100,110,8224,-17,-1,-20,638
1780493825.862120,106140,497762,0x0FFF,0.461938,0.362952,-0.901880,0.318958,0.483936,-0.879883,0.318958,0.362952,-1.000867,0.318958,-0.637915,1.231836,0.197974,-0.417944,1.220837,0.021997,-0.318958,1.143848,0.219971,0.329956,-1.066858,0.230969,0.516931,-0.758899,0.098987,0.505933,-1.044861,0.186975,-0.384949,1.000867,0.087988,-0.307959,1.099854,0.120984,-0.230969,1.231836,106138,497758,-100,110,8224,-17,-1,-20,638
1780493825.864148,106142,497764,0x0FFF,0.439941,0.285962,-0.857886,0.252966,0.527930,-0.956873,0.197974,0.351953,-0.824890,0.252966,-0.593921,1.198840,0.076990,-0.318958,1.154846,0.032996,-0.274963,1.176843,0.175977,0.340955,-1.011865,0.252966,0.417944,-0.901880,0.175977,0.351953,-1.000867,0.285962,-0.384949,0.956873,0.164978,-0.340955,1.077856,0.098987,-0.219971,1.165845,106141,497762,-97,117,8238,-14,-3,-21,630
1780493825.866158,106143,497766,0x0FFF,0.406946,0.461938,-0.956873,0.230969,0.428943,-0.945874,0.164978,0.362952,-0.912878,0.241968,-0.648914,1.308826,0.076990,-0.373950,1.242834,0.021997,-0.164978,1.308826,0.175977,0.373950,-0.967871,0.274963,0.384949,-0.813892,0.186975,0.483936,-0.923877,0.252966,-0.461938,0.956873,0.098987,-0.252966,1.209839,0.087988,-0.263965,1.264832,106141,497762,-97,117,8238,-14,-3,-21,630
1780493825.868491,106144,497768,0x0FFF,0.494934,0.373950,-0.989868,0.197974,0.461938,-0.890881,0.252966,0.439941,-0.945874,0.296960,-0.615918,1.187842,0.065991,-0.329956,1.198840,0.098987,-0.219971,1.352820,0.076990,0.406946,-1.022864,0.186975,0.505933,-0.879883,0.043994,0.439941,-0.879883,0.208972,-0.505933,1.033862,0.043994,-0.241968,1.121851,0.164978,-0.296960,1.121851,106141,497762,-97,117,8238,-14,-3,-21,630
1780493825.870528,106146,497770,0x0FFF,0.450940,0.439941,-0.912878,0.274963,0.494934,-1.033862,0.307959,0.285962,-0.967871,0.263965,-0.659912,1.220837,0.109985,-0.274963,1.209839,0.076990,-0.296960,1.231836,0.219971,0.252966,-1.044861,0.241968,0.538928,-0.835889,0.076990,0.505933,-0.945874,0.208972,-0.439941,1.022864,0.120984,-0.285962,1.066858,0.153979,-0.252966,1.110852,106145,497768,-101,118,8230,-17,-3,-22,632
1780493825.872567,106147,497772,0x0FFF,0.428943,0.307959,-0.967871,0.307959,0.538928,-1.000867,0.230969,0.362952,-0.978870,0.252966,-0.769897,1.143848,0.175977,-0.395947,1.209839,0.076990,-0.263965,1.165845,0.197974,0.384949,-0.923877,0.219971,0.439941,-0.846887,0.120984,0.395947,-0.978870,0.131982,-0.472937,1.033862,0.032996,-0.318958,1.176843,0.164978,-0.252966,1.209839,106145,497768,-101,118,8230,-17,-3,-22,632
1780493825.874618,106149,497774,0x0FFF,0.461938,0.296960,-0.857886,0.252966,0.527930,-0.857886,0.263965,0.373950,-0.912878,0.263965,-0.615918,1.220837,0.054993,-0.219971,1.176843,0.032996,-0.373950,1.264832,0.219971,0.241968,-0.978870,0.219971,0.307959,-0.813892,0.164978,0.472937,-0.923877,0.307959,-0.329956,0.923877,0.054993,-0.395947,1.033862,0.230969,-0.263965,1.209839,106148,497772,-99,107,8236,-16,-4,-20,638
1780493825.876691,106150,497776,0x0FFF,0.417944,0.362952,-0.989868,0.296960,0.527930,-0.967871,0.208972,0.252966,-0.934875,0.285962,-0.593921,1.264832,0.109985,-0.263965,1.275830,0.109985,-0.241968,1.253833,0.131982,0.318958,-0.934875,0.175977,0.307959,-0.868884,0.054993,0.483936,-0.967871,0.384949,-0.395947,0.923877,0.109985,-0.252966,1.132849,0.120984,-0.263965,1.209839,106148,497772,-99,107,8236,-16,-4,-20,638
1780493825.878721,106152,497778,0x0FFF,0.461938,0.318958,-0.978870,0.274963,0.472937,-0.890881,0.197974,0.373950,-0.923877,0.219971,-0.659912,1.231836,0.175977,-0.461938,1.220837,-0.021997,-0.296960,1.275830,0.153979,0.219971,-1.000867,0.208972,0.494934,-0.879883,0.032996,0.395947,-1.011865,0.219971,-0.450940,0.989868,0.065991,-0.351953,1.264832,0.120984,-0.153979,1.231836,106151,497777,-102,110,8234,-13,2,-19,637
1780493825.880711,106153,497780,0x0FFF,0.362952,0.296960,-0.846887,0.241968,0.461938,-0.978870,0.285962,0.329956,-0.890881,0.329956,-0.659912,1.220837,0.065991,-0.395947,1.143848,0.000000,-0.274963,1.275830,0.252966,0.340955,-0.945874,0.087988,0.406946,-0.923877,0.098987,0.439941,-0.956873,0.197974,-0.373950,0.934875,0.109985,-0.329956,1.110852,0.252966,-0.175977,1.209839,106151,497777,-102,110,8234,-13,2,-19,637
1780493825.882782,106154,497783,0x0FFF,0.406946,0.340955,-1.011865,0.274963,0.450940,-0.956873,0.307959,0.329956,-0.890881,0.373950,-0.670911,1.121851,0.153979,-0.373950,1.231836,0.021997,-0.384949,1.363818,0.274963,0.384949,-1.011865,0.109985,0.362952,-0.791895,0.043994,0.461938,-0.945874,0.274963,-0.329956,1.044861,0.175977,-0.296960,1.099854,0.076990,-0.230969,1.231836,106151,497777,-102,110,8234,-13,2,-19,637
1780493825.884847,106156,497785,0x0FFF,0.549927,0.296960,-1.088855,0.307959,0.560925,-0.912878,0.219971,0.285962,-0.747900,0.307959,-0.659912,1.253833,0.153979,-0.439941,1.253833,0.032996,-0.340955,1.396814,0.219971,0.219971,-1.011865,0.230969,0.351953,-0.835889,0.230969,0.461938,-0.912878,0.197974,-0.461938,1.055859,0.142981,-0.318958,1.077856,0.186975,-0.252966,1.209839,106155,497783,-100,112,8239,-19,-4,-23,631
1780493825.886914,106157,497787,0x0FFF,0.406946,0.450940,-1.132849,0.274963,0.461938,-0.791895,0.274963,0.384949,-0.934875,0.263965,-0.538928,1.209839,0.120984,-0.263965,1.242834,0.043994,-0.296960,1.297827,0.274963,0.219971,-1.011865,0.153979,0.373950,-0.747900,0.153979,0.417944,-0.923877,0.263965,-0.483936,0.923877,0.076990,-0.307959,1.264832,0.197974,-0.219971,1.176843,106155,497783,-100,112,8239,-19,-4,-23,631
1780493825.888928,106159,497789,0x0FFF,0.450940,0.384949,-1.033862,0.340955,0.472937,-0.923877,0.252966,0.274963,-0.802893,0.241968,-0.659912,1.220837,0.142981,-0.351953,1.253833,-0.043994,-0.263965,1.253833,0.318958,0.318958,-0.989868,0.131982,0.461938,-0.857886,0.131982,0.406946,-0.978870,0.241968,-0.417944,1.000867,0.021997,-0.285962,1.132849,0.164978,-0.175977,1.242834,106158,497787,-92,103,8240,-20,-3,-22,631
1780493825.890913,106160,497791,0x0FFF,0.527930,0.494934,-0.978870,0.362952,0.494934,-0.945874,0.274963,0.175977,-0.879883,0.296960,-0.527930,1.264832,0.076990,-0.362952,1.275830,0.010999,-0.241968,1.154846,0.241968,0.329956,-1.033862,0.153979,0.549927,-0.824890,0.054993,0.538928,-1.011865,0.186975,-0.362952,0.956873,0.098987,-0.362952,1.077856,0.296960,-0.131982,1.187842,106158,497787,-92,103,8240,-20,-3,-22,631
1780493825.892888,106161,497793,0x0FFF,0.362952,0.318958,-0.989868,0.263965,0.505933,-1.000867,0.153979,0.362952,-0.879883,0.208972,-0.648914,1.187842,0.043994,-0.439941,1.253833,0.076990,-0.362952,1.363818,0.263965,0.406946,-0.967871,0.076990,0.428943,-0.835889,0.120984,0.516931,-1.011865,0.274963,-0.527930,1.033862,0.000000,-0.340955,1.077856,0.197974,-0.153979,1.198840,106158,497787,-92,103,8240,-20,-3,-22,631
1780493825.895016,106163,497795,0x0FFF,0.439941,0.318958,-0.923877,0.263965,0.472937,-1.011865,0.307959,0.362952,-0.846887,0.252966,-0.615918,1.187842,0.065991,-0.450940,1.264832,-0.032996,-0.252966,1.154846,0.296960,0.318958,-0.923877,0.252966,0.439941,-0.835889,0.065991,0.428943,-0.956873,0.340955,-0.538928,0.945874,0.087988,-0.351953,1.176843,0.175977,-0.197974,1.220837,106162,497793,-93,110,8236,-15,-2,-21,636
1780493825.896996,106164,497797,0x0FFF,0.472937,0.340955,-0.934875,0.318958,0.538928,-0.912878,0.208972,0.373950,-0.846887,0.186975,-0.571924,1.308826,0.120984,-0.417944,1.198840,0.054993,-0.197974,1.220837,0.208972,0.197974,-0.923877,0.252966,0.461938,-0.846887,0.131982,0.384949,-0.989868,0.219971,-0.428943,1.022864,0.076990,-0.296960,1.165845,0.197974,-0.175977,1.242834,106162,497793,-93,110,8236,-15,-2,-21,636
1780493825.899199,106166,497799,0x0FFF,0.373950,0.373950,-1.033862,0.263965,0.450940,-1.055859,0.219971,0.428943,-0.835889,0.241968,-0.593921,1.242834,0.098987,-0.340955,1.275830,0.087988,-0.263965,1.374817,0.197974,0.351953,-1.022864,0.197974,0.428943,-0.835889,0.032996,0.472937,-0.912878,0.208972,-0.472937,0.934875,0.098987,-0.285962,1.132849,0.142981,-0.230969,1.198840,106165,497797,-89,117,8240,-16,-2,-20,641
1780493825.901175,106167,497801,0x0FFF,0.483936,0.208972,-0.989868,0.318958,0.494934,-0.912878,0.296960,0.340955,-0.868884,0.263965,-0.593921,1.275830,0.098987,-0.340955,1.231836,-0.021997,-0.296960,1.341821,0.208972,0.406946,-0.989868,0.230969,0.340955,-0.890881,0.142981,0.417944,-0.912878,0.142981,-0.406946,0.890881,0.054993,-0.362952,1.198840,0.120984,-0.186975,1.253833,106165,497797,-89,117,8240,-16,-2,-20,641
1780493825.903223,106169,497803,0x0FFF,0.527930,0.417944,-1.011865,0.329956,0.604919,-0.890881,0.230969,0.373950,-0.912878,0.054993,-0.538928,1.209839,0.098987,-0.384949,1.231836,-0.021997,-0.241968,1.286829,0.175977,0.384949,-0.967871,0.197974,0.362952,-0.824890,0.087988,0.428943,-0.901880,0.241968,-0.395947,0.967871,0.087988,-0.340955,1.110852,0.153979,-0.208972,1.143848,106168,497802,-101,113,8240,-17,-2,-19,636
1780493825.906460,106170,497805,0x0FFF,0.395947,0.362952,-1.066858,0.340955,0.428943,-0.923877,0.373950,0.252966,-0.956873,0.263965,-0.659912,1.220837,0.076990,-0.285962,1.231836,0.087988,-0.395947,1.297827,0.307959,0.307959,-0.945874,0.197974,0.428943,-0.736902,0.131982,0.318958,-0.978870,0.197974,-0.428943,0.989868,0.065991,-0.351953,1.121851,0.197974,-0.164978,1.154846,106168,497802,-101,113,8240,-17,-2,-19,636
1780493825.908586,106171,497808,0x0FFF,0.417944,0.417944,-0.923877,0.274963,0.439941,-0.956873,0.274963,0.307959,-0.879883,0.329956,-0.604919,1.209839,0.043994,-0.351953,1.242834,0.131982,-0.285962,1.286829,0.230969,0.252966,-1.022864,0.175977,0.417944,-0.846887,0.164978,0.417944,-0.824890,0.307959,-0.505933,1.011865,0.087988,-0.318958,1.099854,0.230969,-0.186975,1.187842,106168,497802,-101,113,8240,-17,-2,-19,636
1780493825.909343,106173,497810,0x0FFF,0.483936,0.318958,-1.077856,0.340955,0.582922,-0.868884,0.318958,0.384949,-1.011865,0.230969,-0.571924,1.286829,0.043994,-0.395947,1.231836,0.076990,-0.285962,1.231836,0.307959,0.252966,-0.868884,0.164978,0.406946,-0.791895,0.109985,0.450940,-0.802893,0.175977,-0.549927,0.978870,0.076990,-0.417944,1.110852,0.186975,-0.175977,1.242834,106172,497808,-103,110,8241,-14,-2,-20,642
1780493825.912542,106174,497812,0x0FFF,0.362952,0.274963,-1.110852,0.285962,0.428943,-0.978870,0.285962,0.450940,-0.912878,0.263965,-0.670911,1.198840,0.054993,-0.252966,1.220837,-0.043994,-0.274963,1.418811,0.164978,0.296960,-0.857886,0.285962,0.439941,-0.846887,0.109985,0.439941,-0.879883,0.230969,-0.406946,0.901880,0.252966,-0.384949,1.110852,0.208972,-0.131982,1.209839,106172,497808,-103,110,8241,-14,-2,-20,642
1780493825.914639,106176,497814,0x0FFF,0.461938,0.395947,-1.022864,0.285962,0.406946,-0.868884,0.197974,0.362952,-0.967871,0.263965,-0.516931,1.297827,0.065991,-0.351953,1.275830,0.131982,-0.164978,1.308826,0.120984,0.296960,-1.055859,0.208972,0.461938,-0.835889,0.131982,0.417944,-1.000867,0.153979,-0.450940,1.154846,0.076990,-0.263965,1.198840,0.186975,-0.241968,1.242834,106175,497812,-92,117,8238,-17,1,-19,644
1780493825.916692,106177,497816,0x0FFF,0.483936,0.351953,-1.011865,0.197974,0.516931,-0.956873,0.252966,0.351953,-0.923877,0.219971,-0.648914,1.198840,0.120984,-0.406946,1.253833,0.000000,-0.230969,1.396814,0.252966,0.340955,-0.967871,0.186975,0.406946,-0.725903,0.142981,0.428943,-1.033862,0.131982,-0.384949,1.011865,0.032996,-0.351953,1.187842,0.241968,-0.241968,1.297827,106175,497812,-92,117,8238,-17,1,-19,644
1780493825.918784,106178,497818,0x0FFF,0.483936,0.395947,-0.989868,0.296960,0.362952,-0.868884,0.098987,0.351953,-0.989868,0.296960,-0.593921,1.275830,0.054993,-0.340955,1.275830,0.000000,-0.241968,1.286829,0.109985,0.307959,-0.934875,0.153979,0.362952,-0.747900,0.076990,0.395947,-0.934875,0.153979,-0.406946,1.022864,0.076990,-0.417944,1.132849,0.142981,-0.164978,1.132849,106175,497812,-92,117,8238,-17,1,-19,644
1780493825.920883,106180,497820,0x0FFF,0.560925,0.329956,-0.978870,0.274963,0.538928,-0.934875,0.098987,0.351953,-0.879883,0.307959,-0.670911,1.253833,0.120984,-0.351953,1.176843,-0.021997,-0.263965,1.308826,0.197974,0.296960,-1.044861,0.153979,0.406946,-0.879883,0.153979,0.472937,-0.967871,0.197974,-0.472937,0.989868,0.142981,-0.351953,1.165845,0.098987,-0.318958,1.264832,106179,497818,-100,105,8226,-17,-3,-17,638
1780493825.923001,106181,497822,0x0FFF,0.472937,0.285962,-1.000867,0.351953,0.538928,-0.945874,0.197974,0.340955,-0.890881,0.175977,-0.582922,1.242834,0.043994,-0.373950,1.242834,-0.065991,-0.241968,1.341821,0.197974,0.318958,-0.967871,0.241968,0.461938,-0.857886,0.197974,0.549927,-0.912878,0.142981,-0.461938,1.044861,0.109985,-0.263965,1.231836,0.164978,-0.175977,1.198840,106179,497818,-100,105,8226,-17,-3,-17,638
1780493825.925148,106183,497824,0x0FFF,0.516931,0.461938,-1.022864,0.439941,0.527930,-0.934875,0.230969,0.384949,-0.824890,0.252966,-0.648914,1.330823,0.098987,-0.373950,1.253833,0.054993,-0.274963,1.341821,0.131982,0.285962,-1.055859,0.186975,0.406946,-0.879883,0.098987,0.428943,-1.000867,0.318958,-0.450940,0.945874,0.076990,-0.362952,1.187842,0.186975,-0.263965,1.242834,106182,497822,-104,106,8237,-17,-1,-20,638
1780493825.927252,106184,497826,0x0FFF,0.417944,0.395947,-1.011865,0.373950,0.362952,-1.011865,0.241968,0.351953,-0.934875,0.197974,-0.692908,1.132849,0.186975,-0.208972,1.209839,0.021997,-0.318958,1.231836,0.274963,0.340955,-0.945874,0.175977,0.406946,-0.857886,0.153979,0.351953,-0.912878,0.142981,-0.494934,0.978870,0.175977,-0.263965,1.132849,0.175977,-0.263965,1.264832,106182,497822,-104,106,8237,-17,-1,-20,638
1780493825.929333,106186,497828,0x0FFF,0.472937,0.461938,-0.868884,0.274963,0.549927,-0.923877,0.241968,0.395947,-0.879883,0.274963,-0.538928,1.286829,0.131982,-0.384949,1.187842,0.087988,-0.285962,1.297827,0.098987,0.373950,-0.956873,0.164978,0.395947,-0.791895,0.186975,0.417944,-0.934875,0.186975,-0.505933,0.923877,0.164978,-0.274963,1.132849,0.076990,-0.252966,1.077856,106185,497827,-97,119,8238,-16,-1,-20,640
1780493825.931273,106187,497830,0x0FFF,0.395947,0.362952,-0.879883,0.263965,0.582922,-0.890881,0.318958,0.329956,-0.934875,0.296960,-0.582922,1.209839,0.032996,-0.373950,1.264832,0.076990,-0.340955,1.374817,0.263965,0.439941,-1.033862,0.164978,0.417944,-0.802893,0.142981,0.483936,-0.890881,0.285962,-0.472937,0.945874,0.109985,-0.241968,1.132849,0.120984,-0.076990,1.220837,106185,497827,-97,119,8238,-16,-1,-20,640
1780493825.933328,106188,497833,0x0FFF,0.417944,0.285962,-1.000867,0.307959,0.450940,-0.934875,0.285962,0.395947,-0.934875,0.219971,-0.593921,1.176843,0.109985,-0.274963,1.253833,0.065991,-0.252966,1.319824,0.208972,0.351953,-0.989868,0.208972,0.274963,-0.835889,0.120984,0.362952,-0.923877,0.153979,-0.538928,0.956873,0.043994,-0.318958,1.121851,0.219971,-0.208972,1.143848,106185,497827,-97,119,8238,-16,-1,-20,640
1780493825.935341,106190,497835,0x0FFF,0.417944,0.549927,-1.022864,0.230969,0.505933,-0.901880,0.285962,0.395947,-0.923877,0.219971,-0.648914,1.143848,0.065991,-0.384949,1.209839,-0.010999,-0.274963,1.264832,0.208972,0.263965,-0.956873,0.241968,0.384949,-0.846887,0.153979,0.439941,-1.011865,0.296960,-0.395947,1.022864,0.131982,-0.296960,1.220837,0.175977,-0.252966,1.055859,106189,497833,-107,105,8247,-16,-3,-22,636
1780493825.937387,106191,497837,0x0FFF,0.450940,0.395947,-0.923877,0.351953,0.483936,-1.011865,0.120984,0.351953,-0.857886,0.296960,-0.692908,1.143848,0.076990,-0.329956,1.286829,-0.010999,-0.296960,1.275830,0.241968,0.274963,-0.879883,0.131982,0.417944,-0.791895,0.021997,0.351953,-1.022864,0.296960,-0.384949,1.066858,0.021997,-0.351953,1.209839,0.164978,-0.197974,1.231836,106189,497833,-107,105,8247,-16,-3,-22,636
1780493825.939373,106193,497839,0x0FFF,0.439941,0.362952,-0.824890,0.241968,0.351953,-0.901880,0.186975,0.351953,-0.923877,0.285962,-0.582922,1.176843,0.109985,-0.373950,1.242834,0.065991,-0.285962,1.286829,0.274963,0.230969,-0.945874,0.274963,0.362952,-0.813892,0.065991,0.472937,-0.945874,0.230969,-0.351953,1.066858,0.021997,-0.351953,1.176843,0.208972,-0.197974,1.099854,106192,497837,-105,119,8239,-16,-3,-21,634
1780493825.941393,106194,497841,0x0FFF,0.472937,0.373950,-1.011865,0.340955,0.472937,-0.912878,0.153979,0.329956,-0.846887,0.285962,-0.549927,1.275830,0.098987,-0.362952,1.253833,0.109985,-0.186975,1.341821,0.164978,0.373950,-0.824890,0.219971,0.263965,-0.780896,0.054993,0.406946,-1.066858,0.241968,-0.428943,0.934875,0.098987,-0.340955,1.165845,0.175977,-0.021997,1.209839,106192,497837,-105,119,8239,-16,-3,-21,634
1780493825.943404,106195,497843,0x0FFF,0.450940,0.417944,-0.956873,0.285962,0.516931,-0.967871,0.241968,0.362952,-0.934875,0.318958,-0.681909,1.242834,0.054993,-0.362952,1.121851,0.000000,-0.219971,1.242834,0.230969,0.417944,-0.967871,0.131982,0.373950,-0.736902,0.087988,0.373950,-1.033862,0.197974,-0.538928,0.835889,0.109985,-0.274963,1.099854,0.142981,-0.109985,1.253833,106192,497837,-105,119,8239,-16,-3,-21,634
1780493825.945471,106197,497845,0x0FFF,0.461938,0.285962,-0.967871,0.230969,0.428943,-0.901880,0.164978,0.208972,-0.802893,0.230969,-0.626917,1.121851,0.219971,-0.274963,1.297827,0.065991,-0.219971,1.330823,0.098987,0.362952,-0.989868,0.087988,0.362952,-0.868884,0.164978,0.417944,-0.945874,0.252966,-0.483936,1.022864,0.076990,-0.384949,1.055859,0.208972,-0.208972,1.121851,106196,497843,-91,117,8234,-16,1,-17,630
1780493825.947426,106198,497847,0x0FFF,0.395947,0.351953,-0.901880,0.340955,0.582922,-0.967871,0.252966,0.230969,-0.967871,0.120984,-0.549927,1.242834,0.043994,-0.318958,1.297827,0.087988,-0.307959,1.275830,0.186975,0.263965,-0.945874,0.131982,0.362952,-0.813892,0.109985,0.439941,-0.868884,0.230969,-0.428943,0.989868,0.164978,-0.373950,1.033862,0.219971,-0.131982,1.077856,106196,497843,-91,117,8234,-16,1,-17,630
1780493825.949435,106200,497849,0x0FFF,0.384949,0.384949,-0.967871,0.340955,0.483936,-0.934875,0.219971,0.296960,-0.934875,0.241968,-0.670911,1.143848,0.175977,-0.406946,1.165845,0.054993,-0.296960,1.264832,0.230969,0.296960,-0.868884,0.219971,0.395947,-0.791895,0.021997,0.373950,-0.967871,0.175977,-0.483936,1.022864,0.120984,-0.252966,1.077856,0.208972,-0.252966,1.143848,106199,497847,-84,109,8237,-18,-3,-19,622
1780493825.951333,106201,497851,0x0FFF,0.494934,0.461938,-0.912878,0.362952,0.494934,-0.846887,0.186975,0.296960,-0.912878,0.208972,-0.582922,1.330823,0.065991,-0.395947,1.176843,-0.054993,-0.197974,1.220837,0.142981,0.329956,-1.011865,0.131982,0.439941,-0.758899,0.098987,0.560925,-0.868884,0.241968,-0.417944,0.890881,0.109985,-0.263965,1.198840,0.131982,-0.219971,1.209839,106199,497847,-84,109,8237,-18,-3,-19,622
1780493825.953501,106203,497853,0x0FFF,0.516931,0.395947,-0.912878,0.329956,0.461938,-0.868884,0.241968,0.274963,-0.978870,0.285962,-0.659912,1.297827,0.109985,-0.351953,1.242834,0.098987,-0.230969,1.352820,0.230969,0.263965,-1.011865,0.164978,0.340955,-0.813892,0.131982,0.395947,-0.879883,0.197974,-0.285962,1.066858,0.197974,-0.307959,1.121851,0.186975,-0.197974,1.198840,106202,497852,-94,113,8236,-18,-2,-22,643
1780493825.955353,106204,497855,0x0FFF,0.373950,0.329956,-0.978870,0.252966,0.428943,-0.978870,0.197974,0.395947,-0.967871,0.307959,-0.615918,1.363818,0.153979,-0.296960,1.253833,-0.065991,-0.230969,1.363818,0.197974,0.054993,-0.945874,0.263965,0.494934,-0.824890,0.219971,0.384949,-0.934875,0.285962,-0.505933,0.989868,0.153979,-0.296960,1.242834,0.230969,-0.274963,1.176843,106202,497852,-94,113,8236,-18,-2,-22,643
1780493825.958537,106205,497858,0x0FFF,0.439941,0.230969,-0.934875,0.197974,0.483936,-0.879883,0.384949,0.318958,-0.835889,0.373950,-0.670911,1.220837,0.120984,-0.384949,1.242834,-0.043994,-0.230969,1.242834,0.197974,0.428943,-1.000867,0.197974,0.417944,-0.912878,0.032996,0.461938,-0.923877,0.252966,-0.483936,0.967871,0.153979,-0.351953,1.099854,0.186975,-0.197974,1.220837,106202,497852,-94,113,8236,-18,-2,-22,643
1780493825.960592,106207,497860,0x0FFF,0.461938,0.472937,-1.000867,0.208972,0.472937,-0.956873,0.241968,0.406946,-0.967871,0.263965,-0.703906,1.308826,0.087988,-0.274963,1.198840,-0.065991,-0.263965,1.286829,0.197974,0.362952,-0.912878,0.241968,0.472937,-0.835889,0.054993,0.373950,-0.945874,0.307959,-0.329956,1.044861,0.142981,-0.373950,1.066858,0.186975,-0.098987,1.176843,106206,497858,-100,109,8241,-16,-4,-19,636
1780493825.962697,106208,497862,0x0FFF,0.417944,0.406946,-0.945874,0.351953,0.483936,-0.890881,0.219971,0.439941,-0.835889,0.175977,-0.648914,1.220837,0.109985,-0.186975,1.187842,-0.043994,-0.263965,1.330823,0.263965,0.384949,-0.989868,0.307959,0.417944,-0.791895,0.032996,0.296960,-0.912878,0.274963,-0.417944,1.000867,0.054993,-0.340955,1.176843,0.186975,-0.186975,1.209839,106206,497858,-100,109,8241,-16,-4,-19,636
1780493825.963480,106210,497864,0x0FFF,0.483936,0.395947,-0.978870,0.263965,0.461938,-0.879883,0.263965,0.384949,-0.967871,0.263965,-0.560925,1.099854,0.043994,-0.384949,1.198840,0.076990,-0.285962,1.286829,0.241968,0.230969,-0.846887,0.230969,0.373950,-0.791895,0.153979,0.395947,-0.846887,0.164978,-0.428943,0.934875,0.241968,-0.395947,1.264832,0.142981,-0.197974,1.154846,106209,497862,-95,125,8227,-17,-4,-22,628
1780493825.966628,106211,497866,0x0FFF,0.395947,0.384949,-1.000867,0.318958,0.527930,-0.934875,0.230969,0.296960,-0.912878,0.241968,-0.604919,1.253833,0.087988,-0.241968,1.242834,0.109985,-0.230969,1.341821,0.175977,0.351953,-1.000867,0.296960,0.604919,-0.835889,0.142981,0.461938,-0.868884,0.285962,-0.406946,1.022864,0.142981,-0.329956,1.308826,0.164978,-0.186975,1.242834,106209,497862,-95,125,8227,-17,-4,-22,628
1780493825.968684,106212,497868,0x0FFF,0.351953,0.340955,-0.912878,0.230969,0.549927,-0.934875,0.274963,0.417944,-0.923877,0.186975,-0.659912,1.242834,0.109985,-0.252966,1.253833,0.010999,-0.241968,1.286829,0.153979,0.428943,-0.956873,0.186975,0.340955,-0.890881,0.175977,0.461938,-1.033862,0.164978,-0.450940,0.956873,0.065991,-0.274963,1.176843,0.252966,-0.285962,1.088855,106209,497862,-95,125,8227,-17,-4,-22,628
1780493825.970765,106214,497870,0x0FFF,0.384949,0.329956,-0.923877,0.340955,0.538928,-0.934875,0.208972,0.252966,-0.857886,0.329956,-0.549927,1.297827,0.164978,-0.307959,1.242834,0.087988,-0.263965,1.286829,0.164978,0.329956,-0.978870,0.208972,0.362952,-0.879883,0.131982,0.329956,-0.868884,0.153979,-0.384949,0.923877,0.098987,-0.318958,1.231836,0.131982,-0.076990,1.198840,106213,497868,-94,112,8235,-14,-2,-23,642
1780493825.972849,106215,497872,0x0FFF,0.571924,0.351953,-0.956873,0.329956,0.571924,-0.989868,0.296960,0.428943,-0.780896,0.252966,-0.648914,1.341821,-0.065991,-0.307959,1.198840,-0.098987,-0.296960,1.341821,0.164978,0.428943,-0.978870,0.087988,0.406946,-0.791895,0.164978,0.340955,-0.901880,0.274963,-0.439941,1.077856,0.109985,-0.307959,1.121851,0.131982,-0.263965,1.198840,106213,497868,-94,112,8235,-14,-2,-23,642
1780493825.974926,106217,497874,0x0FFF,0.516931,0.373950,-1.077856,0.307959,0.560925,-0.879883,0.274963,0.274963,-0.934875,0.274963,-0.571924,1.154846,0.087988,-0.428943,1.275830,0.021997,-0.318958,1.308826,0.241968,0.318958,-0.945874,0.230969,0.439941,-0.747900,0.164978,0.505933,-0.923877,0.274963,-0.494934,0.978870,0.131982,-0.329956,1.220837,0.076990,-0.175977,1.253833,106216,497872,-89,117,8235,-16,-1,-22,631
1780493825.976384,106218,497876,0x0FFF,0.428943,0.274963,-1.077856,0.318958,0.450940,-0.912878,0.263965,0.329956,-0.945874,0.175977,-0.692908,1.209839,0.142981,-0.417944,1.220837,0.000000,-0.230969,1.308826,0.208972,0.219971,-0.989868,0.164978,0.340955,-0.703906,0.142981,0.384949,-0.912878,0.285962,-0.505933,1.000867,0.120984,-0.373950,1.198840,0.153979,-0.120984,1.242834,106216,497872,-89,117,8235,-16,-1,-22,631
1780493825.977754,106219,497878,0x0FFF,0.516931,0.252966,-1.011865,0.362952,0.450940,-0.923877,0.296960,0.450940,-0.857886,0.164978,-0.670911,1.209839,0.098987,-0.384949,1.198840,-0.032996,-0.285962,1.407812,0.362952,0.296960,-1.000867,0.186975,0.483936,-0.868884,0.208972,0.483936,-0.890881,0.164978,-0.417944,0.912878,0.098987,-0.318958,1.176843,0.109985,-0.164978,1.143848,106216,497872,-89,117,8235,-16,-1,-22,631
1780493825.980276,106221,497880,0x0FFF,0.450940,0.384949,-1.055859,0.384949,0.461938,-0.890881,0.241968,0.461938,-0.934875,0.175977,-0.637915,1.209839,0.043994,-0.362952,1.198840,-0.043994,-0.219971,1.231836,0.142981,0.285962,-0.934875,0.208972,0.362952,-0.846887,0.120984,0.527930,-0.923877,0.142981,-0.406946,1.011865,0.186975,-0.274963,1.176843,0.208972,-0.219971,1.143848,106220,497879,-93,112,8238,-18,-4,-23,628
1780493825.982688,106222,497883,0x0FFF,0.472937,0.329956,-1.088855,0.285962,0.439941,-0.967871,0.241968,0.450940,-0.923877,0.285962,-0.648914,1.286829,0.131982,-0.307959,1.275830,0.032996,-0.208972,1.429810,0.186975,0.340955,-0.923877,0.098987,0.373950,-0.879883,0.065991,0.406946,-0.824890,0.252966,-0.593921,0.890881,0.142981,-0.318958,1.121851,0.153979,-0.186975,1.198840,106220,497879,-93,112,8238,-18,-4,-23,628
1780493825.984077,106224,497885,0x0FFF,0.450940,0.373950,-0.989868,0.241968,0.439941,-0.868884,0.263965,0.384949,-0.802893,0.274963,-0.527930,1.275830,0.164978,-0.307959,1.308826,0.065991,-0.285962,1.286829,0.252966,0.274963,-0.978870,0.208972,0.373950,-0.813892,0.197974,0.362952,-0.945874,0.175977,-0.461938,0.989868,0.120984,-0.329956,1.121851,0.032996,-0.197974,1.154846,106223,497883,-96,105,8241,-16,0,-23,639
1780493825.986579,106225,497887,0x0FFF,0.505933,0.329956,-1.055859,0.285962,0.417944,-0.890881,0.142981,0.395947,-0.956873,0.175977,-0.538928,1.209839,0.142981,-0.263965,1.242834,0.054993,-0.373950,1.275830,0.164978,0.340955,-0.945874,0.109985,0.340955,-0.890881,0.120984,0.362952,-0.978870,0.175977,-0.406946,1.055859,0.076990,-0.307959,1.154846,0.186975,-0.142981,1.165845,106223,497883,-96,105,8241,-16,0,-23,639
1780493825.989068,106227,497889,0x0FFF,0.483936,0.340955,-1.022864,0.274963,0.560925,-0.912878,0.131982,0.329956,-0.890881,0.208972,-0.560925,1.187842,0.109985,-0.373950,1.154846,0.010999,-0.208972,1.286829,0.175977,0.406946,-0.989868,0.252966,0.318958,-0.879883,0.043994,0.384949,-0.846887,0.131982,-0.516931,1.044861,0.010999,-0.373950,1.121851,0.131982,-0.208972,1.297827,106226,497887,-99,108,8232,-15,-1,-23,638
1780493825.990436,106228,497891,0x0FFF,0.450940,0.373950,-1.055859,0.263965,0.439941,-0.912878,0.219971,0.318958,-1.011865,0.230969,-0.593921,1.154846,0.098987,-0.208972,1.242834,-0.010999,-0.307959,1.165845,0.153979,0.252966,-1.121851,0.109985,0.483936,-0.802893,0.087988,0.538928,-0.945874,0.164978,-0.450940,1.000867,0.120984,-0.417944,1.088855,0.263965,-0.219971,1.132849,106226,497887,-99,108,8232,-15,-1,-23,638
1780493825.992938,106229,497893,0x0FFF,0.439941,0.318958,-1.044861,0.318958,0.461938,-0.868884,0.241968,0.395947,-0.934875,0.230969,-0.692908,1.187842,0.131982,-0.373950,1.220837,0.000000,-0.274963,1.363818,0.175977,0.285962,-0.967871,0.197974,0.406946,-0.846887,0.087988,0.384949,-0.923877,0.274963,-0.483936,1.066858,0.087988,-0.329956,1.165845,0.241968,-0.197974,1.187842,106226,497887,-99,108,8232,-15,-1,-23,638
1780493825.995437,106231,497895,0x0FFF,0.384949,0.329956,-0.978870,0.197974,0.527930,-0.923877,0.252966,0.373950,-0.923877,0.197974,-0.615918,1.198840,0.175977,-0.384949,1.176843,0.032996,-0.307959,1.286829,0.164978,0.428943,-0.967871,0.208972,0.417944,-0.868884,0.208972,0.373950,-0.989868,0.142981,-0.362952,0.956873,0.197974,-0.340955,1.143848,0.120984,-0.175977,1.209839,106230,497893,-103,112,8237,-17,-2,-21,641
1780493825.996814,106232,497897,0x0FFF,0.340955,0.373950,-0.868884,0.285962,0.472937,-0.967871,0.142981,0.296960,-0.912878,0.307959,-0.560925,1.154846,0.076990,-0.340955,1.319824,0.021997,-0.263965,1.286829,0.164978,0.307959,-0.945874,0.285962,0.461938,-0.835889,0.142981,0.527930,-0.890881,0.186975,-0.472937,0.956873,0.109985,-0.318958,1.088855,0.219971,-0.164978,1.209839,106230,497893,-103,112,8237,-17,-2,-21,641
1780493825.999300,106234,497899,0x0FFF,0.384949,0.285962,-0.978870,0.197974,0.505933,-1.000867,0.164978,0.307959,-0.967871,0.329956,-0.648914,1.385815,0.109985,-0.362952,1.341821,-0.065991,-0.230969,1.330823,0.197974,0.274963,-0.967871,0.274963,0.395947,-0.791895,0.252966,0.395947,-0.956873,0.120984,-0.406946,1.121851,0.076990,-0.362952,1.143848,0.230969,-0.285962,1.209839,106233,497897,-99,128,8238,-15,-5,-20,642
1780493826.001641,106235,497901,0x0FFF,0.450940,0.340955,-0.967871,0.285962,0.505933,-0.835889,0.252966,0.395947,-0.934875,0.318958,-0.593921,1.275830,0.000000,-0.230969,1.143848,0.087988,-0.197974,1.209839,0.175977,0.241968,-1.022864,0.241968,0.351953,-0.780896,0.087988,0.472937,-1.022864,0.109985,-0.483936,0.824890,0.076990,-0.340955,1.154846,0.175977,-0.175977,1.121851,106233,497897,-99,128,8238,-15,-5,-20,642
1780493826.002975,106236,497903,0x0FFF,0.538928,0.252966,-1.033862,0.406946,0.505933,-0.956873,0.219971,0.384949,-1.011865,0.263965,-0.560925,1.231836,0.076990,-0.351953,1.187842,0.054993,-0.329956,1.286829,0.241968,0.263965,-0.945874,0.241968,0.417944,-0.725903,0.142981,0.384949,-0.923877,0.241968,-0.483936,0.901880,0.076990,-0.340955,1.132849,0.164978,-0.120984,1.264832,106233,497897,-99,128,8238,-15,-5,-20,642
1780493826.005325,106238,497905,0x0FFF,0.450940,0.307959,-0.956873,0.296960,0.461938,-0.956873,0.252966,0.318958,-0.868884,0.252966,-0.560925,1.165845,0.120984,-0.450940,1.176843,0.054993,-0.241968,1.297827,0.219971,0.351953,-0.923877,0.252966,0.494934,-0.802893,0.131982,0.395947,-1.011865,0.263965,-0.571924,1.066858,0.197974,-0.329956,1.055859,0.219971,-0.197974,1.264832,106237,497904,-104,110,8227,-15,-2,-21,625
1780493826.007656,106239,497908,0x0FFF,0.505933,0.472937,-0.923877,0.296960,0.494934,-1.011865,0.252966,0.263965,-0.934875,0.241968,-0.582922,1.352820,0.186975,-0.307959,1.275830,0.000000,-0.307959,1.297827,0.241968,0.307959,-1.022864,0.285962,0.384949,-0.802893,0.087988,0.439941,-0.923877,0.131982,-0.483936,1.110852,0.065991,-0.395947,1.099854,0.087988,-0.186975,1.264832,106237,497904,-104,110,8227,-15,-2,-21,625
1780493826.010000,106241,497910,0x0FFF,0.483936,0.241968,-1.022864,0.241968,0.472937,-0.868884,0.186975,0.384949,-1.000867,0.263965,-0.648914,1.198840,0.120984,-0.351953,1.088855,0.010999,-0.241968,1.297827,0.219971,0.318958,-1.011865,0.164978,0.373950,-0.890881,0.153979,0.461938,-0.901880,0.175977,-0.428943,1.011865,0.076990,-0.340955,1.209839,0.087988,-0.208972,1.209839,106240,497908,-85,111,8238,-16,1,-21,634
1780493826.011259,106242,497912,0x0FFF,0.428943,0.373950,-1.000867,0.406946,0.472937,-0.901880,0.252966,0.285962,-0.934875,0.142981,-0.615918,1.308826,0.098987,-0.373950,1.176843,0.010999,-0.329956,1.374817,0.175977,0.340955,-0.879883,0.065991,0.384949,-0.912878,0.131982,0.395947,-0.857886,0.175977,-0.516931,0.945874,0.076990,-0.329956,1.121851,0.208972,-0.065991,1.264832,106240,497908,-85,111,8238,-16,1,-21,634
1780493826.013568,106244,497914,0x0FFF,0.472937,0.362952,-0.956873,0.241968,0.505933,-1.033862,0.230969,0.340955,-0.901880,0.285962,-0.505933,1.165845,0.032996,-0.384949,1.319824,-0.043994,-0.285962,1.209839,0.208972,0.296960,-0.901880,0.318958,0.351953,-0.835889,0.175977,0.406946,-0.967871,0.362952,-0.439941,0.934875,-0.010999,-0.252966,1.143848,0.153979,-0.175977,1.275830,106243,497912,-90,121,8231,-16,-2,-21,632
1780493826.015870,106245,497916,0x0FFF,0.428943,0.274963,-0.956873,0.285962,0.417944,-0.967871,0.186975,0.362952,-0.868884,0.285962,-0.560925,1.121851,0.164978,-0.362952,1.209839,0.043994,-0.252966,1.242834,0.208972,0.329956,-1.066858,0.241968,0.406946,-0.912878,0.153979,0.318958,-0.857886,0.175977,-0.472937,1.022864,0.054993,-0.340955,1.000867,0.142981,-0.131982,1.231836,106243,497912,-90,121,8231,-16,-2,-21,632
1780493826.018379,106246,497918,0x0FFF,0.527930,0.417944,-1.055859,0.296960,0.483936,-0.923877,0.164978,0.373950,-0.890881,0.329956,-0.692908,1.110852,0.142981,-0.406946,1.132849,-0.010999,-0.384949,1.253833,0.109985,0.406946,-0.890881,0.142981,0.406946,-0.703906,0.131982,0.483936,-1.022864,0.241968,-0.527930,0.912878,0.054993,-0.252966,1.176843,0.197974,-0.164978,1.143848,106243,497912,-90,121,8231,-16,-2,-21,632
1780493826.019817,106248,497920,0x0FFF,0.395947,0.329956,-1.055859,0.384949,0.527930,-0.956873,0.208972,0.373950,-0.901880,0.252966,-0.549927,1.220837,0.032996,-0.395947,1.242834,-0.043994,-0.230969,1.220837,0.241968,0.329956,-1.000867,0.153979,0.384949,-0.868884,0.164978,0.494934,-0.901880,0.230969,-0.395947,1.011865,0.131982,-0.307959,1.176843,0.043994,-0.098987,1.154846,106247,497918,-96,111,8234,-15,-5,-23,642
1780493826.022320,106249,497922,0x0FFF,0.439941,0.351953,-0.912878,0.230969,0.373950,-0.956873,0.142981,0.307959,-0.934875,0.263965,-0.659912,1.209839,0.054993,-0.406946,1.242834,-0.076990,-0.219971,1.286829,0.252966,0.197974,-1.000867,0.197974,0.428943,-0.923877,0.131982,0.538928,-0.912878,0.164978,-0.461938,0.967871,0.153979,-0.318958,1.165845,0.153979,-0.219971,1.209839,106247,497918,-96,111,8234,-15,-5,-23,642
1780493826.023764,106251,497924,0x0FFF,0.395947,0.428943,-1.055859,0.285962,0.406946,-0.945874,0.318958,0.329956,-0.934875,0.241968,-0.725903,1.198840,0.109985,-0.439941,1.308826,-0.054993,-0.329956,1.242834,0.175977,0.241968,-0.989868,0.219971,0.351953,-0.868884,0.208972,0.362952,-0.901880,0.219971,-0.373950,1.033862,0.153979,-0.285962,1.319824,0.131982,-0.197974,1.198840,106250,497922,-105,116,8237,-17,-2,-19,642
1780493826.026252,106252,497926,0x0FFF,0.384949,0.373950,-1.033862,0.285962,0.472937,-0.901880,0.186975,0.384949,-0.923877,0.230969,-0.615918,1.253833,0.087988,-0.417944,1.308826,-0.054993,-0.219971,1.275830,0.142981,0.329956,-0.879883,0.131982,0.461938,-0.714905,0.175977,0.395947,-0.890881,0.219971,-0.483936,0.901880,0.131982,-0.318958,1.099854,0.252966,-0.175977,1.187842,106250,497922,-105,116,8237,-17,-2,-19,642
1780493826.028757,106253,497928,0x0FFF,0.516931,0.406946,-1.011865,0.164978,0.384949,-0.978870,0.329956,0.274963,-0.912878,0.263965,-0.560925,1.264832,0.043994,-0.417944,1.330823,-0.043994,-0.263965,1.242834,0.142981,0.263965,-1.022864,0.164978,0.384949,-0.802893,0.087988,0.516931,-0.923877,0.241968,-0.505933,0.857886,0.186975,-0.329956,1.198840,0.131982,-0.186975,1.242834,106250,497922,-105,116,8237,-17,-2,-19,642
1780493826.030191,106255,497930,0x0FFF,0.340955,0.417944,-0.901880,0.318958,0.428943,-0.901880,0.307959,0.340955,-0.912878,0.406946,-0.681909,1.110852,0.131982,-0.307959,1.275830,-0.032996,-0.252966,1.275830,0.219971,0.461938,-0.989868,0.197974,0.450940,-0.769897,0.164978,0.516931,-0.890881,0.241968,-0.450940,0.890881,0.054993,-0.351953,1.044861,0.164978,-0.252966,1.110852,106254,497929,-103,121,8234,-15,-2,-18,633
1780493826.032691,106256,497933,0x0FFF,0.505933,0.318958,-1.044861,0.274963,0.516931,-1.055859,0.296960,0.241968,-0.967871,0.285962,-0.593921,1.297827,0.054993,-0.351953,1.176843,-0.043994,-0.186975,1.242834,0.186975,0.175977,-0.967871,0.219971,0.428943,-0.868884,0.186975,0.494934,-0.890881,0.142981,-0.439941,0.956873,0.087988,-0.307959,1.187842,0.131982,-0.230969,1.110852,106254,497929,-103,121,8234,-15,-2,-18,633
1780493826.034130,106258,497935,0x0FFF,0.450940,0.285962,-0.879883,0.296960,0.406946,-1.022864,0.329956,0.307959,-0.835889,0.208972,-0.582922,1.209839,0.197974,-0.395947,1.209839,0.087988,-0.230969,1.363818,0.208972,0.351953,-0.956873,0.197974,0.406946,-0.846887,0.186975,0.439941,-0.956873,0.164978,-0.494934,0.901880,0.175977,-0.329956,1.110852,0.219971,-0.164978,1.242834,106257,497933,-99,114,8231,-14,-1,-19,651
1780493826.036635,106259,497937,0x0FFF,0.439941,0.406946,-1.022864,0.307959,0.417944,-0.967871,0.186975,0.351953,-1.044861,0.263965,-0.670911,1.088855,0.153979,-0.384949,1.297827,-0.032996,-0.373950,1.385815,0.208972,0.285962,-0.978870,0.120984,0.428943,-0.857886,0.043994,0.373950,-1.011865,0.241968,-0.395947,1.011865,0.197974,-0.373950,1.088855,0.208972,-0.186975,1.176843,106257,497933,-99,114,8231,-14,-1,-19,651
1780493826.039124,106261,497939,0x0FFF,0.450940,0.362952,-1.066858,0.329956,0.373950,-0.901880,0.197974,0.395947,-0.736902,0.362952,-0.593921,1.154846,0.098987,-0.329956,1.308826,0.021997,-0.340955,1.286829,0.285962,0.340955,-0.868884,0.241968,0.472937,-0.824890,0.164978,0.362952,-0.857886,0.230969,-0.494934,0.934875,0.175977,-0.274963,1.154846,0.186975,-0.230969,1.132849,106260,497937,-110,123,8236,-17,0,-18,634
1780493826.040545,106262,497941,0x0FFF,0.472937,0.417944,-1.055859,0.263965,0.461938,-0.956873,0.285962,0.340955,-0.813892,0.274963,-0.560925,1.143848,0.142981,-0.318958,1.275830,-0.043994,-0.340955,1.198840,0.142981,0.351953,-1.033862,0.186975,0.340955,-0.879883,0.065991,0.483936,-0.703906,0.175977,-0.494934,1.099854,0.076990,-0.307959,1.143848,0.230969,-0.208972,1.209839,106260,497937,-110,123,8236,-17,0,-18,634
1780493826.043094,106263,497943,0x0FFF,0.406946,0.340955,-1.066858,0.241968,0.428943,-0.879883,0.164978,0.373950,-0.835889,0.307959,-0.637915,1.231836,0.175977,-0.329956,1.176843,0.032996,-0.263965,1.352820,0.164978,0.384949,-0.989868,0.142981,0.428943,-0.868884,0.131982,0.384949,-0.912878,0.197974,-0.472937,0.978870,0.076990,-0.307959,1.165845,0.153979,-0.208972,1.330823,106260,497937,-110,123,8236,-17,0,-18,634
1780493826.044532,106265,497945,0x0FFF,0.450940,0.373950,-0.967871,0.197974,0.439941,-0.923877,0.252966,0.318958,-1.000867,0.263965,-0.725903,1.253833,0.109985,-0.329956,1.209839,-0.043994,-0.197974,1.297827,0.252966,0.406946,-0.989868,0.175977,0.373950,-0.890881,0.186975,0.384949,-0.945874,0.175977,-0.516931,1.044861,0.043994,-0.362952,1.066858,0.164978,-0.175977,1.209839,106264,497943,-88,116,8233,-18,0,-20,641
1780493826.047038,106266,497947,0x0FFF,0.461938,0.417944,-1.044861,0.274963,0.527930,-0.934875,0.219971,0.417944,-0.868884,0.197974,-0.626917,1.198840,0.065991,-0.285962,1.209839,0.142981,-0.318958,1.297827,0.274963,0.329956,-0.967871,0.109985,0.417944,-0.824890,0.120984,0.439941,-0.901880,0.208972,-0.461938,1.088855,0.087988,-0.241968,1.088855,0.252966,-0.252966,1.198840,106264,497943,-88,116,8233,-18,0,-20,641
1780493826.049529,106268,497949,0x0FFF,0.494934,0.362952,-0.890881,0.329956,0.450940,-0.912878,0.230969,0.395947,-0.901880,0.274963,-0.505933,1.231836,0.197974,-0.395947,1.198840,0.054993,-0.296960,1.319824,0.263965,0.274963,-1.022864,0.153979,0.439941,-0.780896,0.175977,0.395947,-1.044861,0.241968,-0.472937,1.022864,0.252966,-0.230969,1.088855,0.153979,-0.109985,1.143848,106267,497947,-95,103,8234,-15,-2,-22,642
1780493826.050951,106269,497951,0x0FFF,0.428943,0.296960,-1.066858,0.296960,0.505933,-0.989868,0.219971,0.274963,-0.956873,0.208972,-0.604919,1.209839,0.120984,-0.340955,1.220837,-0.021997,-0.285962,1.297827,0.219971,0.241968,-0.967871,0.186975,0.263965,-0.901880,0.153979,0.538928,-0.934875,0.219971,-0.340955,0.956873,0.131982,-0.252966,1.088855,0.219971,-0.186975,1.297827,106267,497947,-95,103,8234,-15,-2,-22,642
1780493826.053453,106270,497953,0x0FFF,0.439941,0.373950,-1.055859,0.384949,0.384949,-0.945874,0.252966,0.395947,-0.868884,0.197974,-0.648914,1.275830,0.065991,-0.318958,1.319824,0.054993,-0.230969,1.297827,0.208972,0.274963,-0.967871,0.142981,0.384949,-0.747900,0.098987,0.428943,-0.879883,0.186975,-0.483936,1.000867,0.153979,-0.307959,1.154846,0.175977,-0.164978,1.165845,106267,497947,-95,103,8234,-15,-2,-22,642
1780493826.055959,106272,497955,0x0FFF,0.362952,0.340955,-0.945874,0.351953,0.538928,-0.923877,0.208972,0.395947,-0.912878,0.230969,-0.681909,1.231836,-0.021997,-0.252966,1.264832,-0.021997,-0.285962,1.286829,0.252966,0.428943,-0.989868,0.241968,0.505933,-0.791895,0.263965,0.329956,-0.945874,0.307959,-0.505933,1.000867,0.109985,-0.329956,1.220837,0.153979,-0.164978,1.110852,106271,497954,-87,112,8235,-14,-3,-21,654
1780493826.057403,106273,497958,0x0FFF,0.439941,0.384949,-0.945874,0.230969,0.494934,-0.879883,0.241968,0.384949,-0.934875,0.274963,-0.692908,1.297827,0.087988,-0.384949,1.176843,0.000000,-0.230969,1.275830,0.186975,0.285962,-1.011865,0.208972,0.417944,-0.714905,0.131982,0.384949,-0.912878,0.153979,-0.395947,1.000867,0.054993,-0.340955,1.154846,0.263965,-0.197974,1.198840,106271,497954,-87,112,8235,-14,-3,-21,654
1780493826.059889,106275,497960,0x0FFF,0.472937,0.285962,-0.923877,0.285962,0.450940,-0.890881,0.164978,0.263965,-0.879883,0.186975,-0.571924,1.220837,0.087988,-0.329956,1.165845,0.054993,-0.153979,1.264832,0.307959,0.340955,-0.802893,0.219971,0.373950,-0.725903,0.087988,0.439941,-0.978870,0.230969,-0.461938,0.978870,0.142981,-0.373950,1.110852,0.175977,-0.120984,1.220837,106274,497958,-88,108,8240,-15,-3,-21,641
1780493826.061306,106276,497962,0x0FFF,0.351953,0.373950,-1.000867,0.362952,0.571924,-0.945874,0.274963,0.351953,-0.901880,0.241968,-0.593921,1.209839,0.153979,-0.395947,1.330823,-0.010999,-0.274963,1.297827,0.252966,0.395947,-1.000867,0.043994,0.450940,-0.857886,0.142981,0.351953,-0.967871,0.164978,-0.450940,1.088855,0.175977,-0.340955,1.088855,0.219971,-0.241968,1.099854,106274,497958,-88,108,8240,-15,-3,-21,641
1780493826.063843,106278,497964,0x0FFF,0.538928,0.296960,-0.989868,0.318958,0.505933,-0.824890,0.219971,0.351953,-0.945874,0.274963,-0.571924,1.209839,0.142981,-0.461938,1.330823,0.153979,-0.263965,1.231836,0.241968,0.329956,-1.099854,0.263965,0.373950,-0.857886,0.076990,0.373950,-0.890881,0.252966,-0.428943,0.934875,0.153979,-0.351953,1.055859,0.098987,-0.164978,1.198840,106277,497962,-112,122,8240,-15,-1,-21,641
1780493826.066324,106279,497966,0x0FFF,0.538928,0.329956,-0.978870,0.417944,0.516931,-0.967871,0.197974,0.395947,-0.934875,0.230969,-0.615918,1.066858,0.054993,-0.329956,1.231836,-0.021997,-0.329956,1.165845,0.208972,0.164978,-0.967871,0.186975,0.362952,-0.802893,0.241968,0.494934,-0.890881,0.109985,-0.417944,0.956873,0.076990,-0.362952,1.176843,0.208972,-0.197974,1.242834,106277,497962,-112,122,8240,-15,-1,-21,641
1780493826.067767,106280,497968,0x0FFF,0.439941,0.351953,-0.956873,0.263965,0.494934,-1.044861,0.252966,0.472937,-0.846887,0.186975,-0.692908,1.220837,0.131982,-0.274963,1.220837,0.021997,-0.175977,1.253833,0.197974,0.274963,-0.989868,0.175977,0.428943,-0.725903,0.109985,0.340955,-0.868884,0.263965,-0.483936,0.956873,0.197974,-0.461938,1.143848,0.153979,-0.208972,1.110852,106277,497962,-112,122,8240,-15,-1,-21,641
1780493826.070257,106282,497970,0x0FFF,0.395947,0.318958,-1.022864,0.263965,0.461938,-0.945874,0.296960,0.406946,-0.890881,0.241968,-0.637915,1.198840,0.087988,-0.351953,1.231836,-0.032996,-0.263965,1.319824,0.098987,0.318958,-0.978870,0.219971,0.395947,-0.780896,0.043994,0.307959,-0.923877,0.362952,-0.428943,0.989868,0.054993,-0.296960,1.143848,0.120984,-0.098987,1.143848,106281,497968,-106,122,8230,-17,-4,-20,631
1780493826.071670,106283,497972,0x0FFF,0.296960,0.340955,-1.000867,0.274963,0.417944,-0.890881,0.296960,0.307959,-0.824890,0.241968,-0.637915,1.187842,0.076990,-0.318958,1.242834,0.043994,-0.241968,1.374817,0.175977,0.417944,-0.989868,0.197974,0.329956,-0.824890,0.109985,0.318958,-0.868884,0.241968,-0.351953,1.033862,0.054993,-0.417944,1.154846,0.065991,-0.230969,1.187842,106281,497968,-106,122,8230,-17,-4,-20,631
1780493826.074205,106285,497974,0x0FFF,0.384949,0.296960,-0.934875,0.208972,0.384949,-0.912878,0.252966,0.516931,-0.901880,0.230969,-0.648914,1.231836,0.109985,-0.461938,1.121851,0.032996,-0.241968,1.286829,0.230969,0.241968,-0.934875,0.252966,0.395947,-0.857886,0.153979,0.461938,-0.901880,0.230969,-0.461938,1.000867,0.153979,-0.351953,1.110852,0.142981,-0.131982,1.132849,106284,497972,-94,110,8229,-14,-2,-20,639
1780493826.076687,106286,497976,0x0FFF,0.406946,0.450940,-0.989868,0.450940,0.571924,-0.945874,0.263965,0.307959,-0.879883,0.186975,-0.637915,1.165845,0.087988,-0.406946,1.286829,0.098987,-0.263965,1.297827,0.197974,0.340955,-1.011865,0.142981,0.450940,-0.868884,0.054993,0.428943,-0.923877,0.274963,-0.417944,1.154846,0.098987,-0.362952,1.198840,0.153979,-0.153979,1.209839,106284,497972,-94,110,8229,-14,-2,-20,639
1780493826.078035,106287,497978,0x0FFF,0.516931,0.340955,-1.055859,0.340955,0.494934,-0.989868,0.208972,0.483936,-0.945874,0.252966,-0.582922,1.198840,0.120984,-0.329956,1.253833,0.109985,-0.263965,1.264832,0.208972,0.351953,-1.088855,0.241968,0.340955,-0.857886,0.142981,0.362952,-0.901880,0.186975,-0.450940,0.846887,-0.010999,-0.274963,1.253833,0.208972,-0.186975,1.121851,106284,497972,-94,110,8229,-14,-2,-20,639
1780493826.080542,106289,497980,0x0FFF,0.450940,0.307959,-0.956873,0.186975,0.549927,-0.934875,0.307959,0.296960,-0.934875,0.252966,-0.659912,1.253833,0.087988,-0.219971,1.253833,0.065991,-0.241968,1.264832,0.186975,0.307959,-0.967871,0.230969,0.428943,-0.780896,0.175977,0.417944,-0.868884,0.153979,-0.538928,1.099854,0.219971,-0.406946,1.231836,0.065991,-0.241968,1.165845,106288,497979,-99,114,8229,-17,-3,-18,640
1780493826.081947,106290,497983,0x0FFF,0.472937,0.406946,-0.912878,0.329956,0.472937,-0.923877,0.208972,0.329956,-0.923877,0.208972,-0.604919,1.242834,0.065991,-0.406946,1.099854,-0.076990,-0.296960,1.198840,0.285962,0.296960,-0.923877,0.197974,0.395947,-0.923877,0.153979,0.417944,-0.945874,0.153979,-0.307959,1.000867,0.153979,-0.395947,1.110852,0.098987,-0.241968,1.220837,106288,497979,-99,114,8229,-17,-3,-18,640
1780493826.084481,106292,497985,0x0FFF,0.417944,0.329956,-0.923877,0.285962,0.582922,-0.956873,0.318958,0.241968,-0.934875,0.197974,-0.714905,1.154846,0.000000,-0.362952,1.308826,0.054993,-0.285962,1.231836,0.197974,0.329956,-1.088855,0.142981,0.373950,-0.736902,0.230969,0.417944,-0.923877,0.274963,-0.373950,1.022864,0.098987,-0.285962,1.143848,0.142981,-0.219971,1.231836,106291,497983,-95,113,8243,-16,-4,-19,632
1780493826.086881,106293,497987,0x0FFF,0.505933,0.362952,-0.824890,0.351953,0.483936,-0.934875,0.241968,0.362952,-0.879883,0.263965,-0.780896,1.286829,0.120984,-0.296960,1.330823,-0.054993,-0.219971,1.297827,0.274963,0.285962,-0.901880,0.186975,0.428943,-0.813892,0.065991,0.450940,-0.967871,0.197974,-0.406946,0.912878,0.098987,-0.274963,1.176843,0.230969,-0.021997,1.198840,106291,497983,-95,113,8243,-16,-4,-19,632
1780493826.089232,106295,497989,0x0FFF,0.483936,0.362952,-0.912878,0.384949,0.439941,-0.846887,0.197974,0.329956,-0.813892,0.208972,-0.626917,1.176843,0.098987,-0.263965,1.319824,0.043994,-0.142981,1.363818,0.186975,0.384949,-0.912878,0.098987,0.406946,-0.868884,0.065991,0.527930,-0.813892,0.208972,-0.384949,1.000867,0.153979,-0.307959,1.154846,0.164978,-0.252966,1.231836,106294,497987,-89,121,8236,-18,-2,-19,643
1780493826.090500,106296,497991,0x0FFF,0.472937,0.351953,-1.033862,0.263965,0.450940,-0.978870,0.120984,0.351953,-0.835889,0.263965,-0.560925,1.231836,0.054993,-0.318958,1.088855,0.054993,-0.285962,1.275830,0.076990,0.318958,-1.011865,0.186975,0.439941,-0.780896,0.197974,0.340955,-0.901880,0.197974,-0.450940,1.011865,0.241968,-0.362952,1.187842,0.153979,-0.274963,1.176843,106294,497987,-89,121,8236,-18,-2,-19,643
1780493826.092834,106297,497993,0x0FFF,0.450940,0.406946,-1.022864,0.241968,0.560925,-0.824890,0.263965,0.351953,-0.846887,0.285962,-0.703906,1.198840,0.142981,-0.340955,1.165845,0.021997,-0.252966,1.198840,0.208972,0.263965,-0.945874,0.164978,0.340955,-0.912878,0.142981,0.450940,-0.945874,0.186975,-0.505933,0.835889,0.087988,-0.417944,1.088855,0.230969,-0.186975,1.231836,106294,497987,-89,121,8236,-18,-2,-19,643
1780493826.095169,106299,497995,0x0FFF,0.428943,0.395947,-1.000867,0.241968,0.428943,-0.912878,0.274963,0.373950,-1.011865,0.175977,-0.571924,1.198840,0.142981,-0.274963,1.242834,-0.032996,-0.252966,1.319824,0.241968,0.307959,-1.022864,0.131982,0.461938,-0.780896,0.230969,0.439941,-0.890881,0.252966,-0.428943,0.956873,0.087988,-0.384949,1.187842,0.142981,-0.175977,1.209839,106298,497993,-92,120,8226,-17,-4,-20,636
1780493826.096446,106300,497997,0x0FFF,0.472937,0.329956,-0.978870,0.307959,0.472937,-0.879883,0.197974,0.351953,-0.846887,0.285962,-0.692908,1.275830,0.087988,-0.307959,1.253833,0.054993,-0.340955,1.264832,0.219971,0.230969,-0.989868,0.186975,0.406946,-0.813892,0.197974,0.549927,-0.901880,0.197974,-0.450940,0.989868,0.142981,-0.296960,1.198840,0.241968,-0.186975,1.187842,106298,497993,-92,120,8226,-17,-4,-20,636
1780493826.098808,106302,497999,0x0FFF,0.527930,0.406946,-0.945874,0.406946,0.505933,-1.000867,0.175977,0.362952,-0.923877,0.296960,-0.593921,1.187842,0.153979,-0.395947,1.220837,0.076990,-0.230969,1.242834,0.219971,0.296960,-1.055859,0.296960,0.307959,-0.879883,0.153979,0.461938,-1.000867,0.318958,-0.384949,0.901880,0.109985,-0.351953,1.121851,0.076990,-0.109985,1.209839,106301,497997,-94,113,8236,-17,-3,-20,630
1780493826.101124,106303,498001,0x0FFF,0.549927,0.340955,-1.033862,0.285962,0.362952,-0.879883,0.142981,0.362952,-0.978870,0.307959,-0.615918,1.253833,0.065991,-0.340955,1.253833,-0.032996,-0.329956,1.253833,0.219971,0.285962,-0.967871,0.142981,0.373950,-0.824890,0.076990,0.538928,-0.978870,0.164978,-0.450940,0.934875,0.285962,-0.351953,1.154846,0.230969,-0.263965,1.110852,106301,497997,-94,113,8236,-17,-3,-20,630
1780493826.103454,106304,498003,0x0FFF,0.428943,0.395947,-0.901880,0.362952,0.483936,-0.934875,0.252966,0.318958,-0.923877,0.252966,-0.615918,1.187842,0.065991,-0.296960,1.242834,0.098987,-0.307959,1.286829,0.252966,0.329956,-1.033862,0.109985,0.395947,-0.824890,0.120984,0.428943,-0.978870,0.274963,-0.384949,0.934875,0.131982,-0.351953,1.044861,0.175977,-0.197974,1.143848,106301,497997,-94,113,8236,-17,-3,-20,630
1780493826.105783,106306,498005,0x0FFF,0.461938,0.274963,-0.945874,0.362952,0.417944,-0.912878,0.318958,0.417944,-0.868884,0.197974,-0.571924,1.385815,0.186975,-0.307959,1.308826,0.054993,-0.296960,1.308826,0.230969,0.362952,-0.945874,0.219971,0.362952,-0.824890,0.087988,0.373950,-0.912878,0.252966,-0.395947,1.055859,0.230969,-0.263965,1.297827,0.153979,-0.219971,1.110852,106305,498004,-86,126,8232,-18,-4,-21,649
1780493826.107060,106307,498008,0x0FFF,0.406946,0.373950,-0.989868,0.362952,0.340955,-0.934875,0.164978,0.274963,-0.813892,0.230969,-0.670911,1.231836,0.153979,-0.373950,1.253833,-0.043994,-0.263965,1.286829,0.186975,0.274963,-0.901880,0.186975,0.329956,-0.813892,0.120984,0.362952,-0.813892,0.296960,-0.483936,1.033862,0.098987,-0.285962,1.044861,0.131982,-0.054993,1.132849,106305,498004,-86,126,8232,-18,-4,-21,649
1780493826.109384,106309,498010,0x0FFF,0.340955,0.285962,-1.055859,0.395947,0.472937,-0.912878,0.263965,0.406946,-0.758899,0.285962,-0.615918,1.242834,0.065991,-0.362952,1.143848,0.043994,-0.318958,1.341821,0.175977,0.285962,-1.022864,0.274963,0.395947,-0.813892,0.120984,0.439941,-0.945874,0.164978,-0.417944,0.934875,0.120984,-0.406946,1.220837,0.175977,-0.230969,1.154846,106308,498008,-102,127,8227,-16,-1,-22,642
1780493826.111695,106310,498012,0x0FFF,0.329956,0.450940,-0.824890,0.307959,0.505933,-0.846887,0.362952,0.384949,-0.923877,0.241968,-0.659912,1.242834,0.065991,-0.384949,1.209839,0.120984,-0.285962,1.231836,0.164978,0.329956,-0.945874,0.098987,0.450940,-0.835889,0.109985,0.472937,-0.989868,0.362952,-0.351953,1.132849,0.153979,-0.384949,1.099854,0.153979,-0.296960,1.187842,106308,498008,-102,127,8227,-16,-1,-22,642
1780493826.114023,106311,498014,0x0FFF,0.439941,0.318958,-0.945874,0.296960,0.494934,-0.901880,0.219971,0.340955,-0.901880,0.241968,-0.604919,1.154846,0.054993,-0.362952,1.220837,0.010999,-0.175977,1.242834,0.142981,0.296960,-0.967871,0.153979,0.406946,-0.725903,0.010999,0.439941,-1.022864,0.230969,-0.406946,0.945874,0.109985,-0.318958,1.176843,0.054993,-0.175977,1.220837,106308,498008,-102,127,8227,-16,-1,-22,642
1780493826.115307,106313,498016,0x0FFF,0.483936,0.252966,-0.868884,0.329956,0.439941,-0.901880,0.329956,0.263965,-0.791895,0.241968,-0.593921,1.308826,0.043994,-0.329956,1.264832,0.164978,-0.307959,1.286829,0.120984,0.318958,-1.088855,0.142981,0.384949,-0.846887,0.021997,0.505933,-0.989868,0.263965,-0.373950,0.967871,0.087988,-0.329956,1.110852,0.186975,-0.076990,1.165845,106312,498014,-106,115,8237,-16,-1,-20,636
1780493826.117645,106314,498018,0x0FFF,0.516931,0.494934,-0.967871,0.230969,0.461938,-0.890881,0.186975,0.241968,-0.912878,0.230969,-0.637915,1.253833,0.109985,-0.395947,1.242834,0.054993,-0.340955,1.231836,0.241968,0.384949,-1.066858,0.263965,0.450940,-0.758899,0.054993,0.307959,-0.945874,0.175977,-0.472937,1.066858,0.109985,-0.307959,1.187842,0.142981,-0.241968,1.132849,106312,498014,-106,115,8237,-16,-1,-20,636
1780493826.119956,106316,498020,0x0FFF,0.406946,0.241968,-1.022864,0.252966,0.439941,-0.912878,0.263965,0.340955,-0.945874,0.197974,-0.439941,1.275830,0.120984,-0.406946,1.308826,0.021997,-0.252966,1.297827,0.274963,0.274963,-0.901880,0.186975,0.395947,-0.824890,0.153979,0.483936,-0.989868,0.208972,-0.406946,1.033862,0.219971,-0.230969,1.143848,0.197974,-0.230969,1.154846,106315,498018,-109,117,8236,-16,-1,-17,635
1780493826.122332,106317,498022,0x0FFF,0.461938,0.351953,-1.000867,0.186975,0.505933,-0.956873,0.197974,0.362952,-0.912878,0.285962,-0.560925,1.165845,0.142981,-0.274963,1.187842,0.000000,-0.274963,1.143848,0.241968,0.307959,-0.934875,0.208972,0.428943,-0.813892,0.164978,0.417944,-0.989868,0.186975,-0.461938,0.934875,0.120984,-0.307959,1.154846,0.186975,-0.219971,1.176843,106315,498018,-109,117,8236,-16,-1,-17,635
1780493826.123596,106319,498024,0x0FFF,0.560925,0.362952,-0.956873,0.351953,0.483936,-0.934875,0.219971,0.384949,-0.857886,0.208972,-0.582922,1.209839,0.065991,-0.197974,1.165845,0.098987,-0.263965,1.275830,0.186975,0.285962,-0.978870,0.219971,0.417944,-0.857886,0.175977,0.373950,-0.890881,0.285962,-0.307959,1.011865,0.087988,-0.329956,1.319824,0.186975,-0.197974,1.165845,106318,498022,-103,104,8236,-17,-1,-20,640
1780493826.125904,106320,498026,0x0FFF,0.472937,0.318958,-0.978870,0.384949,0.472937,-1.044861,0.230969,0.263965,-0.824890,0.307959,-0.626917,1.220837,0.065991,-0.472937,1.187842,-0.043994,-0.252966,1.209839,0.197974,0.373950,-0.989868,0.219971,0.395947,-0.846887,0.120984,0.428943,-0.934875,0.263965,-0.373950,0.989868,0.120984,-0.329956,1.077856,0.208972,-0.197974,1.198840,106318,498022,-103,104,8236,-17,-1,-20,640
1780493826.128216,106321,498028,0x0FFF,0.494934,0.285962,-1.033862,0.329956,0.428943,-0.890881,0.208972,0.384949,-0.868884,0.351953,-0.527930,1.198840,0.000000,-0.252966,1.220837,0.021997,-0.329956,1.286829,0.175977,0.296960,-1.033862,0.186975,0.384949,-0.725903,0.131982,0.417944,-0.912878,0.351953,-0.252966,0.978870,0.076990,-0.252966,1.176843,0.131982,-0.307959,1.187842,106318,498022,-103,104,8236,-17,-1,-20,640
1780493826.130541,106323,498030,0x0FFF,0.450940,0.329956,-1.099854,0.351953,0.340955,-1.000867,0.417944,0.307959,-0.901880,0.285962,-0.604919,1.242834,0.043994,-0.395947,1.231836,0.076990,-0.285962,1.374817,0.263965,0.439941,-0.967871,0.197974,0.450940,-0.813892,0.153979,0.428943,-0.901880,0.109985,-0.439941,1.000867,0.131982,-0.428943,1.165845,0.153979,-0.142981,1.198840,106322,498029,-101,115,8238,-15,-1,-21,638
1780493826.132871,106324,498033,0x0FFF,0.472937,0.384949,-1.000867,0.252966,0.439941,-0.956873,0.219971,0.384949,-0.879883,0.263965,-0.648914,1.231836,0.087988,-0.373950,1.231836,-0.021997,-0.285962,1.242834,0.186975,0.373950,-0.956873,0.197974,0.384949,-0.802893,0.054993,0.549927,-0.835889,0.087988,-0.406946,0.989868,0.175977,-0.340955,1.165845,0.197974,-0.241968,1.220837,106322,498029,-101,115,8238,-15,-1,-21,638
1780493826.134140,106326,498035,0x0FFF,0.395947,0.439941,-0.912878,0.307959,0.626917,-1.022864,0.252966,0.384949,-0.934875,0.318958,-0.758899,1.209839,0.186975,-0.351953,1.121851,0.010999,-0.208972,1.297827,0.219971,0.296960,-0.890881,0.164978,0.384949,-0.780896,0.120984,0.527930,-0.901880,0.241968,-0.406946,1.022864,0.109985,-0.384949,1.154846,0.032996,-0.230969,1.330823,106325,498033,-97,117,8234,-18,-2,-22,645
1780493826.136437,106327,498037,0x0FFF,0.406946,0.329956,-1.011865,0.296960,0.461938,-0.967871,0.285962,0.406946,-0.846887,0.131982,-0.615918,1.209839,0.065991,-0.406946,1.242834,0.087988,-0.274963,1.209839,0.065991,0.417944,-0.967871,0.219971,0.461938,-0.813892,0.021997,0.483936,-0.857886,0.197974,-0.373950,0.934875,0.043994,-0.362952,1.176843,0.109985,-0.219971,1.231836,106325,498033,-97,117,8234,-18,-2,-22,645
1780493826.138744,106328,498039,0x0FFF,0.450940,0.329956,-0.956873,0.241968,0.516931,-0.956873,0.230969,0.263965,-0.934875,0.274963,-0.571924,1.132849,0.131982,-0.252966,1.187842,0.032996,-0.263965,1.308826,0.274963,0.274963,-0.868884,0.164978,0.417944,-0.791895,0.076990,0.373950,-0.956873,0.186975,-0.439941,0.978870,-0.043994,-0.362952,1.198840,0.208972,-0.219971,1.176843,106325,498033,-97,117,8234,-18,-2,-22,645
1780493826.141052,106330,498041,0x0FFF,0.527930,0.296960,-1.022864,0.197974,0.494934,-0.912878,0.285962,0.318958,-0.835889,0.175977,-0.549927,1.143848,0.087988,-0.362952,1.132849,-0.043994,-0.186975,1.297827,0.208972,0.318958,-1.011865,0.208972,0.439941,-0.879883,0.054993,0.406946,-0.824890,0.230969,-0.450940,1.022864,0.109985,-0.384949,1.121851,0.208972,-0.131982,1.275830,106329,498039,-91,125,8237,-18,-3,-21,639
1780493826.143365,106331,498043,0x0FFF,0.505933,0.439941,-0.945874,0.263965,0.439941,-0.956873,0.208972,0.296960,-1.022864,0.340955,-0.582922,1.165845,0.065991,-0.351953,1.176843,-0.010999,-0.285962,1.374817,0.131982,0.318958,-0.923877,0.197974,0.483936,-0.857886,0.032996,0.428943,-0.868884,0.186975,-0.428943,1.066858,0.098987,-0.274963,1.198840,0.252966,-0.285962,1.231836,106329,498039,-91,125,8237,-18,-3,-21,639
1780493826.144611,106333,498045,0x0FFF,0.395947,0.340955,-0.967871,0.285962,0.505933,-0.912878,0.241968,0.219971,-0.989868,0.274963,-0.615918,1.198840,0.131982,-0.395947,1.253833,-0.010999,-0.219971,1.396814,0.153979,0.307959,-0.923877,0.021997,0.483936,-0.813892,0.186975,0.439941,-0.956873,0.197974,-0.461938,1.011865,0.120984,-0.274963,1.077856,0.153979,-0.175977,1.209839,106332,498043,-96,111,8242,-15,-3,-20,636
1780493826.146931,106334,498047,0x0FFF,0.362952,0.406946,-1.077856,0.340955,0.450940,-0.945874,0.208972,0.307959,-0.923877,0.263965,-0.516931,1.341821,0.109985,-0.384949,1.176843,-0.142981,-0.142981,1.253833,0.120984,0.307959,-1.066858,0.120984,0.417944,-0.890881,0.164978,0.296960,-0.923877,0.241968,-0.406946,1.110852,0.054993,-0.307959,1.077856,0.197974,-0.175977,1.275830,106332,498043,-96,111,8242,-15,-3,-20,636
1780493826.149240,106336,498049,0x0FFF,0.318958,0.329956,-1.011865,0.329956,0.450940,-0.945874,0.219971,0.461938,-0.846887,0.285962,-0.571924,1.209839,0.142981,-0.362952,1.154846,0.032996,-0.252966,1.209839,0.197974,0.230969,-0.956873,0.131982,0.296960,-0.780896,0.142981,0.362952,-0.835889,0.153979,-0.417944,1.033862,0.087988,-0.395947,1.088855,0.153979,-0.208972,1.297827,106335,498047,-99,121,8243,-13,-2,-17,648
1780493826.151531,106337,498051,0x0FFF,0.417944,0.505933,-1.000867,0.318958,0.538928,-0.868884,0.208972,0.384949,-0.945874,0.274963,-0.571924,1.187842,0.120984,-0.296960,1.242834,0.032996,-0.197974,1.341821,0.131982,0.318958,-0.923877,0.230969,0.340955,-0.758899,0.065991,0.417944,-0.901880,0.208972,-0.483936,1.000867,0.208972,-0.362952,1.187842,0.087988,-0.197974,1.209839,106335,498047,-99,121,8243,-13,-2,-17,648
1780493826.152778,106338,498053,0x0FFF,0.428943,0.417944,-0.956873,0.296960,0.560925,-0.835889,0.164978,0.296960,-0.868884,0.164978,-0.692908,1.231836,0.131982,-0.329956,1.242834,0.010999,-0.318958,1.352820,0.164978,0.274963,-0.923877,0.208972,0.417944,-0.912878,0.153979,0.406946,-1.055859,0.263965,-0.472937,0.978870,0.142981,-0.318958,1.154846,0.175977,-0.274963,1.242834,106335,498047,-99,121,8243,-13,-2,-17,648
1780493826.155101,106340,498055,0x0FFF,0.494934,0.450940,-1.022864,0.373950,0.538928,-0.945874,0.164978,0.274963,-1.066858,0.208972,-0.648914,1.220837,0.164978,-0.340955,1.198840,-0.032996,-0.219971,1.308826,0.142981,0.329956,-0.890881,0.208972,0.494934,-0.857886,0.219971,0.472937,-0.901880,0.263965,-0.450940,0.989868,0.087988,-0.285962,1.187842,0.252966,-0.230969,1.198840,106339,498054,-98,102,8235,-17,-1,-22,637
1780493826.157423,106341,498058,0x0FFF,0.483936,0.307959,-1.000867,0.318958,0.505933,-0.978870,0.296960,0.395947,-0.912878,0.186975,-0.582922,1.187842,0.109985,-0.384949,1.264832,0.021997,-0.252966,1.253833,0.186975,0.274963,-0.945874,0.219971,0.340955,-0.813892,0.098987,0.428943,-0.890881,0.208972,-0.472937,1.011865,0.197974,-0.285962,1.187842,0.164978,-0.164978,1.187842,106339,498054,-98,102,8235,-17,-1,-22,637
1780493826.159753,106343,498060,0x0FFF,0.450940,0.362952,-0.967871,0.340955,0.516931,-0.934875,0.153979,0.373950,-0.989868,0.285962,-0.604919,1.275830,0.131982,-0.362952,1.231836,0.021997,-0.307959,1.297827,0.131982,0.362952,-0.956873,0.109985,0.439941,-0.901880,0.120984,0.406946,-0.923877,0.219971,-0.461938,0.967871,0.131982,-0.296960,1.110852,0.175977,-0.065991,1.231836,106342,498058,-109,114,8240,-19,-1,-20,637
1780493826.161031,106344,498062,0x0FFF,0.461938,0.252966,-1.066858,0.230969,0.428943,-0.923877,0.252966,0.362952,-0.923877,0.197974,-0.736902,1.253833,0.000000,-0.307959,1.187842,0.054993,-0.395947,1.462805,0.175977,0.351953,-1.011865,0.164978,0.384949,-0.835889,0.032996,0.483936,-0.956873,0.197974,-0.626917,1.000867,0.076990,-0.329956,1.143848,0.120984,-0.263965,1.198840,106342,498058,-109,114,8240,-19,-1,-20,637
1780493826.163360,106345,498064,0x0FFF,0.571924,0.263965,-1.022864,0.307959,0.527930,-0.868884,0.296960,0.296960,-0.945874,0.296960,-0.582922,1.198840,0.076990,-0.329956,1.286829,0.032996,-0.153979,1.330823,0.153979,0.208972,-0.912878,0.065991,0.494934,-0.802893,0.131982,0.406946,-0.989868,0.263965,-0.329956,1.022864,0.087988,-0.307959,1.110852,0.098987,-0.186975,1.198840,106342,498058,-109,114,8240,-19,-1,-20,637
1780493826.165685,106347,498066,0x0FFF,0.384949,0.450940,-1.011865,0.296960,0.472937,-1.033862,0.208972,0.362952,-0.923877,0.131982,-0.604919,1.132849,0.098987,-0.329956,1.143848,-0.032996,-0.285962,1.297827,0.285962,0.329956,-0.901880,0.164978,0.406946,-0.879883,0.131982,0.395947,-1.011865,0.109985,-0.450940,0.967871,0.098987,-0.296960,1.187842,0.175977,-0.098987,1.231836,106346,498064,-98,112,8233,-16,-3,-21,637
1780493826.168014,106348,498068,0x0FFF,0.384949,0.318958,-1.121851,0.340955,0.450940,-0.824890,0.197974,0.406946,-0.945874,0.175977,-0.604919,1.165845,0.000000,-0.318958,1.132849,-0.098987,-0.241968,1.352820,0.186975,0.351953,-0.934875,0.186975,0.384949,-0.835889,0.164978,0.351953,-0.934875,0.241968,-0.417944,1.066858,0.142981,-0.351953,1.099854,0.164978,-0.241968,1.253833,106346,498064,-98,112,8233,-16,-3,-21,637
1780493826.170354,106350,498070,0x0FFF,0.494934,0.307959,-0.934875,0.208972,0.582922,-0.923877,0.274963,0.285962,-0.934875,0.186975,-0.560925,1.143848,0.142981,-0.384949,1.198840,-0.021997,-0.241968,1.286829,0.175977,0.274963,-1.077856,0.175977,0.406946,-0.769897,0.076990,0.406946,-0.945874,0.340955,-0.461938,1.000867,0.164978,-0.318958,1.044861,0.186975,-0.252966,1.099854,106349,498068,-94,123,8229,-15,1,-24,632
1780493826.171658,106351,498072,0x0FFF,0.362952,0.274963,-0.912878,0.318958,0.626917,-0.945874,0.329956,0.373950,-0.945874,0.296960,-0.637915,1.121851,0.131982,-0.395947,1.308826,-0.010999,-0.428943,1.385815,0.263965,0.362952,-0.835889,0.197974,0.384949,-0.846887,0.098987,0.461938,-0.857886,0.175977,-0.373950,0.912878,0.087988,-0.186975,1.132849,0.164978,-0.186975,1.143848,106349,498068,-94,123,8229,-15,1,-24,632
1780493826.175461,106353,498074,0x0FFF,0.516931,0.296960,-1.000867,0.197974,0.505933,-0.912878,0.285962,0.329956,-0.956873,0.241968,-0.703906,1.099854,0.054993,-0.296960,1.253833,0.043994,-0.208972,1.275830,0.230969,0.351953,-1.033862,0.087988,0.362952,-0.824890,0.109985,0.483936,-0.967871,0.230969,-0.450940,1.099854,0.098987,-0.318958,1.110852,0.230969,-0.252966,1.209839,106352,498073,-108,107,8244,-18,-1,-21,644
1780493826.176018,106354,498076,0x0FFF,0.527930,0.340955,-0.989868,0.406946,0.494934,-0.901880,0.252966,0.263965,-0.956873,0.252966,-0.659912,1.242834,0.274963,-0.285962,1.110852,0.076990,-0.340955,1.319824,0.142981,0.329956,-1.022864,0.164978,0.373950,-0.857886,0.087988,0.483936,-1.011865,0.186975,-0.439941,1.066858,0.164978,-0.274963,1.077856,0.285962,-0.131982,1.198840,106352,498073,-108,107,8244,-18,-1,-21,644
1780493826.178613,106355,498078,0x0FFF,0.472937,0.450940,-0.857886,0.351953,0.428943,-0.912878,0.274963,0.351953,-0.791895,0.241968,-0.615918,1.143848,0.153979,-0.373950,1.198840,0.043994,-0.208972,1.297827,0.043994,0.241968,-0.967871,0.285962,0.318958,-0.824890,0.153979,0.417944,-0.846887,0.219971,-0.439941,1.000867,0.142981,-0.318958,1.154846,0.186975,-0.186975,1.209839,106352,498073,-108,107,8244,-18,-1,-21,644
1780493826.180188,106357,498080,0x0FFF,0.428943,0.285962,-1.000867,0.285962,0.483936,-0.967871,0.252966,0.307959,-0.923877,0.351953,-0.703906,1.275830,0.087988,-0.318958,1.187842,0.032996,-0.395947,1.385815,0.142981,0.296960,-0.879883,0.329956,0.450940,-0.747900,0.142981,0.395947,-1.033862,0.307959,-0.505933,1.000867,0.109985,-0.263965,1.099854,0.153979,-0.164978,1.209839,106356,498079,-101,106,8227,-17,-2,-19,643
1780493826.182899,106358,498083,0x0FFF,0.549927,0.219971,-1.000867,0.351953,0.406946,-0.923877,0.318958,0.362952,-0.835889,0.241968,-0.505933,1.187842,0.142981,-0.285962,1.209839,-0.065991,-0.274963,1.330823,0.164978,0.296960,-0.989868,0.197974,0.417944,-0.901880,0.241968,0.439941,-0.824890,0.219971,-0.384949,0.967871,0.120984,-0.307959,1.055859,0.230969,-0.153979,1.220837,106356,498079,-101,106,8227,-17,-2,-19,643
1780493826.184605,106360,498085,0x0FFF,0.351953,0.351953,-0.934875,0.263965,0.439941,-0.912878,0.230969,0.439941,-0.945874,0.241968,-0.527930,1.231836,0.164978,-0.373950,1.253833,0.010999,-0.274963,1.330823,0.153979,0.241968,-1.000867,0.164978,0.439941,-0.725903,0.054993,0.439941,-0.923877,0.131982,-0.351953,0.967871,0.109985,-0.296960,1.033862,0.186975,-0.208972,1.209839,106359,498083,-100,101,8234,-15,-4,-24,632
1780493826.187459,106361,498087,0x0FFF,0.461938,0.318958,-0.989868,0.340955,0.615918,-0.956873,0.307959,0.340955,-0.846887,0.296960,-0.560925,1.154846,0.131982,-0.329956,1.253833,0.076990,-0.252966,1.352820,0.208972,0.340955,-1.110852,0.164978,0.329956,-0.714905,0.043994,0.472937,-0.978870,0.131982,-0.373950,0.967871,0.120984,-0.285962,1.132849,0.241968,-0.285962,1.242834,106359,498083,-100,101,8234,-15,-4,-24,632
1780493826.189415,106362,498089,0x0FFF,0.439941,0.351953,-0.945874,0.197974,0.516931,-0.989868,0.263965,0.362952,-0.868884,0.351953,-0.593921,1.330823,0.098987,-0.285962,1.275830,-0.065991,-0.285962,1.363818,0.120984,0.406946,-0.890881,0.241968,0.417944,-0.802893,0.186975,0.428943,-0.923877,0.208972,-0.362952,0.945874,0.131982,-0.274963,1.121851,0.219971,-0.164978,1.176843,106359,498083,-100,101,8234,-15,-4,-24,632
1780493826.191451,106364,498091,0x0FFF,0.395947,0.329956,-1.055859,0.318958,0.538928,-0.923877,0.285962,0.362952,-0.945874,0.274963,-0.626917,1.231836,0.098987,-0.417944,1.209839,0.076990,-0.274963,1.297827,0.263965,0.274963,-0.813892,0.230969,0.406946,-0.758899,0.219971,0.406946,-0.747900,0.219971,-0.439941,1.011865,0.142981,-0.340955,1.022864,0.175977,-0.175977,1.198840,106363,498089,-98,103,8230,-16,-2,-21,646
